"timeseries_id","site","country","region","feature","pvalue_kstest_logp","kstest_statistic","fdr_corrected_pvalue_logp","ref_group","subject_count","parameter_id"
"ts_1_autogen_original","AAA","AA","A","range",0.49008623188403,0.850746268656716,0.0251618632416944,"global",1,"param1"
"ts_1_autogen_original","AAB","AA","A","range",0.0129649771643675,0.522388059701492,0,"global",1,"param1"
"ts_1_autogen_original","AAC","AA","A","range",0.418034467124463,0.575757575757576,0.0113665069842005,"global",2,"param1"
"ts_1_autogen_original","AAD","AA","A","range",1.23697978853723,0.848484848484848,0.193103370510316,"global",2,"param1"
"ts_1_autogen_original","AAE","AA","A","range",0.374419690514155,0.476923076923077,0.00069334027605901,"global",3,"param1"
"ts_1_autogen_original","AAF","AA","A","range",0.032374038718187,0.287179487179487,0,"global",3,"param1"
"ts_1_autogen_original","AAG","AA","A","range",0.977342478031476,0.787878787878787,0.126338257029451,"global",2,"param1"
"ts_1_autogen_original","ABA","AB","A","range",1.17437907503965,0.521505376344086,0.188549637217649,"global",6,"param1"
"ts_1_autogen_original","BAA","BA","B","range",0.28278431973298,0.390625,0,"global",4,"param1"
"ts_1_autogen_original","BAB","BA","B","range",1.77021181235947,0.578454332552694,0.347812887213724,"global",7,"param1"
"ts_1_autogen_original","BAC","BA","B","range",0.355387657986574,0.791044776119403,0,"global",1,"param1"
"ts_1_autogen_original","BAD","BA","B","range",2.31976515885368,0.892307692307692,0.553000196922018,"global",3,"param1"
"ts_1_autogen_original","BAE","BA","B","range",0.0390729945685641,0.363636363636363,0,"global",2,"param1"
"ts_1_autogen_original","BAG","BA","B","range",0.385350881364017,0.805970149253731,0.00447429403564979,"global",1,"param1"
"ts_1_autogen_original","BBA","BB","B","range",0.151267675330649,0.656716417910448,0,"global",1,"param1"
"ts_1_autogen_original","BBC","BB","B","range",0.103731281035008,0.338461538461538,0,"global",3,"param1"
"ts_1_autogen_original","BBF","BB","B","range",0.0517725684880993,0.378787878787879,0,"global",2,"param1"
"ts_1_autogen_original","BBG","BB","B","range",0.929418925714294,0.955223880597016,0.107337281986791,"global",1,"param1"
"ts_1_autogen_original","CAA","CA","C","range",0.176672255104744,0.384615384615385,0,"global",3,"param1"
"ts_1_autogen_original","CAB","CA","C","range",0.0244546799574902,0.276923076923077,0,"global",3,"param1"
"ts_1_autogen_original","CAC","CA","C","range",0.0278728563233346,0.25,0,"global",4,"param1"
"ts_1_autogen_original","CAD","CA","C","range",0.209259622308336,0.701492537313433,0,"global",1,"param1"
"ts_1_autogen_original","CAE","CA","C","range",0.133538908370217,0.64179104477612,0,"global",1,"param1"
"ts_1_autogen_original","CBA","CB","C","range",30,1,30,"global",1,"param1"
"ts_1_autogen_original","CBB","CB","C","range",1.48725624614745,0.769230769230769,0.292996031982029,"global",3,"param1"
"ts_1_autogen_original","CBC","CB","C","range",0.234325915821596,0.415384615384615,0,"global",3,"param1"
"ts_1_autogen_original","CBE","CB","C","range",0.327358934386331,0.776119402985075,0,"global",1,"param1"
"ts_1_autogen_original","CCA","CC","C","range",0.415139762922891,0.492307692307692,0.0101026370088205,"global",3,"param1"
"ts_1_autogen_original","AAA","AA","A","sd",0.57723640760293,0.880597014925373,0.0262674456157293,"global",1,"param1"
"ts_1_autogen_original","AAB","AA","A","sd",0.0263289387223493,0.537313432835821,0,"global",1,"param1"
"ts_1_autogen_original","AAC","AA","A","sd",0.218304502171474,0.484848484848485,0,"global",2,"param1"
"ts_1_autogen_original","AAD","AA","A","sd",1.73430442934518,0.924242424242424,0.347812887213724,"global",2,"param1"
"ts_1_autogen_original","AAE","AA","A","sd",0.458280532425478,0.507692307692308,0.0188984077743508,"global",3,"param1"
"ts_1_autogen_original","AAF","AA","A","sd",0.0537295584699617,0.307692307692308,0,"global",3,"param1"
"ts_1_autogen_original","AAG","AA","A","sd",0.922984815708882,0.772727272727272,0.106635955363491,"global",2,"param1"
"ts_1_autogen_original","ABA","AB","A","sd",1.08529546664913,0.505376344086022,0.157262076269467,"global",6,"param1"
"ts_1_autogen_original","BAA","BA","B","sd",0.139139418624807,0.328125,0,"global",4,"param1"
"ts_1_autogen_original","BAB","BA","B","sd",1.65098503298516,0.562060889929743,0.31856565931587,"global",7,"param1"
"ts_1_autogen_original","BAC","BA","B","sd",0.452297670994631,0.835820895522388,0.0186112449355192,"global",1,"param1"
"ts_1_autogen_original","BAD","BA","B","sd",3.09791640923733,0.953846153846154,1.14192650893993,"global",3,"param1"
"ts_1_autogen_original","BAE","BA","B","sd",0.0194958443233252,0.333333333333333,0,"global",2,"param1"
"ts_1_autogen_original","BAG","BA","B","sd",0.531478917042256,0.865671641791045,0.0262674456157293,"global",1,"param1"
"ts_1_autogen_original","BBA","BB","B","sd",0.133538908370217,0.64179104477612,0,"global",1,"param1"
"ts_1_autogen_original","BBC","BB","B","sd",0.103731281035008,0.338461538461538,0,"global",3,"param1"
"ts_1_autogen_original","BBF","BB","B","sd",0.0517725684880993,0.378787878787879,0,"global",2,"param1"
"ts_1_autogen_original","BBG","BB","B","sd",1.23044892137827,0.985074626865673,0.193103370510316,"global",1,"param1"
"ts_1_autogen_original","CAA","CA","C","sd",0.176672255104744,0.384615384615385,0,"global",3,"param1"
"ts_1_autogen_original","CAB","CA","C","sd",0.0370297862326632,0.292307692307692,0,"global",3,"param1"
"ts_1_autogen_original","CAC","CA","C","sd",0.0654613066532965,0.28125,0,"global",4,"param1"
"ts_1_autogen_original","CAD","CA","C","sd",0.276206411938949,0.746268656716418,0,"global",1,"param1"
"ts_1_autogen_original","CAE","CA","C","sd",0.133538908370217,0.64179104477612,0,"global",1,"param1"
"ts_1_autogen_original","CBA","CB","C","sd",0.929418925714294,0.955223880597016,0.107337281986791,"global",1,"param1"
"ts_1_autogen_original","CBB","CB","C","sd",1.48725624614745,0.769230769230769,0.292996031982029,"global",3,"param1"
"ts_1_autogen_original","CBC","CB","C","sd",0.234325915821596,0.415384615384615,0,"global",3,"param1"
"ts_1_autogen_original","CBE","CB","C","sd",0.327358934386331,0.776119402985075,0,"global",1,"param1"
"ts_1_autogen_original","CCA","CC","C","sd",0.266110600562935,0.430769230769231,0,"global",3,"param1"
"ts_1_autogen_original","AAA","AA","A","unique_value_count_relative",0.288440868355961,0.492537313432836,0,"global",1,"param1"
"ts_1_autogen_original","AAB","AA","A","unique_value_count_relative",0.0195955560633805,0.0447761194029841,0,"global",1,"param1"
"ts_1_autogen_original","AAC","AA","A","unique_value_count_relative",0.0524174007994422,0.106060606060607,0,"global",2,"param1"
"ts_1_autogen_original","AAD","AA","A","unique_value_count_relative",0.163316971019252,0.257575757575758,0,"global",2,"param1"
"ts_1_autogen_original","AAE","AA","A","unique_value_count_relative",0.619494221497244,0.451282051282051,0.0332318559846906,"global",3,"param1"
"ts_1_autogen_original","AAF","AA","A","unique_value_count_relative",0.0305851290291578,0.0615384615384619,0,"global",3,"param1"
"ts_1_autogen_original","AAG","AA","A","unique_value_count_relative",0.14965018935703,0.242424242424243,0,"global",2,"param1"
"ts_1_autogen_original","ABA","AB","A","unique_value_count_relative",0.95029804631249,0.419354838709677,0.108899466083923,"global",6,"param1"
"ts_1_autogen_original","BAA","BA","B","unique_value_count_relative",0.227526011149949,0.234375,0,"global",4,"param1"
"ts_1_autogen_original","BAB","BA","B","unique_value_count_relative",3.13900369817106,0.697892271662763,1.14192650893993,"global",7,"param1"
"ts_1_autogen_original","BAC","BA","B","unique_value_count_relative",0.0843208857000359,0.17910447761194,0,"global",1,"param1"
"ts_1_autogen_original","BAD","BA","B","unique_value_count_relative",0.343874022451889,0.323076923076923,0,"global",3,"param1"
"ts_1_autogen_original","BAE","BA","B","unique_value_count_relative",0.0804031057792848,0.151515151515152,0,"global",2,"param1"
"ts_1_autogen_original","BAG","BA","B","unique_value_count_relative",0.452297670994631,0.656716417910448,0.0186112449355192,"global",1,"param1"
"ts_1_autogen_original","BBA","BB","B","unique_value_count_relative",0.929418925714294,0.895522388059702,0.107337281986791,"global",1,"param1"
"ts_1_autogen_original","BBC","BB","B","unique_value_count_relative",0.0567508010040088,0.0974358974358974,0,"global",3,"param1"
"ts_1_autogen_original","BBF","BB","B","unique_value_count_relative",0.00653086715895758,0.0151515151515159,0,"global",2,"param1"
"ts_1_autogen_original","BBG","BB","B","unique_value_count_relative",0.40114514854725,0.611940298507463,0.00536527700887336,"global",1,"param1"
"ts_1_autogen_original","CAA","CA","C","unique_value_count_relative",0.0208302507415875,0.0358974358974358,0,"global",3,"param1"
"ts_1_autogen_original","CAB","CA","C","unique_value_count_relative",1.45175783937521,0.692307692307692,0.28130053988242,"global",3,"param1"
"ts_1_autogen_original","CAC","CA","C","unique_value_count_relative",0.496252474571128,0.359375,0.0251618632416944,"global",4,"param1"
"ts_1_autogen_original","CAD","CA","C","unique_value_count_relative",0.32735893438633,0.537313432835821,0,"global",1,"param1"
"ts_1_autogen_original","CAE","CA","C","unique_value_count_relative",0.686380877027999,0.805970149253731,0.0339274995982018,"global",1,"param1"
"ts_1_autogen_original","CBA","CB","C","unique_value_count_relative",0.076634057033745,0.164179104477611,0,"global",1,"param1"
"ts_1_autogen_original","CBB","CB","C","unique_value_count_relative",0.0495328780865749,0.0923076923076923,0,"global",3,"param1"
"ts_1_autogen_original","CBC","CB","C","unique_value_count_relative",0.0714240021844859,0.123076923076923,0,"global",3,"param1"
"ts_1_autogen_original","CBE","CB","C","unique_value_count_relative",0.753327666658612,0.835820895522388,0.0407607672497524,"global",1,"param1"
"ts_1_autogen_original","CCA","CC","C","unique_value_count_relative",0.160674426975479,0.215384615384615,0,"global",3,"param1"
"ts_1_autogen_original","AAA","AA","A","autocorr",0.169751081024662,0.671641791044776,0,"global",1,"param1"
"ts_1_autogen_original","AAB","AA","A","autocorr",0.0129649771643675,0.522388059701493,0,"global",1,"param1"
"ts_1_autogen_original","AAC","AA","A","autocorr",0.126594163994513,0.439393939393939,0,"global",2,"param1"
"ts_1_autogen_original","AAD","AA","A","autocorr",0.0517725684880993,0.378787878787879,0,"global",2,"param1"
"ts_1_autogen_original","AAE","AA","A","autocorr",0.712488894432195,0.584615384615384,0.0363685765390563,"global",3,"param1"
"ts_1_autogen_original","AAF","AA","A","autocorr",0.530831199574089,0.528205128205128,0.0262674456157293,"global",3,"param1"
"ts_1_autogen_original","AAG","AA","A","autocorr",0.871832293261502,0.757575757575757,0.0863851183620843,"global",2,"param1"
"ts_1_autogen_original","ABA","AB","A","autocorr",0.185064614108653,0.290322580645161,0,"global",6,"param1"
"ts_1_autogen_original","BAA","BA","B","autocorr",0.65098751674068,0.5,0.0336037478849755,"global",4,"param1"
"ts_1_autogen_original","BAB","BA","B","autocorr",1.11614427532985,0.480093676814988,0.165795063877108,"global",7,"param1"
"ts_1_autogen_original","BAC","BA","B","autocorr",0.385350881364017,0.805970149253732,0.00447429403564979,"global",1,"param1"
"ts_1_autogen_original","BAD","BA","B","autocorr",1.83784502125225,0.830769230769231,0.372110054984567,"global",3,"param1"
"ts_1_autogen_original","BAE","BA","B","autocorr",0.218304502171474,0.484848484848484,0,"global",2,"param1"
"ts_1_autogen_original","BAG","BA","B","autocorr",0.531478917042256,0.865671641791045,0.0262674456157293,"global",1,"param1"
"ts_1_autogen_original","BBA","BB","B","autocorr",0.355387657986574,0.791044776119403,0,"global",1,"param1"
"ts_1_autogen_original","BBC","BB","B","autocorr",0.299991344462838,0.446153846153846,0,"global",3,"param1"
"ts_1_autogen_original","BBF","BB","B","autocorr",0.183203122263702,0.46969696969697,0,"global",2,"param1"
"ts_1_autogen_original","BBG","BB","B","autocorr",0.100115152883268,0.611940298507463,0,"global",1,"param1"
"ts_1_autogen_original","CAA","CA","C","autocorr",0.771682988333085,0.6,0.0494165256202789,"global",3,"param1"
"ts_1_autogen_original","CAB","CA","C","autocorr",0.284235364342944,0.435897435897436,0,"global",3,"param1"
"ts_1_autogen_original","CAC","CA","C","autocorr",0.111445099862892,0.3125,0,"global",4,"param1"
"ts_1_autogen_original","CAD","CA","C","autocorr",0.151267675330649,0.656716417910448,0,"global",1,"param1"
"ts_1_autogen_original","CAE","CA","C","autocorr",0.0843208857000359,0.597014925373134,0,"global",1,"param1"
"ts_1_autogen_original","CBA","CB","C","autocorr",0.276206411938949,0.746268656716418,0,"global",1,"param1"
"ts_1_autogen_original","CBB","CB","C","autocorr",0.0934445634372731,0.333333333333333,0,"global",3,"param1"
"ts_1_autogen_original","CBC","CB","C","autocorr",0.0244546799574902,0.276923076923077,0,"global",3,"param1"
"ts_1_autogen_original","CBE","CB","C","autocorr",0.452297670994631,0.835820895522389,0.0186112449355192,"global",1,"param1"
"ts_1_autogen_original","CCA","CC","C","autocorr",0.0370297862326632,0.292307692307692,0,"global",3,"param1"
"ts_1_autogen_original","AAA","AA","A","average",0.832508912706236,0.940298507462688,0.0702915785252925,"global",1,"param1"
"ts_1_autogen_original","AAB","AA","A","average",0.301029995663981,0.761194029850746,0,"global",1,"param1"
"ts_1_autogen_original","AAC","AA","A","average",1.50022122331181,0.893939393939394,0.297181719682062,"global",2,"param1"
"ts_1_autogen_original","AAD","AA","A","average",0.333889801545288,0.530303030303031,0,"global",2,"param1"
"ts_1_autogen_original","AAE","AA","A","average",1.21142568406484,0.707692307692307,0.193103370510316,"global",3,"param1"
"ts_1_autogen_original","AAF","AA","A","average",0.234325915821596,0.415384615384615,0,"global",3,"param1"
"ts_1_autogen_original","AAG","AA","A","average",0.218304502171474,0.484848484848485,0,"global",2,"param1"
"ts_1_autogen_original","ABA","AB","A","average",0.681578133750282,0.424731182795698,0.0336626831631327,"global",6,"param1"
"ts_1_autogen_original","BAA","BA","B","average",0.710592307086969,0.515625,0.0363685765390563,"global",4,"param1"
"ts_1_autogen_original","BAB","BA","B","average",0.294928701472571,0.304449648711944,0,"global",7,"param1"
"ts_1_autogen_original","BAC","BA","B","average",1.05435766232259,0.970149253731344,0.149143119891734,"global",1,"param1"
"ts_1_autogen_original","BAD","BA","B","average",1.34204155356483,0.738461538461538,0.225941916394634,"global",3,"param1"
"ts_1_autogen_original","BAE","BA","B","average",1.60936569273688,0.909090909090909,0.314273681644664,"global",2,"param1"
"ts_1_autogen_original","BAG","BA","B","average",0.0690809191432992,0.582089552238806,0,"global",1,"param1"
"ts_1_autogen_original","BBA","BB","B","average",0.49008623188403,0.850746268656716,0.0251618632416944,"global",1,"param1"
"ts_1_autogen_original","BBC","BB","B","average",0.438999189192808,0.497435897435898,0.0131131824839997,"global",3,"param1"
"ts_1_autogen_original","BBF","BB","B","average",0.579402469359438,0.651515151515152,0.0262674456157293,"global",2,"param1"
"ts_1_autogen_original","BBG","BB","B","average",0.0690809191432992,0.582089552238806,0,"global",1,"param1"
"ts_1_autogen_original","CAA","CA","C","average",0.0210030246455227,0.271794871794872,0,"global",3,"param1"
"ts_1_autogen_original","CAB","CA","C","average",0.458280532425478,0.507692307692308,0.0188984077743508,"global",3,"param1"
"ts_1_autogen_original","CAC","CA","C","average",0.65098751674068,0.5,0.0336037478849755,"global",4,"param1"
"ts_1_autogen_original","CAD","CA","C","average",0.230448921378274,0.716417910447761,0,"global",1,"param1"
"ts_1_autogen_original","CAE","CA","C","average",0.301029995663981,0.761194029850747,0,"global",1,"param1"
"ts_1_autogen_original","CBA","CB","C","average",0.531478917042256,0.865671641791045,0.0262674456157293,"global",1,"param1"
"ts_1_autogen_original","CBB","CB","C","average",1.09273589673354,0.676923076923076,0.157807044148301,"global",3,"param1"
"ts_1_autogen_original","CBC","CB","C","average",0.712488894432195,0.584615384615384,0.0363685765390563,"global",3,"param1"
"ts_1_autogen_original","CBE","CB","C","average",1.53147891704225,1,0.308781999460866,"global",1,"param1"
"ts_1_autogen_original","CCA","CC","C","average",0.374419690514155,0.476923076923077,0.00069334027605901,"global",3,"param1"
"ts_1_autogen_original","AAA","AA","A","lof",0.169751081024662,0.671641791044776,0,"global",1,"param1"
"ts_1_autogen_original","AAB","AA","A","lof",0.133538908370217,0.64179104477612,0,"global",1,"param1"
"ts_1_autogen_original","AAC","AA","A","lof",0.183203122263702,0.469696969696969,0,"global",2,"param1"
"ts_1_autogen_original","AAD","AA","A","lof",1.31616103458486,0.863636363636363,0.220032478345276,"global",2,"param1"
"ts_1_autogen_original","AAE","AA","A","lof",0.897750162874217,0.630769230769231,0.094611001679684,"global",3,"param1"
"ts_1_autogen_original","AAF","AA","A","lof",0.0537295584699617,0.307692307692308,0,"global",3,"param1"
"ts_1_autogen_original","AAG","AA","A","lof",0.777770123126272,0.727272727272727,0.0516912228733884,"global",2,"param1"
"ts_1_autogen_original","ABA","AB","A","lof",1.32995398426352,0.548387096774194,0.221451528843838,"global",6,"param1"
"ts_1_autogen_original","BAA","BA","B","lof",0.0654613066532965,0.28125,0,"global",4,"param1"
"ts_1_autogen_original","BAB","BA","B","lof",1.21485402490934,0.496487119437939,0.193103370510316,"global",7,"param1"
"ts_1_autogen_original","BAC","BA","B","lof",0.0543576623225925,0.567164179104478,0,"global",1,"param1"
"ts_1_autogen_original","BAD","BA","B","lof",1.56643749219507,0.784615384615384,0.312316838361072,"global",3,"param1"
"ts_1_autogen_original","BAE","BA","B","lof",0.511216607613276,0.621212121212121,0.0251618632416944,"global",2,"param1"
"ts_1_autogen_original","BAG","BA","B","lof",0.57723640760293,0.880597014925373,0.0262674456157293,"global",1,"param1"
"ts_1_autogen_original","BBA","BB","B","lof",0.116505569071437,0.626865671641791,0,"global",1,"param1"
"ts_1_autogen_original","BBC","BB","B","lof",0.0840684133654941,0.328205128205128,0,"global",3,"param1"
"ts_1_autogen_original","BBF","BB","B","lof",0.00691811148412715,0.303030303030303,0,"global",2,"param1"
"ts_1_autogen_original","BBG","BB","B","lof",0.929418925714294,0.955223880597016,0.107337281986791,"global",1,"param1"
"ts_1_autogen_original","CAA","CA","C","lof",0.299991344462838,0.446153846153846,0,"global",3,"param1"
"ts_1_autogen_original","CAB","CA","C","lof",0.138445707162218,0.358974358974359,0,"global",3,"param1"
"ts_1_autogen_original","CAC","CA","C","lof",0.0155044773316047,0.234375,0,"global",4,"param1"
"ts_1_autogen_original","CAD","CA","C","lof",0.417535564735419,0.82089552238806,0.0113665069842005,"global",1,"param1"
"ts_1_autogen_original","CAE","CA","C","lof",0.832508912706236,0.940298507462687,0.0702915785252925,"global",1,"param1"
"ts_1_autogen_original","CBA","CB","C","lof",0.628388930050311,0.895522388059702,0.0332318559846906,"global",1,"param1"
"ts_1_autogen_original","CBB","CB","C","lof",1.01351889009618,0.651282051282051,0.143931287084673,"global",3,"param1"
"ts_1_autogen_original","CBC","CB","C","lof",0.0934445634372731,0.333333333333333,0,"global",3,"param1"
"ts_1_autogen_original","CBE","CB","C","lof",0,0.507462686567164,0,"global",1,"param1"
"ts_1_autogen_original","CCA","CC","C","lof",0.176672255104744,0.384615384615385,0,"global",3,"param1"
"ts_1_autogen_original","AAC","AA","A","own_site_simil_score",1.5650603397961,0.857142857142858,0.312316838361072,"global",2,"param1"
"ts_1_autogen_original","AAD","AA","A","own_site_simil_score",0.0157845365113537,0.0357142857142857,0,"global",2,"param1"
"ts_1_autogen_original","AAE","AA","A","own_site_simil_score",1.92823824220893,0.8,0.408529504499828,"global",3,"param1"
"ts_1_autogen_original","AAF","AA","A","own_site_simil_score",0.537031616195861,0.418181818181818,0.0262674456157293,"global",3,"param1"
"ts_1_autogen_original","AAG","AA","A","own_site_simil_score",0,1.08246744900953e-15,0,"global",2,"param1"
"ts_1_autogen_original","ABA","AB","A","own_site_simil_score",1.1693936974116,0.467948717948718,0.188549637217649,"global",6,"param1"
"ts_1_autogen_original","BAA","BA","B","own_site_simil_score",0.176992986827132,0.203703703703704,0,"global",4,"param1"
"ts_1_autogen_original","BAB","BA","B","own_site_simil_score",0.25952331324388,0.196078431372549,0,"global",7,"param1"
"ts_1_autogen_original","BAD","BA","B","own_site_simil_score",3.88727963453002,0.981818181818182,1.71682233503723,"global",3,"param1"
"ts_1_autogen_original","BAE","BA","B","own_site_simil_score",1.66197035280416,0.875000000000001,0.31856565931587,"global",2,"param1"
"ts_1_autogen_original","BBC","BB","B","own_site_simil_score",0.0607027665893767,0.109090909090909,0,"global",3,"param1"
"ts_1_autogen_original","BBF","BB","B","own_site_simil_score",0.815152332395628,0.625,0.0614915064241896,"global",2,"param1"
"ts_1_autogen_original","CAA","CA","C","own_site_simil_score",0.0369704298976419,0.0727272727272727,0,"global",3,"param1"
"ts_1_autogen_original","CAB","CA","C","own_site_simil_score",0.8174266134164,0.527272727272727,0.0614915064241896,"global",3,"param1"
"ts_1_autogen_original","CAC","CA","C","own_site_simil_score",0.0849052582259545,0.12962962962963,0,"global",4,"param1"
"ts_1_autogen_original","CBB","CB","C","own_site_simil_score",0.763427993562938,0.509090909090909,0.0462890341171829,"global",3,"param1"
"ts_1_autogen_original","CBC","CB","C","own_site_simil_score",0.0483361422095455,0.0909090909090909,0,"global",3,"param1"
"ts_1_autogen_original","CCA","CC","C","own_site_simil_score",0.308010638768252,0.309090909090909,0,"global",3,"param1"
"ts_2_autogen_original","AAA","AA","A","range",0.0649166948667224,0.390243902439024,0,"global",2,"param1"
"ts_2_autogen_original","AAB","AA","A","range",0.0434656937810902,0.554216867469879,0,"global",1,"param1"
"ts_2_autogen_original","AAC","AA","A","range",0.0126904852741502,0.259259259259259,0,"global",3,"param1"
"ts_2_autogen_original","AAD","AA","A","range",1.34920278441951,0.865853658536586,0.227963507596901,"global",2,"param1"
"ts_2_autogen_original","AAE","AA","A","range",0.435724702273677,0.4375,0.0127673990831244,"global",4,"param1"
"ts_2_autogen_original","AAF","AA","A","range",0.0885542489343155,0.333333333333333,0,"global",3,"param1"
"ts_2_autogen_original","AAG","AA","A","range",0.388311863874315,0.481481481481481,0.00536527700887336,"global",3,"param1"
"ts_2_autogen_original","ABA","AB","A","range",0.97238099998913,0.454545454545454,0.122762089513871,"global",7,"param1"
"ts_2_autogen_original","ABB","AB","A","range",0.371479179130665,0.548780487804878,0,"global",2,"param1"
"ts_2_autogen_original","BAA","BA","B","range",0.0548362549104035,0.230769230769231,0,"global",6,"param1"
"ts_2_autogen_original","BAB","BA","B","range",2.14662366521562,0.623376623376624,0.496476472842917,"global",7,"param1"
"ts_2_autogen_original","BAC","BA","B","range",0.800388305044774,0.731707317073171,0.0606421590179606,"global",2,"param1"
"ts_2_autogen_original","BAD","BA","B","range",2.59880873872642,0.91358024691358,0.743621874012221,"global",3,"param1"
"ts_2_autogen_original","BAE","BA","B","range",0.0529314610468449,0.378048780487805,0,"global",2,"param1"
"ts_2_autogen_original","BAF","BA","B","range",0,0.506024096385542,0,"global",1,"param1"
"ts_2_autogen_original","BAG","BA","B","range",0.477121254719663,0.843373493975904,0.0251618632416944,"global",1,"param1"
"ts_2_autogen_original","BBA","BB","B","range",0.225309281725863,0.710843373493976,0,"global",1,"param1"
"ts_2_autogen_original","BBC","BB","B","range",0.0680755746880498,0.320987654320988,0,"global",3,"param1"
"ts_2_autogen_original","BBF","BB","B","range",0.173437572287481,0.382716049382716,0,"global",3,"param1"
"ts_2_autogen_original","BBG","BB","B","range",0.174971461747955,0.463414634146342,0,"global",2,"param1"
"ts_2_autogen_original","CAA","CA","C","range",0.0885542489343155,0.333333333333333,0,"global",3,"param1"
"ts_2_autogen_original","CAB","CA","C","range",0.0274299253138028,0.283950617283951,0,"global",3,"param1"
"ts_2_autogen_original","CAC","CA","C","range",0.0461405226142294,0.2625,0,"global",4,"param1"
"ts_2_autogen_original","CAD","CA","C","range",0.602808130155355,0.658536585365854,0.0307496357642197,"global",2,"param1"
"ts_2_autogen_original","CAE","CA","C","range",0.160851292498945,0.662650602409639,0,"global",1,"param1"
"ts_2_autogen_original","CBA","CB","C","range",30,1,30,"global",1,"param1"
"ts_2_autogen_original","CBB","CB","C","range",1.62108513343757,0.790123456790123,0.315929260047325,"global",3,"param1"
"ts_2_autogen_original","CBC","CB","C","range",0.219110508657164,0.407407407407407,0,"global",3,"param1"
"ts_2_autogen_original","CBD","CB","C","range",0.367976785294595,0.795180722891566,0,"global",1,"param1"
"ts_2_autogen_original","CBE","CB","C","range",1.00830127671784,0.792682926829268,0.143931287084673,"global",2,"param1"
"ts_2_autogen_original","CCA","CC","C","range",0.421705306289886,0.493827160493827,0.0121728552062265,"global",3,"param1"
"ts_2_autogen_original","AAA","AA","A","sd",0.129698862229599,0.439024390243902,0,"global",2,"param1"
"ts_2_autogen_original","AAB","AA","A","sd",0.0321846833714015,0.542168674698795,0,"global",1,"param1"
"ts_2_autogen_original","AAC","AA","A","sd",0.0126904852741502,0.259259259259259,0,"global",3,"param1"
"ts_2_autogen_original","AAD","AA","A","sd",1.79413935576777,0.926829268292684,0.347812887213724,"global",2,"param1"
"ts_2_autogen_original","AAE","AA","A","sd",0.435724702273677,0.4375,0.0127673990831244,"global",4,"param1"
"ts_2_autogen_original","AAF","AA","A","sd",0.0380853398086847,0.296296296296296,0,"global",3,"param1"
"ts_2_autogen_original","AAG","AA","A","sd",0.356474403313515,0.469135802469136,0,"global",3,"param1"
"ts_2_autogen_original","ABA","AB","A","sd",0.901540380926614,0.441558441558441,0.0953212971690142,"global",7,"param1"
"ts_2_autogen_original","ABB","AB","A","sd",0.492334525853831,0.609756097560976,0.0251618632416944,"global",2,"param1"
"ts_2_autogen_original","BAA","BA","B","sd",0.00812017625155994,0.17948717948718,0,"global",6,"param1"
"ts_2_autogen_original","BAB","BA","B","sd",1.933600758575,0.597402597402598,0.408529504499828,"global",7,"param1"
"ts_2_autogen_original","BAC","BA","B","sd",0.838176865934175,0.74390243902439,0.0714119040025108,"global",2,"param1"
"ts_2_autogen_original","BAD","BA","B","sd",3.37695998911007,0.962962962962963,1.35156591212564,"global",3,"param1"
"ts_2_autogen_original","BAE","BA","B","sd",0.042365517177784,0.365853658536586,0,"global",2,"param1"
"ts_2_autogen_original","BAF","BA","B","sd",0.0550475663309054,0.566265060240964,0,"global",1,"param1"
"ts_2_autogen_original","BAG","BA","B","sd",0.623249290397901,0.891566265060241,0.0332318559846906,"global",1,"param1"
"ts_2_autogen_original","BBA","BB","B","sd",0.191885526238914,0.686746987951808,0,"global",1,"param1"
"ts_2_autogen_original","BBC","BB","B","sd",0.0885542489343155,0.333333333333333,0,"global",3,"param1"
"ts_2_autogen_original","BBF","BB","B","sd",0.132509679974637,0.358024691358025,0,"global",3,"param1"
"ts_2_autogen_original","BBG","BB","B","sd",0.39434206209017,0.560975609756098,0.00536527700887336,"global",2,"param1"
"ts_2_autogen_original","CAA","CA","C","sd",0.0885542489343155,0.333333333333333,0,"global",3,"param1"
"ts_2_autogen_original","CAB","CA","C","sd",0.0126904852741502,0.259259259259259,0,"global",3,"param1"
"ts_2_autogen_original","CAC","CA","C","sd",0.0461405226142294,0.2625,0,"global",4,"param1"
"ts_2_autogen_original","CAD","CA","C","sd",0.573844434220039,0.646341463414634,0.0262674456157293,"global",2,"param1"
"ts_2_autogen_original","CAE","CA","C","sd",0.176091259055682,0.674698795180723,0,"global",1,"param1"
"ts_2_autogen_original","CBA","CB","C","sd",1.02118929906994,0.963855421686748,0.145932451580403,"global",1,"param1"
"ts_2_autogen_original","CBB","CB","C","sd",1.76629982602019,0.814814814814815,0.347812887213724,"global",3,"param1"
"ts_2_autogen_original","CBC","CB","C","sd",0.195659608843246,0.395061728395062,0,"global",3,"param1"
"ts_2_autogen_original","CBD","CB","C","sd",0.32221929473392,0.771084337349398,0,"global",1,"param1"
"ts_2_autogen_original","CBE","CB","C","sd",0.800388305044774,0.731707317073171,0.0606421590179606,"global",2,"param1"
"ts_2_autogen_original","CCA","CC","C","sd",0.219110508657164,0.407407407407407,0,"global",3,"param1"
"ts_2_autogen_original","AAA","AA","A","unique_value_count_relative",0.0697171851779296,0.134146341463414,0,"global",2,"param1"
"ts_2_autogen_original","AAB","AA","A","unique_value_count_relative",0.118099312077994,0.240963855421686,0,"global",1,"param1"
"ts_2_autogen_original","AAC","AA","A","unique_value_count_relative",0.0109855674074676,0.0246913580246893,0,"global",3,"param1"
"ts_2_autogen_original","AAD","AA","A","unique_value_count_relative",0.695372057754151,0.560975609756097,0.0363685765390563,"global",2,"param1"
"ts_2_autogen_original","AAE","AA","A","unique_value_count_relative",0.654167682770627,0.4125,0.0336037478849755,"global",4,"param1"
"ts_2_autogen_original","AAF","AA","A","unique_value_count_relative",0.257877390177676,0.283950617283951,0,"global",3,"param1"
"ts_2_autogen_original","AAG","AA","A","unique_value_count_relative",0.151431030625355,0.209876543209877,0,"global",3,"param1"
"ts_2_autogen_original","ABA","AB","A","unique_value_count_relative",1.50331308415908,0.493506493506493,0.297181719682062,"global",7,"param1"
"ts_2_autogen_original","ABB","AB","A","unique_value_count_relative",0,-5.55111512312578e-16,0,"global",2,"param1"
"ts_2_autogen_original","BAA","BA","B","unique_value_count_relative",0.482954243063983,0.294871794871795,0.0251618632416944,"global",6,"param1"
"ts_2_autogen_original","BAB","BA","B","unique_value_count_relative",0.877009827528001,0.376623376623377,0.0867637697468146,"global",7,"param1"
"ts_2_autogen_original","BAC","BA","B","unique_value_count_relative",0.212726134417456,0.304878048780487,0,"global",2,"param1"
"ts_2_autogen_original","BAD","BA","B","unique_value_count_relative",0.0613779547801242,0.11111111111111,0,"global",3,"param1"
"ts_2_autogen_original","BAE","BA","B","unique_value_count_relative",0.903838125819338,0.658536585365854,0.095826643037314,"global",2,"param1"
"ts_2_autogen_original","BAF","BA","B","unique_value_count_relative",0.509305938091065,0.698795180722892,0.0251618632416944,"global",1,"param1"
"ts_2_autogen_original","BAG","BA","B","unique_value_count_relative",1.07918124604762,0.927710843373494,0.157262076269467,"global",1,"param1"
"ts_2_autogen_original","BBA","BB","B","unique_value_count_relative",0.098204483361055,0.204819277108433,0,"global",1,"param1"
"ts_2_autogen_original","BBC","BB","B","unique_value_count_relative",0.217152256140635,0.259259259259259,0,"global",3,"param1"
"ts_2_autogen_original","BBF","BB","B","unique_value_count_relative",0.395775851711712,0.345679012345679,0.00536527700887336,"global",3,"param1"
"ts_2_autogen_original","BBG","BB","B","unique_value_count_relative",0.00526423999235708,0.0121951219512189,0,"global",2,"param1"
"ts_2_autogen_original","CAA","CA","C","unique_value_count_relative",0.872353218468113,0.54320987654321,0.0863851183620843,"global",3,"param1"
"ts_2_autogen_original","CAB","CA","C","unique_value_count_relative",0.0901443756734798,0.148148148148148,0,"global",3,"param1"
"ts_2_autogen_original","CAC","CA","C","unique_value_count_relative",0.119565586318855,0.1625,0,"global",4,"param1"
"ts_2_autogen_original","CAD","CA","C","unique_value_count_relative",0.094084970139535,0.170731707317073,0,"global",2,"param1"
"ts_2_autogen_original","CAE","CA","C","unique_value_count_relative",0.160851292498944,0.313253012048192,0,"global",1,"param1"
"ts_2_autogen_original","CBA","CB","C","unique_value_count_relative",0.290810830482295,0.493975903614458,0,"global",1,"param1"
"ts_2_autogen_original","CBB","CB","C","unique_value_count_relative",0.0448296845810524,0.0864197530864197,0,"global",3,"param1"
"ts_2_autogen_original","CBC","CB","C","unique_value_count_relative",0.689119018709402,0.481481481481481,0.0339274995982018,"global",3,"param1"
"ts_2_autogen_original","CBD","CB","C","unique_value_count_relative",1.6232492903979,0.987951807228916,0.315929260047325,"global",1,"param1"
"ts_2_autogen_original","CBE","CB","C","unique_value_count_relative",0.467876663819383,0.463414634146341,0.0219242798918879,"global",2,"param1"
"ts_2_autogen_original","CCA","CC","C","unique_value_count_relative",0.596354683271097,0.444444444444444,0.0288160906549592,"global",3,"param1"
"ts_2_autogen_original","AAA","AA","A","autocorr",0.0649166948667224,0.390243902439024,0,"global",2,"param1"
"ts_2_autogen_original","AAB","AA","A","autocorr",0.010465433678165,0.518072289156627,0,"global",1,"param1"
"ts_2_autogen_original","AAC","AA","A","autocorr",0.219110508657164,0.407407407407407,0,"global",3,"param1"
"ts_2_autogen_original","AAD","AA","A","autocorr",0.042365517177784,0.365853658536586,0,"global",2,"param1"
"ts_2_autogen_original","AAE","AA","A","autocorr",1.07729937345337,0.6,0.157262076269467,"global",4,"param1"
"ts_2_autogen_original","AAF","AA","A","autocorr",0.571323222804132,0.54320987654321,0.0262674456157293,"global",3,"param1"
"ts_2_autogen_original","AAG","AA","A","autocorr",0.531427871616491,0.530864197530864,0.0262674456157293,"global",3,"param1"
"ts_2_autogen_original","ABA","AB","A","autocorr",0.576398877131245,0.376623376623377,0.0262674456157293,"global",7,"param1"
"ts_2_autogen_original","ABB","AB","A","autocorr",0.00450828770070018,0.292682926829268,0,"global",2,"param1"
"ts_2_autogen_original","BAA","BA","B","autocorr",0.853401686494649,0.461538461538461,0.0796238328638807,"global",6,"param1"
"ts_2_autogen_original","BAB","BA","B","autocorr",1.12276963120439,0.48051948051948,0.169138148208595,"global",7,"param1"
"ts_2_autogen_original","BAC","BA","B","autocorr",0.201883267933856,0.475609756097561,0,"global",2,"param1"
"ts_2_autogen_original","BAD","BA","B","autocorr",1.92980195776785,0.839506172839505,0.408529504499828,"global",3,"param1"
"ts_2_autogen_original","BAE","BA","B","autocorr",0.232271645023083,0.487804878048781,0,"global",2,"param1"
"ts_2_autogen_original","BAF","BA","B","autocorr",0.0321846833714015,0.542168674698795,0,"global",1,"param1"
"ts_2_autogen_original","BAG","BA","B","autocorr",0.581856605239675,0.879518072289158,0.0262674456157293,"global",1,"param1"
"ts_2_autogen_original","BBA","BB","B","autocorr",0.392800369019626,0.807228915662651,0.00536527700887336,"global",1,"param1"
"ts_2_autogen_original","BBC","BB","B","autocorr",0.269885757697997,0.432098765432099,0,"global",3,"param1"
"ts_2_autogen_original","BBF","BB","B","autocorr",0.113726450670577,0.345679012345679,0,"global",3,"param1"
"ts_2_autogen_original","BBG","BB","B","autocorr",0.545815710619796,0.634146341463415,0.0262674456157293,"global",2,"param1"
"ts_2_autogen_original","CAA","CA","C","autocorr",0.79866468398924,0.604938271604939,0.0606421590179606,"global",3,"param1"
"ts_2_autogen_original","CAB","CA","C","autocorr",0.297308512036221,0.444444444444444,0,"global",3,"param1"
"ts_2_autogen_original","CAC","CA","C","autocorr",0.163100007761093,0.3375,0,"global",4,"param1"
"ts_2_autogen_original","CAD","CA","C","autocorr",0.129698862229599,0.439024390243903,0,"global",2,"param1"
"ts_2_autogen_original","CAE","CA","C","autocorr",0.0917703733556456,0.602409638554217,0,"global",1,"param1"
"ts_2_autogen_original","CBA","CB","C","autocorr",0.301029995663981,0.759036144578313,0,"global",1,"param1"
"ts_2_autogen_original","CBB","CB","C","autocorr",0.0885542489343155,0.333333333333333,0,"global",3,"param1"
"ts_2_autogen_original","CBC","CB","C","autocorr",0.0126904852741502,0.259259259259259,0,"global",3,"param1"
"ts_2_autogen_original","CBD","CB","C","autocorr",0.509305938091065,0.855421686746989,0.0251618632416944,"global",1,"param1"
"ts_2_autogen_original","CBE","CB","C","autocorr",1.2822559947889,0.853658536585366,0.209493718048065,"global",2,"param1"
"ts_2_autogen_original","CCA","CC","C","autocorr",0.0190822898801934,0.271604938271605,0,"global",3,"param1"
"ts_2_autogen_original","AAA","AA","A","average",0.0784343937880669,0.402439024390244,0,"global",2,"param1"
"ts_2_autogen_original","AAB","AA","A","average",0.301029995663981,0.759036144578313,0,"global",1,"param1"
"ts_2_autogen_original","AAC","AA","A","average",2.33556730395184,0.888888888888889,0.557220469470362,"global",3,"param1"
"ts_2_autogen_original","AAD","AA","A","average",0.349202784419512,0.536585365853658,0,"global",2,"param1"
"ts_2_autogen_original","AAE","AA","A","average",1.55577815305613,0.6875,0.312316838361072,"global",4,"param1"
"ts_2_autogen_original","AAF","AA","A","average",0.173437572287481,0.382716049382716,0,"global",3,"param1"
"ts_2_autogen_original","AAG","AA","A","average",0.0514648505458022,0.308641975308642,0,"global",3,"param1"
"ts_2_autogen_original","ABA","AB","A","average",0.7656105893437,0.415584415584416,0.046427887387959,"global",7,"param1"
"ts_2_autogen_original","ABB","AB","A","average",0.174971461747955,0.463414634146341,0,"global",2,"param1"
"ts_2_autogen_original","BAA","BA","B","average",0.0380988090250505,0.217948717948718,0,"global",6,"param1"
"ts_2_autogen_original","BAB","BA","B","average",0.359495254830116,0.324675324675325,0,"global",7,"param1"
"ts_2_autogen_original","BAC","BA","B","average",0.72941402613112,0.707317073170732,0.0363685765390563,"global",2,"param1"
"ts_2_autogen_original","BAD","BA","B","average",1.37177947660629,0.740740740740741,0.23936315177096,"global",3,"param1"
"ts_2_autogen_original","BAE","BA","B","average",1.58808487333465,0.902439024390244,0.314273681644664,"global",2,"param1"
"ts_2_autogen_original","BAF","BA","B","average",0.0321846833714015,0.542168674698795,0,"global",1,"param1"
"ts_2_autogen_original","BAG","BA","B","average",0.0550475663309054,0.566265060240964,0,"global",1,"param1"
"ts_2_autogen_original","BBA","BB","B","average",0.477121254719663,0.843373493975904,0.0251618632416944,"global",1,"param1"
"ts_2_autogen_original","BBC","BB","B","average",0.356474403313515,0.469135802469136,0,"global",3,"param1"
"ts_2_autogen_original","BBF","BB","B","average",0.702007041061502,0.580246913580247,0.0363685765390563,"global",3,"param1"
"ts_2_autogen_original","BBG","BB","B","average",0.518663464576182,0.621951219512195,0.0251618632416944,"global",2,"param1"
"ts_2_autogen_original","CAA","CA","C","average",0.0126904852741502,0.259259259259259,0,"global",3,"param1"
"ts_2_autogen_original","CAB","CA","C","average",0.421705306289886,0.493827160493827,0.0121728552062265,"global",3,"param1"
"ts_2_autogen_original","CAC","CA","C","average",0.665913428165949,0.5,0.0336037478849755,"global",4,"param1"
"ts_2_autogen_original","CAD","CA","C","average",0.69599027064417,0.695121951219513,0.0363685765390563,"global",2,"param1"
"ts_2_autogen_original","CAE","CA","C","average",0.280826609575694,0.746987951807229,0,"global",1,"param1"
"ts_2_autogen_original","CBA","CB","C","average",0.509305938091065,0.855421686746988,0.0251618632416944,"global",1,"param1"
"ts_2_autogen_original","CBB","CB","C","average",1.01016360582334,0.654320987654322,0.143931287084673,"global",3,"param1"
"ts_2_autogen_original","CBC","CB","C","average",0.656552588306958,0.567901234567902,0.0336037478849755,"global",3,"param1"
"ts_2_autogen_original","CBD","CB","C","average",1.02118929906994,0.963855421686747,0.145932451580403,"global",1,"param1"
"ts_2_autogen_original","CBE","CB","C","average",0.232271645023083,0.48780487804878,0,"global",2,"param1"
"ts_2_autogen_original","CCA","CC","C","average",0.326155041296606,0.45679012345679,0,"global",3,"param1"
"ts_2_autogen_original","AAA","AA","A","lof",0.306294235656338,0.512195121951219,0,"global",2,"param1"
"ts_2_autogen_original","AAB","AA","A","lof",0.0321846833714015,0.542168674698795,0,"global",1,"param1"
"ts_2_autogen_original","AAC","AA","A","lof",0.421705306289886,0.493827160493827,0.0121728552062265,"global",3,"param1"
"ts_2_autogen_original","AAD","AA","A","lof",1.58808487333465,0.902439024390244,0.314273681644664,"global",2,"param1"
"ts_2_autogen_original","AAE","AA","A","lof",0.570214058687062,0.475,0.0262674456157293,"global",4,"param1"
"ts_2_autogen_original","AAF","AA","A","lof",0.0126904852741502,0.259259259259259,0,"global",3,"param1"
"ts_2_autogen_original","AAG","AA","A","lof",0.656552588306958,0.567901234567902,0.0336037478849755,"global",3,"param1"
"ts_2_autogen_original","ABA","AB","A","lof",0.576398877131245,0.376623376623376,0.0262674456157293,"global",7,"param1"
"ts_2_autogen_original","ABB","AB","A","lof",0.545815710619796,0.634146341463415,0.0262674456157293,"global",2,"param1"
"ts_2_autogen_original","BAA","BA","B","lof",4.37628518883093e-06,0.115384615384615,0,"global",6,"param1"
"ts_2_autogen_original","BAB","BA","B","lof",1.63980835259957,0.558441558441559,0.31856565931587,"global",7,"param1"
"ts_2_autogen_original","BAC","BA","B","lof",0.632771353532798,0.670731707317073,0.0332318559846906,"global",2,"param1"
"ts_2_autogen_original","BAD","BA","B","lof",1.76629982602019,0.814814814814815,0.347812887213724,"global",3,"param1"
"ts_2_autogen_original","BAE","BA","B","lof",0.441956837656412,0.585365853658537,0.0150093028920486,"global",2,"param1"
"ts_2_autogen_original","BAF","BA","B","lof",0.131887596563628,0.63855421686747,0,"global",1,"param1"
"ts_2_autogen_original","BAG","BA","B","lof",0.778151250383643,0.927710843373494,0.0516912228733884,"global",1,"param1"
"ts_2_autogen_original","BBA","BB","B","lof",0.191885526238914,0.686746987951808,0,"global",1,"param1"
"ts_2_autogen_original","BBC","BB","B","lof",0.173437572287481,0.382716049382716,0,"global",3,"param1"
"ts_2_autogen_original","BBF","BB","B","lof",0.132509679974637,0.358024691358025,0,"global",3,"param1"
"ts_2_autogen_original","BBG","BB","B","lof",0.174971461747955,0.463414634146342,0,"global",2,"param1"
"ts_2_autogen_original","CAA","CA","C","lof",0.0885542489343155,0.333333333333333,0,"global",3,"param1"
"ts_2_autogen_original","CAB","CA","C","lof",0.113726450670577,0.345679012345679,0,"global",3,"param1"
"ts_2_autogen_original","CAC","CA","C","lof",0.0192180165733036,0.2375,0,"global",4,"param1"
"ts_2_autogen_original","CAD","CA","C","lof",0.492334525853831,0.609756097560976,0.0251618632416944,"global",2,"param1"
"ts_2_autogen_original","CAE","CA","C","lof",1.32221929473392,0.987951807228916,0.220032478345276,"global",1,"param1"
"ts_2_autogen_original","CBA","CB","C","lof",0.778151250383643,0.927710843373495,0.0516912228733884,"global",1,"param1"
"ts_2_autogen_original","CBB","CB","C","lof",1.01016360582334,0.654320987654321,0.143931287084673,"global",3,"param1"
"ts_2_autogen_original","CBC","CB","C","lof",0.0680755746880498,0.320987654320988,0,"global",3,"param1"
"ts_2_autogen_original","CBD","CB","C","lof",0.0211892990699382,0.530120481927711,0,"global",1,"param1"
"ts_2_autogen_original","CBE","CB","C","lof",0.441956837656412,0.585365853658536,0.0150093028920486,"global",2,"param1"
"ts_2_autogen_original","CCA","CC","C","lof",0.0126904852741502,0.259259259259259,0,"global",3,"param1"
"ts_2_autogen_original","AAA","AA","A","own_site_simil_score",0.0315457800095341,0.0666666666666667,0,"global",2,"param1"
"ts_2_autogen_original","AAC","AA","A","own_site_simil_score",0.910696249016338,0.554054054054054,0.0986016044208026,"global",3,"param1"
"ts_2_autogen_original","AAD","AA","A","own_site_simil_score",0.0247362830871311,0.0533333333333333,0,"global",2,"param1"
"ts_2_autogen_original","AAE","AA","A","own_site_simil_score",2.18155709992903,0.739726027397261,0.508671925722172,"global",4,"param1"
"ts_2_autogen_original","AAF","AA","A","own_site_simil_score",0.57058663869531,0.432432432432432,0.0262674456157293,"global",3,"param1"
"ts_2_autogen_original","AAG","AA","A","own_site_simil_score",0,-1.02695629777827e-15,0,"global",3,"param1"
"ts_2_autogen_original","ABA","AB","A","own_site_simil_score",2.01554733520682,0.571428571428571,0.433388616672377,"global",7,"param1"
"ts_2_autogen_original","ABB","AB","A","own_site_simil_score",0.0386259506023594,0.08,0,"global",2,"param1"
"ts_2_autogen_original","BAA","BA","B","own_site_simil_score",0.156722013251771,0.154929577464789,0,"global",6,"param1"
"ts_2_autogen_original","BAB","BA","B","own_site_simil_score",0.416900821827105,0.257142857142857,0.0113665069842005,"global",7,"param1"
"ts_2_autogen_original","BAC","BA","B","own_site_simil_score",1.02536523972407,0.706666666666666,0.145932451580403,"global",2,"param1"
"ts_2_autogen_original","BAD","BA","B","own_site_simil_score",4.86421433046133,0.999999999999999,2.36276381192711,"global",3,"param1"
"ts_2_autogen_original","BAE","BA","B","own_site_simil_score",2.14405502705537,0.933333333333332,0.496476472842917,"global",2,"param1"
"ts_2_autogen_original","BBC","BB","B","own_site_simil_score",0.117619048543527,0.175675675675676,0,"global",3,"param1"
"ts_2_autogen_original","BBF","BB","B","own_site_simil_score",1.95252417170747,0.797297297297296,0.408529504499828,"global",3,"param1"
"ts_2_autogen_original","BBG","BB","B","own_site_simil_score",0.0118868546423366,0.0266666666666667,0,"global",2,"param1"
"ts_2_autogen_original","CAA","CA","C","own_site_simil_score",0.0511940837165554,0.0945945945945946,0,"global",3,"param1"
"ts_2_autogen_original","CAB","CA","C","own_site_simil_score",1.05939365174017,0.594594594594594,0.149143119891734,"global",3,"param1"
"ts_2_autogen_original","CAC","CA","C","own_site_simil_score",0.125259026955238,0.164383561643836,0,"global",4,"param1"
"ts_2_autogen_original","CAD","CA","C","own_site_simil_score",0.481297195373799,0.466666666666666,0.0251618632416944,"global",2,"param1"
"ts_2_autogen_original","CBB","CB","C","own_site_simil_score",1.00760626202439,0.58108108108108,0.143931287084673,"global",3,"param1"
"ts_2_autogen_original","CBC","CB","C","own_site_simil_score",0.0705286917971241,0.121621621621622,0,"global",3,"param1"
"ts_2_autogen_original","CBE","CB","C","own_site_simil_score",0.00582753790857143,0.0133333333333333,0,"global",2,"param1"
"ts_2_autogen_original","CCA","CC","C","own_site_simil_score",0.432014951708024,0.364864864864865,0.0124009956470054,"global",3,"param1"
"ts_3_autogen_original","AAA","AA","A","range",0.112895430934649,0.424242424242424,0,"global",2,"param1"
"ts_3_autogen_original","AAB","AA","A","range",0.0220501407430744,0.53,0,"global",1,"param1"
"ts_3_autogen_original","AAC","AA","A","range",0.0202716445531669,0.268707482993197,0,"global",3,"param1"
"ts_3_autogen_original","AAD","AA","A","range",1.16926527206253,0.828282828282827,0.188549637217649,"global",2,"param1"
"ts_3_autogen_original","AAE","AA","A","range",0.553020172399713,0.463917525773196,0.0262674456157293,"global",4,"param1"
"ts_3_autogen_original","AAF","AA","A","range",0.0589960551506263,0.30952380952381,0,"global",3,"param1"
"ts_3_autogen_original","AAG","AA","A","range",0.30523557302362,0.4421768707483,0,"global",3,"param1"
"ts_3_autogen_original","ABA","AB","A","range",1.02252726300123,0.430107526881721,0.145932451580403,"global",8,"param1"
"ts_3_autogen_original","ABB","AB","A","range",0.283540943009038,0.381443298969072,0,"global",4,"param1"
"ts_3_autogen_original","BAA","BA","B","range",0.105767924047332,0.235562310030395,0,"global",7,"param1"
"ts_3_autogen_original","BAB","BA","B","range",2.47149747419805,0.616935483870967,0.669016959999847,"global",8,"param1"
"ts_3_autogen_original","BAC","BA","B","range",0.856954265988856,0.747474747474747,0.079953019733145,"global",2,"param1"
"ts_3_autogen_original","BAD","BA","B","range",2.57835264151036,0.908163265306122,0.736954061281794,"global",3,"param1"
"ts_3_autogen_original","BAE","BA","B","range",0.496939863821142,0.513605442176871,0.0251618632416944,"global",3,"param1"
"ts_3_autogen_original","BAF","BA","B","range",0.33185406071456,0.525252525252525,0,"global",2,"param1"
"ts_3_autogen_original","BAG","BA","B","range",0.499171395462736,0.85,0.0251618632416944,"global",1,"param1"
"ts_3_autogen_original","BBA","BB","B","range",0.198141399798756,0.69,0,"global",1,"param1"
"ts_3_autogen_original","BBB","BB","B","range",0.703291378118661,0.91,0.0363685765390563,"global",1,"param1"
"ts_3_autogen_original","BBC","BB","B","range",0.054585488872902,0.306122448979592,0,"global",3,"param1"
"ts_3_autogen_original","BBF","BB","B","range",0.229693830209599,0.360824742268041,0,"global",4,"param1"
"ts_3_autogen_original","BBG","BB","B","range",0.0726666726211643,0.278350515463917,0,"global",4,"param1"
"ts_3_autogen_original","CAA","CA","C","range",0.136354183978456,0.357142857142857,0,"global",3,"param1"
"ts_3_autogen_original","CAB","CA","C","range",0.0273298284764921,0.27891156462585,0,"global",3,"param1"
"ts_3_autogen_original","CAC","CA","C","range",0.0191807944175708,0.231958762886598,0,"global",4,"param1"
"ts_3_autogen_original","CAD","CA","C","range",0.340620448392995,0.459183673469388,0,"global",3,"param1"
"ts_3_autogen_original","CAE","CA","C","range",0.184777438240774,0.68,0,"global",1,"param1"
"ts_3_autogen_original","CBA","CB","C","range",1.86387047099609,0.826530612244899,0.386553632178597,"global",3,"param1"
"ts_3_autogen_original","CBB","CB","C","range",0.892428195929425,0.554123711340206,0.0924223008590819,"global",4,"param1"
"ts_3_autogen_original","CBC","CB","C","range",0.0248499247497559,0.214583333333333,0,"global",5,"param1"
"ts_3_autogen_original","CBD","CB","C","range",0.40226138245468,0.81,0.00536527700887336,"global",1,"param1"
"ts_3_autogen_original","CBE","CB","C","range",1.08004208772076,0.808080808080808,0.157262076269467,"global",2,"param1"
"ts_3_autogen_original","CCA","CC","C","range",0.366249821214808,0.469387755102041,0,"global",3,"param1"
"ts_3_autogen_original","AAA","AA","A","sd",0.20997276988656,0.474747474747475,0,"global",2,"param1"
"ts_3_autogen_original","AAB","AA","A","sd",0.0598387016324741,0.57,0,"global",1,"param1"
"ts_3_autogen_original","AAC","AA","A","sd",0.00576351757792484,0.23469387755102,0,"global",3,"param1"
"ts_3_autogen_original","AAD","AA","A","sd",1.5101667797642,0.888888888888887,0.300338788372132,"global",2,"param1"
"ts_3_autogen_original","AAE","AA","A","sd",0.553020172399713,0.463917525773196,0.0262674456157293,"global",4,"param1"
"ts_3_autogen_original","AAF","AA","A","sd",0.054585488872902,0.306122448979592,0,"global",3,"param1"
"ts_3_autogen_original","AAG","AA","A","sd",0.282001620783879,0.431972789115647,0,"global",3,"param1"
"ts_3_autogen_original","ABA","AB","A","sd",0.717696883741823,0.376344086021506,0.0363685765390563,"global",8,"param1"
"ts_3_autogen_original","ABB","AB","A","sd",0.374660919928751,0.412371134020619,0.00069334027605901,"global",4,"param1"
"ts_3_autogen_original","BAA","BA","B","sd",0.0245791577179485,0.18693009118541,0,"global",7,"param1"
"ts_3_autogen_original","BAB","BA","B","sd",2.27038570529558,0.595430107526881,0.549683822706568,"global",8,"param1"
"ts_3_autogen_original","BAC","BA","B","sd",0.856954265988856,0.747474747474747,0.079953019733145,"global",2,"param1"
"ts_3_autogen_original","BAD","BA","B","sd",3.61974532666859,0.969387755102041,1.55195036907294,"global",3,"param1"
"ts_3_autogen_original","BAE","BA","B","sd",0.436781732950862,0.493197278911565,0.0127673990831244,"global",3,"param1"
"ts_3_autogen_original","BAF","BA","B","sd",0.467258231001025,0.595959595959596,0.0219242798918879,"global",2,"param1"
"ts_3_autogen_original","BAG","BA","B","sd",0.624110132071036,0.89,0.0332318559846906,"global",1,"param1"
"ts_3_autogen_original","BBA","BB","B","sd",0.171812461076406,0.67,0,"global",1,"param1"
"ts_3_autogen_original","BBB","BB","B","sd",0.858193338104403,0.94,0.079953019733145,"global",1,"param1"
"ts_3_autogen_original","BBC","BB","B","sd",0.0464384869351996,0.299319727891157,0,"global",3,"param1"
"ts_3_autogen_original","BBF","BB","B","sd",0.181696947604249,0.34020618556701,0,"global",4,"param1"
"ts_3_autogen_original","BBG","BB","B","sd",0.0552725076421798,0.265463917525773,0,"global",4,"param1"
"ts_3_autogen_original","CAA","CA","C","sd",0.152929587593682,0.36734693877551,0,"global",3,"param1"
"ts_3_autogen_original","CAB","CA","C","sd",0.0273298284764921,0.27891156462585,0,"global",3,"param1"
"ts_3_autogen_original","CAC","CA","C","sd",0.00897612573228726,0.213917525773196,0,"global",4,"param1"
"ts_3_autogen_original","CAD","CA","C","sd",0.4794730356394,0.510204081632653,0.0251618632416944,"global",3,"param1"
"ts_3_autogen_original","CAE","CA","C","sd",0.198141399798756,0.69,0,"global",1,"param1"
"ts_3_autogen_original","CBA","CB","C","sd",2.70329137811866,0.918367346938776,0.83386407428985,"global",3,"param1"
"ts_3_autogen_original","CBB","CB","C","sd",0.981898358934154,0.574742268041237,0.128110189412518,"global",4,"param1"
"ts_3_autogen_original","CBC","CB","C","sd",0.0344160691586477,0.225,0,"global",5,"param1"
"ts_3_autogen_original","CBD","CB","C","sd",0.360868697296455,0.79,0,"global",1,"param1"
"ts_3_autogen_original","CBE","CB","C","sd",0.824769582617454,0.737373737373737,0.0636817535774807,"global",2,"param1"
"ts_3_autogen_original","CCA","CC","C","sd",0.170293927089329,0.377551020408164,0,"global",3,"param1"
"ts_3_autogen_original","AAA","AA","A","unique_value_count_relative",0.56498867995238,0.494949494949495,0.0262674456157293,"global",2,"param1"
"ts_3_autogen_original","AAB","AA","A","unique_value_count_relative",0.0549313671377299,0.119999999999999,0,"global",1,"param1"
"ts_3_autogen_original","AAC","AA","A","unique_value_count_relative",0.333580880015066,0.316326530612245,0,"global",3,"param1"
"ts_3_autogen_original","AAD","AA","A","unique_value_count_relative",0.153063025063567,0.242424242424243,0,"global",2,"param1"
"ts_3_autogen_original","AAE","AA","A","unique_value_count_relative",0.177388763302031,0.198453608247423,0,"global",4,"param1"
"ts_3_autogen_original","AAF","AA","A","unique_value_count_relative",0.241084021515422,0.268707482993197,0,"global",3,"param1"
"ts_3_autogen_original","AAG","AA","A","unique_value_count_relative",0.604763018083105,0.442176870748299,0.0307496357642197,"global",3,"param1"
"ts_3_autogen_original","ABA","AB","A","unique_value_count_relative",0.743229176834203,0.31989247311828,0.0383516598107564,"global",8,"param1"
"ts_3_autogen_original","ABB","AB","A","unique_value_count_relative",0.0538445249881885,0.0902061855670103,0,"global",4,"param1"
"ts_3_autogen_original","BAA","BA","B","unique_value_count_relative",0.645060119514414,0.314589665653495,0.0332318559846906,"global",7,"param1"
"ts_3_autogen_original","BAB","BA","B","unique_value_count_relative",0.299815100682253,0.196236559139785,0,"global",8,"param1"
"ts_3_autogen_original","BAC","BA","B","unique_value_count_relative",0.506838836415273,0.474747474747475,0.0251618632416944,"global",2,"param1"
"ts_3_autogen_original","BAD","BA","B","unique_value_count_relative",0.0880748513720005,0.142857142857142,0,"global",3,"param1"
"ts_3_autogen_original","BAE","BA","B","unique_value_count_relative",1.27663227182265,0.642857142857143,0.208264201362821,"global",3,"param1"
"ts_3_autogen_original","BAF","BA","B","unique_value_count_relative",0.615155289418109,0.515151515151515,0.0332318559846906,"global",2,"param1"
"ts_3_autogen_original","BAG","BA","B","unique_value_count_relative",0.106694282492201,0.22,0,"global",1,"param1"
"ts_3_autogen_original","BBA","BB","B","unique_value_count_relative",0.153063025063567,0.3,0,"global",1,"param1"
"ts_3_autogen_original","BBB","BB","B","unique_value_count_relative",0.925140127735017,0.89,0.107337281986791,"global",1,"param1"
"ts_3_autogen_original","BBC","BB","B","unique_value_count_relative",0.116182742140066,0.173469387755102,0,"global",3,"param1"
"ts_3_autogen_original","BBF","BB","B","unique_value_count_relative",0.152764436080763,0.18298969072165,0,"global",4,"param1"
"ts_3_autogen_original","BBG","BB","B","unique_value_count_relative",0.292678453141887,0.255154639175258,0,"global",4,"param1"
"ts_3_autogen_original","CAA","CA","C","unique_value_count_relative",0.269526391527973,0.285714285714285,0,"global",3,"param1"
"ts_3_autogen_original","CAB","CA","C","unique_value_count_relative",0.00922356377267181,0.0204081632653054,0,"global",3,"param1"
"ts_3_autogen_original","CAC","CA","C","unique_value_count_relative",0.432016026521607,0.324742268041237,0.0124009956470054,"global",4,"param1"
"ts_3_autogen_original","CAD","CA","C","unique_value_count_relative",0.132345321612098,0.187074829931972,0,"global",3,"param1"
"ts_3_autogen_original","CAE","CA","C","unique_value_count_relative",0.263958684288398,0.46,0,"global",1,"param1"
"ts_3_autogen_original","CBA","CB","C","unique_value_count_relative",0.319530397522047,0.309523809523809,0,"global",3,"param1"
"ts_3_autogen_original","CBB","CB","C","unique_value_count_relative",0.0597544732255892,0.095360824742268,0,"global",4,"param1"
"ts_3_autogen_original","CBC","CB","C","unique_value_count_relative",0.523256398701603,0.327083333333333,0.0251618632416944,"global",5,"param1"
"ts_3_autogen_original","CBD","CB","C","unique_value_count_relative",0.0958363549039928,0.2,0,"global",1,"param1"
"ts_3_autogen_original","CBE","CB","C","unique_value_count_relative",0.0392137879335865,0.0808080808080819,0,"global",2,"param1"
"ts_3_autogen_original","CCA","CC","C","unique_value_count_relative",0.289356921728638,0.295918367346938,0,"global",3,"param1"
"ts_3_autogen_original","AAA","AA","A","autocorr",0.0791124523706388,0.398989898989899,0,"global",2,"param1"
"ts_3_autogen_original","AAB","AA","A","autocorr",0.0405335464370877,0.55,0,"global",1,"param1"
"ts_3_autogen_original","AAC","AA","A","autocorr",0.179694666667537,0.380952380952381,0,"global",3,"param1"
"ts_3_autogen_original","AAD","AA","A","autocorr",0.0225933484210265,0.333333333333333,0,"global",2,"param1"
"ts_3_autogen_original","AAE","AA","A","autocorr",1.00189162210479,0.577319587628866,0.139807638467427,"global",4,"param1"
"ts_3_autogen_original","AAF","AA","A","autocorr",0.436781732950862,0.493197278911565,0.0127673990831244,"global",3,"param1"
"ts_3_autogen_original","AAG","AA","A","autocorr",0.510504358080383,0.520408163265306,0.0251618632416944,"global",3,"param1"
"ts_3_autogen_original","ABA","AB","A","autocorr",0.484502589992157,0.327956989247312,0.0251618632416944,"global",8,"param1"
"ts_3_autogen_original","ABB","AB","A","autocorr",0.221371240517231,0.358247422680412,0,"global",4,"param1"
"ts_3_autogen_original","BAA","BA","B","autocorr",0.387606264232912,0.325227963525836,0.00531733588128676,"global",7,"param1"
"ts_3_autogen_original","BAB","BA","B","autocorr",1.80989988167975,0.541666666666667,0.353507309624974,"global",8,"param1"
"ts_3_autogen_original","BAC","BA","B","autocorr",0.146265655732278,0.444444444444445,0,"global",2,"param1"
"ts_3_autogen_original","BAD","BA","B","autocorr",2.26276392567546,0.877551020408163,0.549683822706568,"global",3,"param1"
"ts_3_autogen_original","BAE","BA","B","autocorr",0.668262095916292,0.564625850340137,0.0336037478849755,"global",3,"param1"
"ts_3_autogen_original","BAF","BA","B","autocorr",0.349952282807356,0.535353535353535,0,"global",2,"param1"
"ts_3_autogen_original","BAG","BA","B","autocorr",0.472842456740387,0.84,0.0233709014013333,"global",1,"param1"
"ts_3_autogen_original","BBA","BB","B","autocorr",0.323080136407056,0.77,0,"global",1,"param1"
"ts_3_autogen_original","BBB","BB","B","autocorr",0.159223333768386,0.66,0,"global",1,"param1"
"ts_3_autogen_original","BBC","BB","B","autocorr",0.207482230700041,0.397959183673469,0,"global",3,"param1"
"ts_3_autogen_original","BBF","BB","B","autocorr",0.139624527668815,0.319587628865979,0,"global",4,"param1"
"ts_3_autogen_original","BBG","BB","B","autocorr",0.363710275480615,0.40979381443299,0,"global",4,"param1"
"ts_3_autogen_original","CAA","CA","C","autocorr",0.721870922875835,0.581632653061225,0.0363685765390563,"global",3,"param1"
"ts_3_autogen_original","CAB","CA","C","autocorr",0.380990621641885,0.472789115646258,0.00245777708705316,"global",3,"param1"
"ts_3_autogen_original","CAC","CA","C","autocorr",0.229693830209599,0.360824742268041,0,"global",4,"param1"
"ts_3_autogen_original","CAD","CA","C","autocorr",0.207482230700041,0.39795918367347,0,"global",3,"param1"
"ts_3_autogen_original","CAE","CA","C","autocorr",0.0698229225390751,0.58,0,"global",1,"param1"
"ts_3_autogen_original","CBA","CB","C","autocorr",0.161814253030231,0.370748299319728,0,"global",3,"param1"
"ts_3_autogen_original","CBB","CB","C","autocorr",0.153140958195367,0.327319587628866,0,"global",4,"param1"
"ts_3_autogen_original","CBC","CB","C","autocorr",0.137479247732501,0.289583333333333,0,"global",5,"param1"
"ts_3_autogen_original","CBD","CB","C","autocorr",0.40226138245468,0.81,0.00536527700887336,"global",1,"param1"
"ts_3_autogen_original","CBE","CB","C","autocorr",1.74904886867934,0.919191919191918,0.347812887213724,"global",2,"param1"
"ts_3_autogen_original","CCA","CC","C","autocorr",0.00888562556375437,0.244897959183674,0,"global",3,"param1"
"ts_3_autogen_original","AAA","AA","A","average",0.0791124523706388,0.398989898989899,0,"global",2,"param1"
"ts_3_autogen_original","AAB","AA","A","average",0.288318030147843,0.75,0,"global",1,"param1"
"ts_3_autogen_original","AAC","AA","A","average",2.26276392567546,0.877551020408163,0.549683822706568,"global",3,"param1"
"ts_3_autogen_original","AAD","AA","A","average",0.33185406071456,0.525252525252525,0,"global",2,"param1"
"ts_3_autogen_original","AAE","AA","A","average",1.54723284093298,0.68041237113402,0.312316838361072,"global",4,"param1"
"ts_3_autogen_original","AAF","AA","A","average",0.188470038915853,0.387755102040817,0,"global",3,"param1"
"ts_3_autogen_original","AAG","AA","A","average",0.063702273698589,0.312925170068028,0,"global",3,"param1"
"ts_3_autogen_original","ABA","AB","A","average",0.492483412434851,0.330645161290323,0.0251618632416944,"global",8,"param1"
"ts_3_autogen_original","ABB","AB","A","average",0.0113121914863293,0.219072164948453,0,"global",4,"param1"
"ts_3_autogen_original","BAA","BA","B","average",0.0628063503526129,0.214285714285714,0,"global",7,"param1"
"ts_3_autogen_original","BAB","BA","B","average",0.649265101787325,0.362903225806452,0.0334988189052406,"global",8,"param1"
"ts_3_autogen_original","BAC","BA","B","average",0.706779705964484,0.696969696969696,0.0363685765390563,"global",2,"param1"
"ts_3_autogen_original","BAD","BA","B","average",1.35800677931605,0.73469387755102,0.230540930484712,"global",3,"param1"
"ts_3_autogen_original","BAE","BA","B","average",1.26804562626332,0.714285714285714,0.204798296418395,"global",3,"param1"
"ts_3_autogen_original","BAF","BA","B","average",0.20997276988656,0.474747474747475,0,"global",2,"param1"
"ts_3_autogen_original","BAG","BA","B","average",0.0800420877207613,0.59,0,"global",1,"param1"
"ts_3_autogen_original","BBA","BB","B","average",0.472842456740387,0.84,0.0233709014013333,"global",1,"param1"
"ts_3_autogen_original","BBB","BB","B","average",0.557163342440424,0.87,0.0262674456157293,"global",1,"param1"
"ts_3_autogen_original","BBC","BB","B","average",0.354703333394869,0.462585034013606,0,"global",3,"param1"
"ts_3_autogen_original","BBF","BB","B","average",0.174408688759884,0.337628865979381,0,"global",4,"param1"
"ts_3_autogen_original","BBG","BB","B","average",0.247062474105763,0.368556701030928,0,"global",4,"param1"
"ts_3_autogen_original","CAA","CA","C","average",0.00490609071067559,0.231292517006803,0,"global",3,"param1"
"ts_3_autogen_original","CAB","CA","C","average",0.449534966697968,0.5,0.0173295652689348,"global",3,"param1"
"ts_3_autogen_original","CAC","CA","C","average",0.654420730405849,0.492268041237113,0.0336037478849755,"global",4,"param1"
"ts_3_autogen_original","CAD","CA","C","average",0.610570733434562,0.551020408163266,0.0307496357642197,"global",3,"param1"
"ts_3_autogen_original","CAE","CA","C","average",0.271927613959674,0.74,0,"global",1,"param1"
"ts_3_autogen_original","CBA","CB","C","average",0.721870922875835,0.581632653061224,0.0363685765390563,"global",3,"param1"
"ts_3_autogen_original","CBB","CB","C","average",1.42568428978588,0.65979381443299,0.271761454936903,"global",4,"param1"
"ts_3_autogen_original","CBC","CB","C","average",0.0137929578963129,0.2,0,"global",5,"param1"
"ts_3_autogen_original","CBD","CB","C","average",0.925140127735017,0.95,0.107337281986791,"global",1,"param1"
"ts_3_autogen_original","CBE","CB","C","average",0.198005703974529,0.46969696969697,0,"global",2,"param1"
"ts_3_autogen_original","CCA","CC","C","average",0.340620448392995,0.459183673469388,0,"global",3,"param1"
"ts_3_autogen_original","AAA","AA","A","lof",0.426370246052887,0.575757575757575,0.0124009956470054,"global",2,"param1"
"ts_3_autogen_original","AAB","AA","A","lof",0.0500788643433177,0.56,0,"global",1,"param1"
"ts_3_autogen_original","AAC","AA","A","lof",0.449534966697968,0.5,0.0173295652689348,"global",3,"param1"
"ts_3_autogen_original","AAD","AA","A","lof",1.38107208338474,0.868686868686867,0.23936315177096,"global",2,"param1"
"ts_3_autogen_original","AAE","AA","A","lof",0.465145616710137,0.440721649484536,0.0219242798918879,"global",4,"param1"
"ts_3_autogen_original","AAF","AA","A","lof",0.054585488872902,0.306122448979592,0,"global",3,"param1"
"ts_3_autogen_original","AAG","AA","A","lof",0.88755267566232,0.622448979591837,0.0899395231199018,"global",3,"param1"
"ts_3_autogen_original","ABA","AB","A","lof",0.717696883741823,0.376344086021506,0.0363685765390563,"global",8,"param1"
"ts_3_autogen_original","ABB","AB","A","lof",0.27419156937744,0.378865979381444,0,"global",4,"param1"
"ts_3_autogen_original","BAA","BA","B","lof",0.0458974903928959,0.203647416413374,0,"global",7,"param1"
"ts_3_autogen_original","BAB","BA","B","lof",1.89743072164083,0.552419354838709,0.394612403189179,"global",8,"param1"
"ts_3_autogen_original","BAC","BA","B","lof",0.763772125500044,0.717171717171717,0.0462890341171829,"global",2,"param1"
"ts_3_autogen_original","BAD","BA","B","lof",1.40543142924419,0.744897959183673,0.254782523104947,"global",3,"param1"
"ts_3_autogen_original","BAE","BA","B","lof",0.282001620783879,0.431972789115647,0,"global",3,"param1"
"ts_3_autogen_original","BAF","BA","B","lof",0.578787153284379,0.646464646464646,0.0262674456157293,"global",2,"param1"
"ts_3_autogen_original","BAG","BA","B","lof",0.424537777165833,0.82,0.0123256375863778,"global",1,"param1"
"ts_3_autogen_original","BBA","BB","B","lof",0.226170123398999,0.71,0,"global",1,"param1"
"ts_3_autogen_original","BBB","BB","B","lof",0.925140127735017,0.95,0.107337281986791,"global",1,"param1"
"ts_3_autogen_original","BBC","BB","B","lof",0.19840057325648,0.391156462585034,0,"global",3,"param1"
"ts_3_autogen_original","BBF","BB","B","lof",0.114955563271219,0.306701030927835,0,"global",4,"param1"
"ts_3_autogen_original","BBG","BB","B","lof",0.0173613971623393,0.229381443298969,0,"global",4,"param1"
"ts_3_autogen_original","CAA","CA","C","lof",0.0855319556233279,0.326530612244898,0,"global",3,"param1"
"ts_3_autogen_original","CAB","CA","C","lof",0.112895430934649,0.340136054421768,0,"global",3,"param1"
"ts_3_autogen_original","CAC","CA","C","lof",0.00055176449986363,0.170103092783505,0,"global",4,"param1"
"ts_3_autogen_original","CAD","CA","C","lof",0.646386526782188,0.561224489795919,0.0332318559846906,"global",3,"param1"
"ts_3_autogen_original","CAE","CA","C","lof",0.499171395462736,0.85,0.0251618632416944,"global",1,"param1"
"ts_3_autogen_original","CBA","CB","C","lof",2.00908516357871,0.846938775510205,0.433388616672377,"global",3,"param1"
"ts_3_autogen_original","CBB","CB","C","lof",0.239593915358717,0.365979381443299,0,"global",4,"param1"
"ts_3_autogen_original","CBC","CB","C","lof",0.00785556904134313,0.189583333333333,0,"global",5,"param1"
"ts_3_autogen_original","CBD","CB","C","lof",0.0311935201829438,0.54,0,"global",1,"param1"
"ts_3_autogen_original","CBE","CB","C","lof",0.5101667797642,0.616161616161616,0.0251618632416944,"global",2,"param1"
"ts_3_autogen_original","CCA","CC","C","lof",0.0101242416974102,0.248299319727891,0,"global",3,"param1"
"ts_3_autogen_original","AAA","AA","A","own_site_simil_score",0.030519387348957,0.0645161290322581,0,"global",2,"param1"
"ts_3_autogen_original","AAC","AA","A","own_site_simil_score",1.31349086838439,0.652173913043479,0.219983510736711,"global",3,"param1"
"ts_3_autogen_original","AAD","AA","A","own_site_simil_score",0.0196988203652534,0.043010752688172,0,"global",2,"param1"
"ts_3_autogen_original","AAE","AA","A","own_site_simil_score",2.9145272246977,0.835164835164834,1.03037666404819,"global",4,"param1"
"ts_3_autogen_original","AAF","AA","A","own_site_simil_score",0.813722047755697,0.521739130434782,0.0614915064241896,"global",3,"param1"
"ts_3_autogen_original","AAG","AA","A","own_site_simil_score",0,-5.13478148889135e-16,0,"global",3,"param1"
"ts_3_autogen_original","ABA","AB","A","own_site_simil_score",1.308853494416,0.428160919540229,0.219983510736711,"global",8,"param1"
"ts_3_autogen_original","ABB","AB","A","own_site_simil_score",0.101503903459218,0.142857142857143,0,"global",4,"param1"
"ts_3_autogen_original","BAA","BA","B","own_site_simil_score",0.317497643407314,0.215909090909091,0,"global",7,"param1"
"ts_3_autogen_original","BAB","BA","B","own_site_simil_score",0.599520573004669,0.28735632183908,0.0303988368455061,"global",8,"param1"
"ts_3_autogen_original","BAC","BA","B","own_site_simil_score",1.24670094204875,0.774193548387096,0.193103370510316,"global",2,"param1"
"ts_3_autogen_original","BAD","BA","B","own_site_simil_score",30,1,30,"global",3,"param1"
"ts_3_autogen_original","BAE","BA","B","own_site_simil_score",0.200696555802228,0.242753623188406,0,"global",3,"param1"
"ts_3_autogen_original","BAF","BA","B","own_site_simil_score",1.75772686053409,0.881720430107526,0.347812887213724,"global",2,"param1"
"ts_3_autogen_original","BBC","BB","B","own_site_simil_score",0.0692643466950315,0.119565217391304,0,"global",3,"param1"
"ts_3_autogen_original","BBF","BB","B","own_site_simil_score",0.64823580604354,0.406593406593407,0.0332760126818043,"global",4,"param1"
"ts_3_autogen_original","BBG","BB","B","own_site_simil_score",0.0284878325976519,0.054945054945055,0,"global",4,"param1"
"ts_3_autogen_original","CAA","CA","C","own_site_simil_score",0.0394498268261992,0.0760869565217391,0,"global",3,"param1"
"ts_3_autogen_original","CAB","CA","C","own_site_simil_score",1.44570148056864,0.684782608695653,0.278129869313336,"global",3,"param1"
"ts_3_autogen_original","CAC","CA","C","own_site_simil_score",0.0899316183657986,0.131868131868132,0,"global",4,"param1"
"ts_3_autogen_original","CAD","CA","C","own_site_simil_score",2.08427830572237,0.815217391304349,0.453733090808691,"global",3,"param1"
"ts_3_autogen_original","CBA","CB","C","own_site_simil_score",0.0612244962907134,0.108695652173913,0,"global",3,"param1"
"ts_3_autogen_original","CBB","CB","C","own_site_simil_score",1.16947379513467,0.54945054945055,0.188549637217649,"global",4,"param1"
"ts_3_autogen_original","CBC","CB","C","own_site_simil_score",0.188049851578468,0.188888888888889,0,"global",5,"param1"
"ts_3_autogen_original","CBE","CB","C","own_site_simil_score",0.00469406396617404,0.010752688172043,0,"global",2,"param1"
"ts_3_autogen_original","CCA","CC","C","own_site_simil_score",0.606205693597288,0.445652173913043,0.0307496357642197,"global",3,"param1"
"ts_4_autogen_original","AAA","AA","A","range",0.381782069710869,0.474074074074074,0.00278148738125743,"global",3,"param1"
"ts_4_autogen_original","AAB","AA","A","range",0.443041962305724,0.496296296296297,0.0150093028920486,"global",3,"param1"
"ts_4_autogen_original","AAC","AA","A","range",0.141544782679142,0.32089552238806,0,"global",4,"param1"
"ts_4_autogen_original","AAD","AA","A","range",0.632761044548853,0.555555555555556,0.0332318559846906,"global",3,"param1"
"ts_4_autogen_original","AAE","AA","A","range",0.33911034693658,0.333333333333333,0,"global",6,"param1"
"ts_4_autogen_original","AAF","AA","A","range",0.517133179063171,0.409022556390977,0.0251618632416944,"global",5,"param1"
"ts_4_autogen_original","AAG","AA","A","range",0.0702468877261076,0.318518518518519,0,"global",3,"param1"
"ts_4_autogen_original","ABA","AB","A","range",0.717917971169688,0.354005167958655,0.0363685765390563,"global",9,"param1"
"ts_4_autogen_original","ABB","AB","A","range",0.302702456121849,0.388059701492538,0,"global",4,"param1"
"ts_4_autogen_original","BAA","BA","B","range",0.0470333728147046,0.202835332606325,0,"global",7,"param1"
"ts_4_autogen_original","BAB","BA","B","range",1.92256915034207,0.521963824289407,0.408529504499828,"global",9,"param1"
"ts_4_autogen_original","BAC","BA","B","range",1.59408295423181,0.777777777777777,0.314273681644664,"global",3,"param1"
"ts_4_autogen_original","BAD","BA","B","range",1.52638596458148,0.61203007518797,0.306942204397818,"global",5,"param1"
"ts_4_autogen_original","BAE","BA","B","range",0.532893951771118,0.525925925925927,0.0262674456157293,"global",3,"param1"
"ts_4_autogen_original","BAF","BA","B","range",0.606796180730829,0.548148148148148,0.0307496357642197,"global",3,"param1"
"ts_4_autogen_original","BAG","BA","B","range",1.39578606127685,0.86764705882353,0.247894589682801,"global",2,"param1"
"ts_4_autogen_original","BBA","BB","B","range",0.205380635157669,0.693430656934306,0,"global",1,"param1"
"ts_4_autogen_original","BBB","BB","B","range",0.0850368659659173,0.404411764705882,0,"global",2,"param1"
"ts_4_autogen_original","BBC","BB","B","range",0.540428675353096,0.386363636363636,0.0262674456157293,"global",6,"param1"
"ts_4_autogen_original","BBD","BB","B","range",0.166751232801538,0.664233576642335,0,"global",1,"param1"
"ts_4_autogen_original","BBE","BB","B","range",0.0606978403536114,0.569343065693431,0,"global",1,"param1"
"ts_4_autogen_original","BBF","BB","B","range",0.581507017886554,0.54074074074074,0.0262674456157293,"global",3,"param1"
"ts_4_autogen_original","BBG","BB","B","range",0.0643077320112464,0.24812030075188,0,"global",5,"param1"
"ts_4_autogen_original","CAA","CA","C","range",0.146632209372475,0.362962962962963,0,"global",3,"param1"
"ts_4_autogen_original","CAB","CA","C","range",0.0516006930181906,0.239097744360902,0,"global",5,"param1"
"ts_4_autogen_original","CAC","CA","C","range",0.540428675353096,0.386363636363636,0.0262674456157293,"global",6,"param1"
"ts_4_autogen_original","CAD","CA","C","range",0.113433738464762,0.257575757575758,0,"global",6,"param1"
"ts_4_autogen_original","CAE","CA","C","range",0.236789099409293,0.715328467153285,0,"global",1,"param1"
"ts_4_autogen_original","CBA","CB","C","range",1.06316376367619,0.492424242424242,0.151184109161914,"global",6,"param1"
"ts_4_autogen_original","CBB","CB","C","range",1.05521030680696,0.585820895522388,0.149143119891734,"global",4,"param1"
"ts_4_autogen_original","CBC","CB","C","range",0.0823349337721353,0.242424242424242,0,"global",6,"param1"
"ts_4_autogen_original","CBD","CB","C","range",0.159032038891707,0.37037037037037,0,"global",3,"param1"
"ts_4_autogen_original","CBE","CB","C","range",0.171885251864939,0.335820895522388,0,"global",4,"param1"
"ts_4_autogen_original","CCA","CC","C","range",0.0228370273760693,0.274074074074074,0,"global",3,"param1"
"ts_4_autogen_original","AAA","AA","A","sd",0.532893951771118,0.525925925925925,0.0262674456157293,"global",3,"param1"
"ts_4_autogen_original","AAB","AA","A","sd",0.290905113978025,0.437037037037038,0,"global",3,"param1"
"ts_4_autogen_original","AAC","AA","A","sd",0.0687483945906742,0.276119402985074,0,"global",4,"param1"
"ts_4_autogen_original","AAD","AA","A","sd",0.659414230617662,0.562962962962964,0.0336037478849755,"global",3,"param1"
"ts_4_autogen_original","AAE","AA","A","sd",0.365985308679532,0.340909090909091,0,"global",6,"param1"
"ts_4_autogen_original","AAF","AA","A","sd",0.281939265435966,0.341353383458647,0,"global",5,"param1"
"ts_4_autogen_original","AAG","AA","A","sd",0.0962477300733958,0.333333333333334,0,"global",3,"param1"
"ts_4_autogen_original","ABA","AB","A","sd",0.580713521419855,0.328165374677003,0.0262674456157293,"global",9,"param1"
"ts_4_autogen_original","ABB","AB","A","sd",0.261498949795207,0.373134328358209,0,"global",4,"param1"
"ts_4_autogen_original","BAA","BA","B","sd",0.0144637239148407,0.172300981461287,0,"global",7,"param1"
"ts_4_autogen_original","BAB","BA","B","sd",2.27950493426271,0.560723514211887,0.549683822706568,"global",9,"param1"
"ts_4_autogen_original","BAC","BA","B","sd",1.63547563939004,0.785185185185185,0.318310858526774,"global",3,"param1"
"ts_4_autogen_original","BAD","BA","B","sd",1.62115595299572,0.627067669172932,0.315929260047325,"global",5,"param1"
"ts_4_autogen_original","BAE","BA","B","sd",0.556878515127718,0.533333333333334,0.0262674456157293,"global",3,"param1"
"ts_4_autogen_original","BAF","BA","B","sd",0.961927094071082,0.637037037037037,0.117711924085824,"global",3,"param1"
"ts_4_autogen_original","BAG","BA","B","sd",1.59535841618206,0.897058823529412,0.314273681644664,"global",2,"param1"
"ts_4_autogen_original","BBA","BB","B","sd",0.122845747102456,0.627737226277372,0,"global",1,"param1"
"ts_4_autogen_original","BBB","BB","B","sd",0.127257354266378,0.433823529411765,0,"global",2,"param1"
"ts_4_autogen_original","BBC","BB","B","sd",0.709998797261571,0.424242424242424,0.0363685765390563,"global",6,"param1"
"ts_4_autogen_original","BBD","BB","B","sd",0.22606523401752,0.708029197080291,0,"global",1,"param1"
"ts_4_autogen_original","BBE","BB","B","sd",0.00634017803101883,0.510948905109489,0,"global",1,"param1"
"ts_4_autogen_original","BBF","BB","B","sd",0.486784687944379,0.511111111111111,0.0251618632416944,"global",3,"param1"
"ts_4_autogen_original","BBG","BB","B","sd",0.0949076064584106,0.266165413533835,0,"global",5,"param1"
"ts_4_autogen_original","CAA","CA","C","sd",0.185114767531934,0.385185185185185,0,"global",3,"param1"
"ts_4_autogen_original","CAB","CA","C","sd",0.0983258672037911,0.269172932330827,0,"global",5,"param1"
"ts_4_autogen_original","CAC","CA","C","sd",0.312520758834205,0.325757575757575,0,"global",6,"param1"
"ts_4_autogen_original","CAD","CA","C","sd",0.149692065168095,0.272727272727273,0,"global",6,"param1"
"ts_4_autogen_original","CAE","CA","C","sd",0.27064736667026,0.737226277372263,0,"global",1,"param1"
"ts_4_autogen_original","CBA","CB","C","sd",1.28200597943516,0.53030303030303,0.209493718048065,"global",6,"param1"
"ts_4_autogen_original","CBB","CB","C","sd",1.16588233835598,0.608208955223881,0.188549637217649,"global",4,"param1"
"ts_4_autogen_original","CBC","CB","C","sd",0.113433738464762,0.257575757575757,0,"global",6,"param1"
"ts_4_autogen_original","CBD","CB","C","sd",0.041778773750242,0.296296296296297,0,"global",3,"param1"
"ts_4_autogen_original","CBE","CB","C","sd",0.0502884474187357,0.261194029850746,0,"global",4,"param1"
"ts_4_autogen_original","CCA","CC","C","sd",0.050060397651352,0.303703703703703,0,"global",3,"param1"
"ts_4_autogen_original","AAA","AA","A","unique_value_count_relative",0.246547281228304,0.274074074074074,0,"global",3,"param1"
"ts_4_autogen_original","AAB","AA","A","unique_value_count_relative",0.287878109301423,0.296296296296296,0,"global",3,"param1"
"ts_4_autogen_original","AAC","AA","A","unique_value_count_relative",0.69337864627282,0.417910447761194,0.0363685765390563,"global",4,"param1"
"ts_4_autogen_original","AAD","AA","A","unique_value_count_relative",0.319171258642411,0.311111111111111,0,"global",3,"param1"
"ts_4_autogen_original","AAE","AA","A","unique_value_count_relative",0.609449394538216,0.325757575757576,0.0307496357642197,"global",6,"param1"
"ts_4_autogen_original","AAF","AA","A","unique_value_count_relative",0.24024269090035,0.206015037593985,0,"global",5,"param1"
"ts_4_autogen_original","AAG","AA","A","unique_value_count_relative",0.210702642633877,0.251851851851852,0,"global",3,"param1"
"ts_4_autogen_original","ABA","AB","A","unique_value_count_relative",0.190739958424672,0.144702842377261,0,"global",9,"param1"
"ts_4_autogen_original","ABB","AB","A","unique_value_count_relative",0.491247576240385,0.347014925373134,0.0251618632416944,"global",4,"param1"
"ts_4_autogen_original","BAA","BA","B","unique_value_count_relative",0.0747799076412228,0.0926935659760087,0,"global",7,"param1"
"ts_4_autogen_original","BAB","BA","B","unique_value_count_relative",0.265043762903355,0.17312661498708,0,"global",9,"param1"
"ts_4_autogen_original","BAC","BA","B","unique_value_count_relative",0.085486598990978,0.14074074074074,0,"global",3,"param1"
"ts_4_autogen_original","BAD","BA","B","unique_value_count_relative",0.553624938343989,0.333834586466165,0.0262674456157293,"global",5,"param1"
"ts_4_autogen_original","BAE","BA","B","unique_value_count_relative",0.00997441659800088,0.0222222222222212,0,"global",3,"param1"
"ts_4_autogen_original","BAF","BA","B","unique_value_count_relative",0.319171258642411,0.31111111111111,0,"global",3,"param1"
"ts_4_autogen_original","BAG","BA","B","unique_value_count_relative",0.979934463296111,0.683823529411765,0.12754049876608,"global",2,"param1"
"ts_4_autogen_original","BBA","BB","B","unique_value_count_relative",0.122845747102456,0.248175182481753,0,"global",1,"param1"
"ts_4_autogen_original","BBB","BB","B","unique_value_count_relative",0.410785273389675,0.433823529411765,0.00921262325324936,"global",2,"param1"
"ts_4_autogen_original","BBC","BB","B","unique_value_count_relative",0.809512879778553,0.378787878787879,0.0606421590179606,"global",6,"param1"
"ts_4_autogen_original","BBD","BB","B","unique_value_count_relative",0.247784483710756,0.437956204379563,0,"global",1,"param1"
"ts_4_autogen_original","BBE","BB","B","unique_value_count_relative",0.282546589969968,0.481751824817519,0,"global",1,"param1"
"ts_4_autogen_original","BBF","BB","B","unique_value_count_relative",0.287878109301423,0.296296296296296,0,"global",3,"param1"
"ts_4_autogen_original","BBG","BB","B","unique_value_count_relative",0.517970901527236,0.323308270676692,0.0251618632416944,"global",5,"param1"
"ts_4_autogen_original","CAA","CA","C","unique_value_count_relative",0.58968356425477,0.437037037037037,0.0262674456157293,"global",3,"param1"
"ts_4_autogen_original","CAB","CA","C","unique_value_count_relative",0.22961796895594,0.201503759398496,0,"global",5,"param1"
"ts_4_autogen_original","CAC","CA","C","unique_value_count_relative",0.503817652682009,0.295454545454546,0.0251618632416944,"global",6,"param1"
"ts_4_autogen_original","CAD","CA","C","unique_value_count_relative",0.0883559547528708,0.113636363636364,0,"global",6,"param1"
"ts_4_autogen_original","CAE","CA","C","unique_value_count_relative",0.0945561076145788,0.197080291970804,0,"global",1,"param1"
"ts_4_autogen_original","CBA","CB","C","unique_value_count_relative",0.529321993799485,0.303030303030303,0.025829992434005,"global",6,"param1"
"ts_4_autogen_original","CBB","CB","C","unique_value_count_relative",0.136549343177164,0.171641791044776,0,"global",4,"param1"
"ts_4_autogen_original","CBC","CB","C","unique_value_count_relative",0.273918658012085,0.212121212121212,0,"global",6,"param1"
"ts_4_autogen_original","CBD","CB","C","unique_value_count_relative",0.0471677805055758,0.0888888888888882,0,"global",3,"param1"
"ts_4_autogen_original","CBE","CB","C","unique_value_count_relative",0.391782085279095,0.305970149253731,0.00536527700887336,"global",4,"param1"
"ts_4_autogen_original","CCA","CC","C","unique_value_count_relative",0.336143231040976,0.318518518518518,0,"global",3,"param1"
"ts_4_autogen_original","AAA","AA","A","autocorr",0.159032038891707,0.37037037037037,0,"global",3,"param1"
"ts_4_autogen_original","AAB","AA","A","autocorr",0.401625257749372,0.481481481481482,0.00536527700887336,"global",3,"param1"
"ts_4_autogen_original","AAC","AA","A","autocorr",0.254947029872905,0.369402985074627,0,"global",4,"param1"
"ts_4_autogen_original","AAD","AA","A","autocorr",0.212970521328072,0.4,0,"global",3,"param1"
"ts_4_autogen_original","AAE","AA","A","autocorr",1.73907211099762,0.598484848484848,0.347812887213724,"global",6,"param1"
"ts_4_autogen_original","AAF","AA","A","autocorr",0.0124858017247784,0.196992481203007,0,"global",5,"param1"
"ts_4_autogen_original","AAG","AA","A","autocorr",0.171856547848268,0.377777777777778,0,"global",3,"param1"
"ts_4_autogen_original","ABA","AB","A","autocorr",0.998064023201587,0.400516795865634,0.139807638467427,"global",9,"param1"
"ts_4_autogen_original","ABB","AB","A","autocorr",0.217296458201125,0.354477611940299,0,"global",4,"param1"
"ts_4_autogen_original","BAA","BA","B","autocorr",0.334978766185852,0.30752453653217,0,"global",7,"param1"
"ts_4_autogen_original","BAB","BA","B","autocorr",1.65988597343984,0.490956072351421,0.31856565931587,"global",9,"param1"
"ts_4_autogen_original","BAC","BA","B","autocorr",0.381782069710869,0.474074074074075,0.00278148738125743,"global",3,"param1"
"ts_4_autogen_original","BAD","BA","B","autocorr",0.780891134575686,0.473684210526316,0.0516912228733884,"global",5,"param1"
"ts_4_autogen_original","BAE","BA","B","autocorr",0.632761044548853,0.555555555555556,0.0332318559846906,"global",3,"param1"
"ts_4_autogen_original","BAF","BA","B","autocorr",0.082434781389146,0.325925925925926,0,"global",3,"param1"
"ts_4_autogen_original","BAG","BA","B","autocorr",1.12923254576386,0.816176470588233,0.170073813554113,"global",2,"param1"
"ts_4_autogen_original","BBA","BB","B","autocorr",0.307370173695,0.75912408759124,0,"global",1,"param1"
"ts_4_autogen_original","BBB","BB","B","autocorr",0.0348540009869995,0.352941176470588,0,"global",2,"param1"
"ts_4_autogen_original","BBC","BB","B","autocorr",0.0972116448059754,0.25,0,"global",6,"param1"
"ts_4_autogen_original","BBD","BB","B","autocorr",0.0906610637310553,0.598540145985402,0,"global",1,"param1"
"ts_4_autogen_original","BBE","BB","B","autocorr",0.247784483710756,0.722627737226277,0,"global",1,"param1"
"ts_4_autogen_original","BBF","BB","B","autocorr",0.659414230617662,0.562962962962963,0.0336037478849755,"global",3,"param1"
"ts_4_autogen_original","BBG","BB","B","autocorr",0.663037413954502,0.446616541353384,0.0336037478849755,"global",5,"param1"
"ts_4_autogen_original","CAA","CA","C","autocorr",0.773017238326897,0.592592592592593,0.0497179701763235,"global",3,"param1"
"ts_4_autogen_original","CAB","CA","C","autocorr",0.389757371892449,0.374436090225564,0.00536527700887336,"global",5,"param1"
"ts_4_autogen_original","CAC","CA","C","autocorr",0.478729717616647,0.371212121212122,0.0251618632416944,"global",6,"param1"
"ts_4_autogen_original","CAD","CA","C","autocorr",0.0285224296994547,0.204545454545455,0,"global",6,"param1"
"ts_4_autogen_original","CAE","CA","C","autocorr",0.082974235064764,0.591240875912408,0,"global",1,"param1"
"ts_4_autogen_original","CBA","CB","C","autocorr",0.0972116448059754,0.25,0,"global",6,"param1"
"ts_4_autogen_original","CBB","CB","C","autocorr",0.0978922054613585,0.294776119402985,0,"global",4,"param1"
"ts_4_autogen_original","CBC","CB","C","autocorr",0.190884251771196,0.287878787878788,0,"global",6,"param1"
"ts_4_autogen_original","CBD","CB","C","autocorr",0.325626628683166,0.451851851851852,0,"global",3,"param1"
"ts_4_autogen_original","CBE","CB","C","autocorr",1.59577256530047,0.682835820895523,0.314273681644664,"global",4,"param1"
"ts_4_autogen_original","CCA","CC","C","autocorr",0.0142407093647128,0.259259259259259,0,"global",3,"param1"
"ts_4_autogen_original","AAA","AA","A","average",0.0702468877261076,0.318518518518518,0,"global",3,"param1"
"ts_4_autogen_original","AAB","AA","A","average",0.0962477300733958,0.333333333333333,0,"global",3,"param1"
"ts_4_autogen_original","AAC","AA","A","average",1.16588233835598,0.60820895522388,0.188549637217649,"global",4,"param1"
"ts_4_autogen_original","AAD","AA","A","average",0.532893951771118,0.525925925925926,0.0262674456157293,"global",3,"param1"
"ts_4_autogen_original","AAE","AA","A","average",1.19176567469591,0.515151515151515,0.190528595314457,"global",6,"param1"
"ts_4_autogen_original","AAF","AA","A","average",0.236810673392338,0.326315789473684,0,"global",5,"param1"
"ts_4_autogen_original","AAG","AA","A","average",0.0702468877261076,0.318518518518519,0,"global",3,"param1"
"ts_4_autogen_original","ABA","AB","A","average",0.281919765556325,0.263565891472869,0,"global",9,"param1"
"ts_4_autogen_original","ABB","AB","A","average",0.0755949586462904,0.279850746268657,0,"global",4,"param1"
"ts_4_autogen_original","BAA","BA","B","average",0.0572944287178542,0.20937840785169,0,"global",7,"param1"
"ts_4_autogen_original","BAB","BA","B","average",0.428672694225147,0.297157622739018,0.0124009956470054,"global",9,"param1"
"ts_4_autogen_original","BAC","BA","B","average",1.44053629707932,0.748148148148149,0.27583132647562,"global",3,"param1"
"ts_4_autogen_original","BAD","BA","B","average",1.74171295750801,0.646616541353384,0.347812887213724,"global",5,"param1"
"ts_4_autogen_original","BAE","BA","B","average",0.929367243473582,0.629629629629629,0.107337281986791,"global",3,"param1"
"ts_4_autogen_original","BAF","BA","B","average",0.509535503384672,0.518518518518519,0.0251618632416944,"global",3,"param1"
"ts_4_autogen_original","BAG","BA","B","average",0.115591216251642,0.426470588235294,0,"global",2,"param1"
"ts_4_autogen_original","BBA","BB","B","average",0.376451092838299,0.795620437956204,0.00069334027605901,"global",1,"param1"
"ts_4_autogen_original","BBB","BB","B","average",0.0850368659659173,0.404411764705882,0,"global",2,"param1"
"ts_4_autogen_original","BBC","BB","B","average",0.0972116448059754,0.25,0,"global",6,"param1"
"ts_4_autogen_original","BBD","BB","B","average",0.259065494120445,0.72992700729927,0,"global",1,"param1"
"ts_4_autogen_original","BBE","BB","B","average",0.516629796003337,0.854014598540146,0.0251618632416944,"global",1,"param1"
"ts_4_autogen_original","BBF","BB","B","average",0.212970521328072,0.4,0,"global",3,"param1"
"ts_4_autogen_original","BBG","BB","B","average",0.0699778298758121,0.251127819548872,0,"global",5,"param1"
"ts_4_autogen_original","CAA","CA","C","average",0.0017547603904406,0.214814814814815,0,"global",3,"param1"
"ts_4_autogen_original","CAB","CA","C","average",0.305814342156572,0.348872180451128,0,"global",5,"param1"
"ts_4_autogen_original","CAC","CA","C","average",0.286462755690633,0.318181818181818,0,"global",6,"param1"
"ts_4_autogen_original","CAD","CA","C","average",0.0972116448059754,0.25,0,"global",6,"param1"
"ts_4_autogen_original","CAE","CA","C","average",0.320335150859367,0.766423357664233,0,"global",1,"param1"
"ts_4_autogen_original","CBA","CB","C","average",1.19176567469591,0.515151515151515,0.190528595314457,"global",6,"param1"
"ts_4_autogen_original","CBB","CB","C","average",1.65469059126809,0.69402985074627,0.31856565931587,"global",4,"param1"
"ts_4_autogen_original","CBC","CB","C","average",0.0112412579947172,0.181818181818182,0,"global",6,"param1"
"ts_4_autogen_original","CBD","CB","C","average",0.242679439884301,0.414814814814814,0,"global",3,"param1"
"ts_4_autogen_original","CBE","CB","C","average",0.469997299474599,0.440298507462687,0.0219242798918879,"global",4,"param1"
"ts_4_autogen_original","CCA","CC","C","average",0.659414230617662,0.562962962962964,0.0336037478849755,"global",3,"param1"
"ts_4_autogen_original","AAA","AA","A","lof",0.606796180730829,0.548148148148148,0.0307496357642197,"global",3,"param1"
"ts_4_autogen_original","AAB","AA","A","lof",0.486784687944379,0.511111111111112,0.0251618632416944,"global",3,"param1"
"ts_4_autogen_original","AAC","AA","A","lof",0.0900567806103831,0.291044776119403,0,"global",4,"param1"
"ts_4_autogen_original","AAD","AA","A","lof",0.714818024571509,0.577777777777779,0.0363685765390563,"global",3,"param1"
"ts_4_autogen_original","AAE","AA","A","lof",0.169686050836957,0.280303030303031,0,"global",6,"param1"
"ts_4_autogen_original","AAF","AA","A","lof",0.215617788248326,0.318796992481203,0,"global",5,"param1"
"ts_4_autogen_original","AAG","AA","A","lof",0.258255340169392,0.422222222222223,0,"global",3,"param1"
"ts_4_autogen_original","ABA","AB","A","lof",0.621096575541414,0.335917312661499,0.0332318559846906,"global",9,"param1"
"ts_4_autogen_original","ABB","AB","A","lof",0.302702456121849,0.388059701492538,0,"global",4,"param1"
"ts_4_autogen_original","BAA","BA","B","lof",0.00204204207814339,0.142857142857143,0,"global",7,"param1"
"ts_4_autogen_original","BAB","BA","B","lof",1.72376257712898,0.498708010335918,0.347812887213724,"global",9,"param1"
"ts_4_autogen_original","BAC","BA","B","lof",1.76818877286372,0.807407407407407,0.347812887213724,"global",3,"param1"
"ts_4_autogen_original","BAD","BA","B","lof",3.0571443911696,0.804511278195488,1.14192650893993,"global",5,"param1"
"ts_4_autogen_original","BAE","BA","B","lof",0.185114767531934,0.385185185185186,0,"global",3,"param1"
"ts_4_autogen_original","BAF","BA","B","lof",0.897091515877882,0.622222222222222,0.094611001679684,"global",3,"param1"
"ts_4_autogen_original","BAG","BA","B","lof",1.31092768233754,0.852941176470588,0.219983510736711,"global",2,"param1"
"ts_4_autogen_original","BBA","BB","B","lof",0.166751232801538,0.664233576642335,0,"global",1,"param1"
"ts_4_autogen_original","BBB","BB","B","lof",0.00783452610978233,0.301470588235294,0,"global",2,"param1"
"ts_4_autogen_original","BBC","BB","B","lof",0.605663033138964,0.401515151515151,0.0307496357642197,"global",6,"param1"
"ts_4_autogen_original","BBD","BB","B","lof",0.082974235064764,0.591240875912408,0,"global",1,"param1"
"ts_4_autogen_original","BBE","BB","B","lof",0.148653010708742,0.649635036496351,0,"global",1,"param1"
"ts_4_autogen_original","BBF","BB","B","lof",0.486784687944379,0.511111111111111,0.0251618632416944,"global",3,"param1"
"ts_4_autogen_original","BBG","BB","B","lof",0.0591039240360227,0.243609022556391,0,"global",5,"param1"
"ts_4_autogen_original","CAA","CA","C","lof",0.227588106698297,0.407407407407407,0,"global",3,"param1"
"ts_4_autogen_original","CAB","CA","C","lof",0.0446393119015995,0.233082706766917,0,"global",5,"param1"
"ts_4_autogen_original","CAC","CA","C","lof",0.261132957461281,0.31060606060606,0,"global",6,"param1"
"ts_4_autogen_original","CAD","CA","C","lof",0.420584711438706,0.356060606060606,0.0115540449075785,"global",6,"param1"
"ts_4_autogen_original","CAE","CA","C","lof",0.692721055059017,0.905109489051095,0.0363685765390563,"global",1,"param1"
"ts_4_autogen_original","CBA","CB","C","lof",1.42518541513092,0.553030303030303,0.271761454936903,"global",6,"param1"
"ts_4_autogen_original","CBB","CB","C","lof",0.156324558502346,0.328358208955224,0,"global",4,"param1"
"ts_4_autogen_original","CBC","CB","C","lof",0.0460147084568778,0.219696969696969,0,"global",6,"param1"
"ts_4_autogen_original","CBD","CB","C","lof",0.050060397651352,0.303703703703704,0,"global",3,"param1"
"ts_4_autogen_original","CBE","CB","C","lof",0.101804163630841,0.298507462686567,0,"global",4,"param1"
"ts_4_autogen_original","CCA","CC","C","lof",0.0142407093647128,0.259259259259259,0,"global",3,"param1"
"ts_4_autogen_original","AAA","AA","A","own_site_simil_score",0.562002976694475,0.422391857506362,0.0262674456157293,"global",3,"param1"
"ts_4_autogen_original","AAB","AA","A","own_site_simil_score",0.168226542176407,0.218829516539441,0,"global",3,"param1"
"ts_4_autogen_original","AAC","AA","A","own_site_simil_score",0.0672335503541867,0.107692307692308,0,"global",4,"param1"
"ts_4_autogen_original","AAD","AA","A","own_site_simil_score",0.018076941464642,0.0381679389312977,0,"global",3,"param1"
"ts_4_autogen_original","AAE","AA","A","own_site_simil_score",2.47267365659774,0.653645833333333,0.669016959999847,"global",6,"param1"
"ts_4_autogen_original","AAF","AA","A","own_site_simil_score",0.572120287073124,0.34108527131783,0.0262674456157293,"global",5,"param1"
"ts_4_autogen_original","AAG","AA","A","own_site_simil_score",0.421839877531342,0.353689567430026,0.0121728552062265,"global",3,"param1"
"ts_4_autogen_original","ABA","AB","A","own_site_simil_score",1.53938462088865,0.434666666666667,0.312316838361072,"global",9,"param1"
"ts_4_autogen_original","ABB","AB","A","own_site_simil_score",0.0486303781452641,0.0846153846153846,0,"global",4,"param1"
"ts_4_autogen_original","BAA","BA","B","own_site_simil_score",0.108979605969481,0.118110236220472,0,"global",7,"param1"
"ts_4_autogen_original","BAB","BA","B","own_site_simil_score",0.172348222291895,0.136,0,"global",9,"param1"
"ts_4_autogen_original","BAC","BA","B","own_site_simil_score",3.37589517594019,0.938931297709925,1.35156591212564,"global",3,"param1"
"ts_4_autogen_original","BAD","BA","B","own_site_simil_score",5.62483859086323,0.945736434108529,2.97726003665077,"global",5,"param1"
"ts_4_autogen_original","BAE","BA","B","own_site_simil_score",0.301690661336391,0.300254452926209,0,"global",3,"param1"
"ts_4_autogen_original","BAF","BA","B","own_site_simil_score",3.03227773650504,0.916030534351146,1.13288720929879,"global",3,"param1"
"ts_4_autogen_original","BAG","BA","B","own_site_simil_score",0.120558335679092,0.204545454545454,0,"global",2,"param1"
"ts_4_autogen_original","BBB","BB","B","own_site_simil_score",0.00662982910125773,0.0151515151515152,0,"global",2,"param1"
"ts_4_autogen_original","BBC","BB","B","own_site_simil_score",0.0756415851306492,0.1015625,0,"global",6,"param1"
"ts_4_autogen_original","BBF","BB","B","own_site_simil_score",1.08809344600997,0.595419847328245,0.157262076269467,"global",3,"param1"
"ts_4_autogen_original","BBG","BB","B","own_site_simil_score",0.149340929051155,0.162790697674419,0,"global",5,"param1"
"ts_4_autogen_original","CAA","CA","C","own_site_simil_score",0.0496288474240949,0.0916030534351145,0,"global",3,"param1"
"ts_4_autogen_original","CAB","CA","C","own_site_simil_score",0.554937194244952,0.334883720930233,0.0262674456157293,"global",5,"param1"
"ts_4_autogen_original","CAC","CA","C","own_site_simil_score",0.0480018080783111,0.0729166666666667,0,"global",6,"param1"
"ts_4_autogen_original","CAD","CA","C","own_site_simil_score",1.37505337054766,0.4921875,0.23936315177096,"global",6,"param1"
"ts_4_autogen_original","CBA","CB","C","own_site_simil_score",0.242540678217956,0.1953125,0,"global",6,"param1"
"ts_4_autogen_original","CBB","CB","C","own_site_simil_score",1.27605915895847,0.569230769230768,0.208264201362821,"global",4,"param1"
"ts_4_autogen_original","CBC","CB","C","own_site_simil_score",0.440362714132403,0.2734375,0.0139374818746529,"global",6,"param1"
"ts_4_autogen_original","CBD","CB","C","own_site_simil_score",0.0141902282454552,0.0305343511450382,0,"global",3,"param1"
"ts_4_autogen_original","CBE","CB","C","own_site_simil_score",0.0376849101178411,0.0692307692307692,0,"global",4,"param1"
"ts_4_autogen_original","CCA","CC","C","own_site_simil_score",0.853300789211874,0.529262086513996,0.0796238328638807,"global",3,"param1"
"ts_5_autogen_original","AAA","AA","A","range",1.14615936892611,0.678787878787879,0.174492545186834,"global",3,"param1"
"ts_5_autogen_original","AAB","AA","A","range",0.541989440742453,0.527272727272727,0.0262674456157293,"global",3,"param1"
"ts_5_autogen_original","AAC","AA","A","range",0.301874410559804,0.320987654320988,0,"global",6,"param1"
"ts_5_autogen_original","AAD","AA","A","range",1.111675899316,0.597560975609757,0.163067349439561,"global",4,"param1"
"ts_5_autogen_original","AAE","AA","A","range",0.363644557647525,0.316770186335404,0,"global",7,"param1"
"ts_5_autogen_original","AAF","AA","A","range",0.161259592447769,0.296932515337423,0,"global",5,"param1"
"ts_5_autogen_original","AAG","AA","A","range",0.0512220683048637,0.222222222222222,0,"global",6,"param1"
"ts_5_autogen_original","ABA","AB","A","range",0.748515938968913,0.325998841922409,0.0394571099329495,"global",11,"param1"
"ts_5_autogen_original","ABB","AB","A","range",0.327488897345099,0.396341463414634,0,"global",4,"param1"
"ts_5_autogen_original","BAA","BA","B","range",0.00712281915030856,0.161490683229814,0,"global",7,"param1"
"ts_5_autogen_original","BAB","BA","B","range",1.47578274691523,0.465408805031446,0.290602190601733,"global",9,"param1"
"ts_5_autogen_original","BAC","BA","B","range",2.02618405184936,0.842424242424241,0.435510348973375,"global",3,"param1"
"ts_5_autogen_original","BAD","BA","B","range",0.883819865556183,0.45679012345679,0.0899395231199018,"global",6,"param1"
"ts_5_autogen_original","BAE","BA","B","range",0.602781228584144,0.545454545454545,0.0307496357642197,"global",3,"param1"
"ts_5_autogen_original","BAF","BA","B","range",0.863133788216946,0.542682926829268,0.0800663150628827,"global",4,"param1"
"ts_5_autogen_original","BAG","BA","B","range",2.17397924689506,0.86060606060606,0.508671925722172,"global",3,"param1"
"ts_5_autogen_original","BBA","BB","B","range",0.200003416461093,0.688622754491019,0,"global",1,"param1"
"ts_5_autogen_original","BBB","BB","B","range",0.30958318969447,0.390243902439024,0,"global",4,"param1"
"ts_5_autogen_original","BBC","BB","B","range",0.479905044243449,0.325,0.0251618632416944,"global",8,"param1"
"ts_5_autogen_original","BBD","BB","B","range",0.149512525129653,0.363636363636364,0,"global",3,"param1"
"ts_5_autogen_original","BBE","BB","B","range",0.626144780191941,0.48170731707317,0.0332318559846906,"global",4,"param1"
"ts_5_autogen_original","BBF","BB","B","range",0.713220141595309,0.575757575757576,0.0363685765390563,"global",3,"param1"
"ts_5_autogen_original","BBG","BB","B","range",0.0704919974348611,0.251533742331288,0,"global",5,"param1"
"ts_5_autogen_original","CAA","CA","C","range",0.170240410077596,0.375757575757576,0,"global",3,"param1"
"ts_5_autogen_original","CAB","CA","C","range",0.0706247971164675,0.234567901234568,0,"global",6,"param1"
"ts_5_autogen_original","CAC","CA","C","range",0.641341927235098,0.407407407407408,0.0332318559846906,"global",6,"param1"
"ts_5_autogen_original","CAD","CA","C","range",0.191838769833803,0.267080745341615,0,"global",7,"param1"
"ts_5_autogen_original","CAE","CA","C","range",0.128794734713174,0.433734939759036,0,"global",2,"param1"
"ts_5_autogen_original","CBA","CB","C","range",1.26355041426588,0.524691358024693,0.204494606156334,"global",6,"param1"
"ts_5_autogen_original","CBB","CB","C","range",0.914593677421084,0.554878048780488,0.100799497865107,"global",4,"param1"
"ts_5_autogen_original","CBC","CB","C","range",0.0354518920459055,0.209876543209877,0,"global",6,"param1"
"ts_5_autogen_original","CBD","CB","C","range",0.0512146862147971,0.238036809815951,0,"global",5,"param1"
"ts_5_autogen_original","CBE","CB","C","range",0.252571864494095,0.285714285714286,0,"global",7,"param1"
"ts_5_autogen_original","CCA","CC","C","range",0.275231211531739,0.378048780487805,0,"global",4,"param1"
"ts_5_autogen_original","AAA","AA","A","sd",1.12267827307658,0.672727272727273,0.169138148208595,"global",3,"param1"
"ts_5_autogen_original","AAB","AA","A","sd",0.265230349539812,0.424242424242424,0,"global",3,"param1"
"ts_5_autogen_original","AAC","AA","A","sd",0.458616432917967,0.364197530864198,0.0188984077743508,"global",6,"param1"
"ts_5_autogen_original","AAD","AA","A","sd",1.23721811364792,0.621951219512196,0.193103370510316,"global",4,"param1"
"ts_5_autogen_original","AAE","AA","A","sd",0.491793587496289,0.347826086956522,0.0251618632416944,"global",7,"param1"
"ts_5_autogen_original","AAF","AA","A","sd",0.133106648632379,0.284662576687117,0,"global",5,"param1"
"ts_5_autogen_original","AAG","AA","A","sd",0.202010634759556,0.290123456790123,0,"global",6,"param1"
"ts_5_autogen_original","ABA","AB","A","sd",0.748515938968913,0.325998841922409,0.0394571099329495,"global",11,"param1"
"ts_5_autogen_original","ABB","AB","A","sd",0.242853086166418,0.365853658536586,0,"global",4,"param1"
"ts_5_autogen_original","BAA","BA","B","sd",0.00712281915030856,0.161490683229814,0,"global",7,"param1"
"ts_5_autogen_original","BAB","BA","B","sd",1.73012601518396,0.49685534591195,0.347812887213724,"global",9,"param1"
"ts_5_autogen_original","BAC","BA","B","sd",2.02618405184936,0.842424242424241,0.435510348973375,"global",3,"param1"
"ts_5_autogen_original","BAD","BA","B","sd",1.01610976265244,0.481481481481481,0.143931287084673,"global",6,"param1"
"ts_5_autogen_original","BAE","BA","B","sd",0.713220141595309,0.575757575757576,0.0363685765390563,"global",3,"param1"
"ts_5_autogen_original","BAF","BA","B","sd",1.20490671048481,0.615853658536585,0.193103370510316,"global",4,"param1"
"ts_5_autogen_original","BAG","BA","B","sd",2.17397924689506,0.86060606060606,0.508671925722172,"global",3,"param1"
"ts_5_autogen_original","BBA","BB","B","sd",0.146128035678238,0.646706586826348,0,"global",1,"param1"
"ts_5_autogen_original","BBB","BB","B","sd",0.242853086166418,0.365853658536585,0,"global",4,"param1"
"ts_5_autogen_original","BBC","BB","B","sd",0.423236184944395,0.3125,0.0121728552062265,"global",8,"param1"
"ts_5_autogen_original","BBD","BB","B","sd",0.170240410077596,0.375757575757576,0,"global",3,"param1"
"ts_5_autogen_original","BBE","BB","B","sd",0.697016351246261,0.5,0.0363685765390563,"global",4,"param1"
"ts_5_autogen_original","BBF","BB","B","sd",0.713220141595309,0.575757575757576,0.0363685765390563,"global",3,"param1"
"ts_5_autogen_original","BBG","BB","B","sd",0.0962755577786185,0.266257668711656,0,"global",5,"param1"
"ts_5_autogen_original","CAA","CA","C","sd",0.215231644189026,0.4,0,"global",3,"param1"
"ts_5_autogen_original","CAB","CA","C","sd",0.0604603930452841,0.228395061728395,0,"global",6,"param1"
"ts_5_autogen_original","CAC","CA","C","sd",0.559492672968249,0.38888888888889,0.0262674456157293,"global",6,"param1"
"ts_5_autogen_original","CAD","CA","C","sd",0.231751092369462,0.279503105590062,0,"global",7,"param1"
"ts_5_autogen_original","CAE","CA","C","sd",0.149959046326938,0.445783132530121,0,"global",2,"param1"
"ts_5_autogen_original","CBA","CB","C","sd",1.30133153146138,0.530864197530865,0.215141345660089,"global",6,"param1"
"ts_5_autogen_original","CBB","CB","C","sd",1.14214213815758,0.603658536585366,0.174492545186834,"global",4,"param1"
"ts_5_autogen_original","CBC","CB","C","sd",0.0428937781301174,0.216049382716049,0,"global",6,"param1"
"ts_5_autogen_original","CBD","CB","C","sd",0.0307612043538463,0.219631901840491,0,"global",5,"param1"
"ts_5_autogen_original","CBE","CB","C","sd",0.0567350139001224,0.211180124223603,0,"global",7,"param1"
"ts_5_autogen_original","CCA","CC","C","sd",0.10217112964183,0.298780487804878,0,"global",4,"param1"
"ts_5_autogen_original","AAA","AA","A","unique_value_count_relative",0.732646728432579,0.490909090909091,0.0363685765390563,"global",3,"param1"
"ts_5_autogen_original","AAB","AA","A","unique_value_count_relative",0.0139345737991382,0.0303030303030302,0,"global",3,"param1"
"ts_5_autogen_original","AAC","AA","A","unique_value_count_relative",0.245105742396327,0.19753086419753,0,"global",6,"param1"
"ts_5_autogen_original","AAD","AA","A","unique_value_count_relative",0.0359169856264123,0.0670731707317069,0,"global",4,"param1"
"ts_5_autogen_original","AAE","AA","A","unique_value_count_relative",0.106747651720742,0.118012422360248,0,"global",7,"param1"
"ts_5_autogen_original","AAF","AA","A","unique_value_count_relative",0.125163329935941,0.147239263803681,0,"global",5,"param1"
"ts_5_autogen_original","AAG","AA","A","unique_value_count_relative",0.688213816785263,0.345679012345679,0.0339274995982018,"global",6,"param1"
"ts_5_autogen_original","ABA","AB","A","unique_value_count_relative",1.04941723263605,0.325998841922409,0.14847287736117,"global",11,"param1"
"ts_5_autogen_original","ABB","AB","A","unique_value_count_relative",0.0319573841637995,0.060975609756097,0,"global",4,"param1"
"ts_5_autogen_original","BAA","BA","B","unique_value_count_relative",0.417334528999974,0.248447204968944,0.0113665069842005,"global",7,"param1"
"ts_5_autogen_original","BAB","BA","B","unique_value_count_relative",0.799796531862014,0.310272536687631,0.0606421590179606,"global",9,"param1"
"ts_5_autogen_original","BAC","BA","B","unique_value_count_relative",0.92496914025761,0.551515151515151,0.107337281986791,"global",3,"param1"
"ts_5_autogen_original","BAD","BA","B","unique_value_count_relative",0.451875901723575,0.277777777777778,0.0186112449355192,"global",6,"param1"
"ts_5_autogen_original","BAE","BA","B","unique_value_count_relative",0.279177686734787,0.290909090909091,0,"global",3,"param1"
"ts_5_autogen_original","BAF","BA","B","unique_value_count_relative",0.683532039055319,0.414634146341463,0.0336626831631327,"global",4,"param1"
"ts_5_autogen_original","BAG","BA","B","unique_value_count_relative",0.303827545155002,0.303030303030303,0,"global",3,"param1"
"ts_5_autogen_original","BBA","BB","B","unique_value_count_relative",0.454457270083719,0.652694610778443,0.0186710074624243,"global",1,"param1"
"ts_5_autogen_original","BBB","BB","B","unique_value_count_relative",0.305003752480546,0.262195121951219,0,"global",4,"param1"
"ts_5_autogen_original","BBC","BB","B","unique_value_count_relative",0.429751462643251,0.2375,0.0124009956470054,"global",8,"param1"
"ts_5_autogen_original","BBD","BB","B","unique_value_count_relative",0.181259234417371,0.23030303030303,0,"global",3,"param1"
"ts_5_autogen_original","BBE","BB","B","unique_value_count_relative",0.126437747990765,0.164634146341463,0,"global",4,"param1"
"ts_5_autogen_original","BBF","BB","B","unique_value_count_relative",0.0749563610874846,0.127272727272727,0,"global",3,"param1"
"ts_5_autogen_original","BBG","BB","B","unique_value_count_relative",0.694209803488391,0.374233128834356,0.0363685765390563,"global",5,"param1"
"ts_5_autogen_original","CAA","CA","C","unique_value_count_relative",0.0612608404316859,0.109090909090909,0,"global",3,"param1"
"ts_5_autogen_original","CAB","CA","C","unique_value_count_relative",0,-2.83106871279415e-15,0,"global",6,"param1"
"ts_5_autogen_original","CAC","CA","C","unique_value_count_relative",0.220340930143298,0.185185185185185,0,"global",6,"param1"
"ts_5_autogen_original","CAD","CA","C","unique_value_count_relative",0.0709535203176533,0.0931677018633532,0,"global",7,"param1"
"ts_5_autogen_original","CAE","CA","C","unique_value_count_relative",0.991356123449688,0.686746987951807,0.134766044326049,"global",2,"param1"
"ts_5_autogen_original","CBA","CB","C","unique_value_count_relative",0.665820165402596,0.339506172839506,0.0336037478849755,"global",6,"param1"
"ts_5_autogen_original","CBB","CB","C","unique_value_count_relative",2.05110298390509,0.707317073170731,0.435510348973375,"global",4,"param1"
"ts_5_autogen_original","CBC","CB","C","unique_value_count_relative",0.220340930143298,0.185185185185185,0,"global",6,"param1"
"ts_5_autogen_original","CBD","CB","C","unique_value_count_relative",0.203104685147334,0.190184049079754,0,"global",5,"param1"
"ts_5_autogen_original","CBE","CB","C","unique_value_count_relative",0.378383123713209,0.236024844720497,0.0017162089112346,"global",7,"param1"
"ts_5_autogen_original","CCA","CC","C","unique_value_count_relative",0.0487822122672827,0.0853658536585361,0,"global",4,"param1"
"ts_5_autogen_original","AAA","AA","A","autocorr",0.120519595761066,0.345454545454545,0,"global",3,"param1"
"ts_5_autogen_original","AAB","AA","A","autocorr",0.602781228584144,0.545454545454545,0.0307496357642197,"global",3,"param1"
"ts_5_autogen_original","AAC","AA","A","autocorr",0.482943963532635,0.37037037037037,0.0251618632416944,"global",6,"param1"
"ts_5_autogen_original","AAD","AA","A","autocorr",0.0361898698074544,0.25,0,"global",4,"param1"
"ts_5_autogen_original","AAE","AA","A","autocorr",2.26601970759859,0.621118012422361,0.549683822706568,"global",7,"param1"
"ts_5_autogen_original","AAF","AA","A","autocorr",0.0572943580821604,0.241717791411043,0,"global",5,"param1"
"ts_5_autogen_original","AAG","AA","A","autocorr",0.698782536274399,0.419753086419753,0.0363685765390563,"global",6,"param1"
"ts_5_autogen_original","ABA","AB","A","autocorr",0.160050972285611,0.20787492762015,0,"global",11,"param1"
"ts_5_autogen_original","ABB","AB","A","autocorr",0.813647514597237,0.530487804878049,0.0614915064241896,"global",4,"param1"
"ts_5_autogen_original","BAA","BA","B","autocorr",0.438495690394735,0.335403726708074,0.0131131824839997,"global",7,"param1"
"ts_5_autogen_original","BAB","BA","B","autocorr",1.66300385794556,0.488469601677149,0.31856565931587,"global",9,"param1"
"ts_5_autogen_original","BAC","BA","B","autocorr",0.0984659748103576,0.333333333333333,0,"global",3,"param1"
"ts_5_autogen_original","BAD","BA","B","autocorr",0.0604603930452841,0.228395061728395,0,"global",6,"param1"
"ts_5_autogen_original","BAE","BA","B","autocorr",0.602781228584144,0.545454545454545,0.0307496357642197,"global",3,"param1"
"ts_5_autogen_original","BAF","BA","B","autocorr",0.158271487119053,0.329268292682927,0,"global",4,"param1"
"ts_5_autogen_original","BAG","BA","B","autocorr",0.365929365321587,0.466666666666666,0,"global",3,"param1"
"ts_5_autogen_original","BBA","BB","B","autocorr",0.405765346183994,0.808383233532936,0.00566905264859315,"global",1,"param1"
"ts_5_autogen_original","BBB","BB","B","autocorr",0.227435743314178,0.359756097560975,0,"global",4,"param1"
"ts_5_autogen_original","BBC","BB","B","autocorr",0.697729726634531,0.36875,0.0363685765390563,"global",8,"param1"
"ts_5_autogen_original","BBD","BB","B","autocorr",0.414636881878415,0.484848484848484,0.0100963763522546,"global",3,"param1"
"ts_5_autogen_original","BBE","BB","B","autocorr",0.510397271444235,0.451219512195122,0.0251618632416944,"global",4,"param1"
"ts_5_autogen_original","BBF","BB","B","autocorr",0.466841615475092,0.503030303030303,0.0219242798918879,"global",3,"param1"
"ts_5_autogen_original","BBG","BB","B","autocorr",0.252486790424614,0.331288343558282,0,"global",5,"param1"
"ts_5_autogen_original","CAA","CA","C","autocorr",0.0318401667629233,0.284848484848485,0,"global",3,"param1"
"ts_5_autogen_original","CAB","CA","C","autocorr",0.240060622373442,0.302469135802469,0,"global",6,"param1"
"ts_5_autogen_original","CAC","CA","C","autocorr",1.45944439878627,0.555555555555555,0.286082108650067,"global",6,"param1"
"ts_5_autogen_original","CAD","CA","C","autocorr",0.137903627418334,0.248447204968944,0,"global",7,"param1"
"ts_5_autogen_original","CAE","CA","C","autocorr",0.0779199474430668,0.397590361445783,0,"global",2,"param1"
"ts_5_autogen_original","CBA","CB","C","autocorr",0.559492672968249,0.38888888888889,0.0262674456157293,"global",6,"param1"
"ts_5_autogen_original","CBB","CB","C","autocorr",0.123076777268692,0.310975609756097,0,"global",4,"param1"
"ts_5_autogen_original","CBC","CB","C","autocorr",0.135147909462894,0.265432098765432,0,"global",6,"param1"
"ts_5_autogen_original","CBD","CB","C","autocorr",0.276838633156888,0.338650306748467,0,"global",5,"param1"
"ts_5_autogen_original","CBE","CB","C","autocorr",0.231751092369462,0.279503105590063,0,"global",7,"param1"
"ts_5_autogen_original","CCA","CC","C","autocorr",0.424375744891284,0.426829268292683,0.0123256375863778,"global",4,"param1"
"ts_5_autogen_original","AAA","AA","A","average",0.0984659748103576,0.333333333333333,0,"global",3,"param1"
"ts_5_autogen_original","AAB","AA","A","average",0.0984659748103576,0.333333333333333,0,"global",3,"param1"
"ts_5_autogen_original","AAC","AA","A","average",0.389200899155262,0.345679012345679,0.00536527700887336,"global",6,"param1"
"ts_5_autogen_original","AAD","AA","A","average",0.212543637311825,0.353658536585366,0,"global",4,"param1"
"ts_5_autogen_original","AAE","AA","A","average",0.666680066158502,0.385093167701864,0.0336037478849755,"global",7,"param1"
"ts_5_autogen_original","AAF","AA","A","average",0.561551297808,0.419631901840491,0.0262674456157293,"global",5,"param1"
"ts_5_autogen_original","AAG","AA","A","average",0.883819865556183,0.45679012345679,0.0899395231199018,"global",6,"param1"
"ts_5_autogen_original","ABA","AB","A","average",0.257738667136673,0.23335263462652,0,"global",11,"param1"
"ts_5_autogen_original","ABB","AB","A","average",0.0444003058693333,0.25609756097561,0,"global",4,"param1"
"ts_5_autogen_original","BAA","BA","B","average",0.0926209147478101,0.229813664596273,0,"global",7,"param1"
"ts_5_autogen_original","BAB","BA","B","average",0.251513352225008,0.253668763102725,0,"global",9,"param1"
"ts_5_autogen_original","BAC","BA","B","average",1.56119539017532,0.769696969696971,0.312316838361072,"global",3,"param1"
"ts_5_autogen_original","BAD","BA","B","average",1.58527527880061,0.574074074074074,0.314273681644664,"global",6,"param1"
"ts_5_autogen_original","BAE","BA","B","average",0.785099604982531,0.593939393939394,0.0523928683101261,"global",3,"param1"
"ts_5_autogen_original","BAF","BA","B","average",0.0745354198264604,0.280487804878049,0,"global",4,"param1"
"ts_5_autogen_original","BAG","BA","B","average",0.0373708646152987,0.290909090909091,0,"global",3,"param1"
"ts_5_autogen_original","BBA","BB","B","average",0.271066772286538,0.736526946107785,0,"global",1,"param1"
"ts_5_autogen_original","BBB","BB","B","average",0.0924686856503108,0.292682926829269,0,"global",4,"param1"
"ts_5_autogen_original","BBC","BB","B","average",0.227573856613374,0.2625,0,"global",8,"param1"
"ts_5_autogen_original","BBD","BB","B","average",0.170240410077596,0.375757575757576,0,"global",3,"param1"
"ts_5_autogen_original","BBE","BB","B","average",0.445204912964016,0.432926829268293,0.0151103029654675,"global",4,"param1"
"ts_5_autogen_original","BBF","BB","B","average",0.398016107624415,0.478787878787878,0.00536527700887336,"global",3,"param1"
"ts_5_autogen_original","BBG","BB","B","average",0.133106648632379,0.284662576687117,0,"global",5,"param1"
"ts_5_autogen_original","CAA","CA","C","average",0.0153755470835813,0.260606060606061,0,"global",3,"param1"
"ts_5_autogen_original","CAB","CA","C","average",0.202010634759556,0.290123456790124,0,"global",6,"param1"
"ts_5_autogen_original","CAC","CA","C","average",0.301874410559804,0.320987654320988,0,"global",6,"param1"
"ts_5_autogen_original","CAD","CA","C","average",0.252571864494095,0.285714285714286,0,"global",7,"param1"
"ts_5_autogen_original","CAE","CA","C","average",0.0287971891644282,0.343373493975904,0,"global",2,"param1"
"ts_5_autogen_original","CBA","CB","C","average",1.01610976265244,0.48148148148148,0.143931287084673,"global",6,"param1"
"ts_5_autogen_original","CBB","CB","C","average",1.37270829704159,0.646341463414635,0.23936315177096,"global",4,"param1"
"ts_5_autogen_original","CBC","CB","C","average",0.00472791292944039,0.166666666666667,0,"global",6,"param1"
"ts_5_autogen_original","CBD","CB","C","average",0.576429642185194,0.423312883435582,0.0262674456157293,"global",5,"param1"
"ts_5_autogen_original","CBE","CB","C","average",0.106691593848569,0.236024844720497,0,"global",7,"param1"
"ts_5_autogen_original","CCA","CC","C","average",1.17321661144066,0.609756097560976,0.188549637217649,"global",4,"param1"
"ts_5_autogen_original","AAA","AA","A","lof",0.582075985462514,0.539393939393939,0.0262674456157293,"global",3,"param1"
"ts_5_autogen_original","AAB","AA","A","lof",0.713220141595309,0.575757575757576,0.0363685765390563,"global",3,"param1"
"ts_5_autogen_original","AAC","AA","A","lof",0.41174580163083,0.351851851851852,0.00921262325324936,"global",6,"param1"
"ts_5_autogen_original","AAD","AA","A","lof",0.720206588993885,0.50609756097561,0.0363685765390563,"global",4,"param1"
"ts_5_autogen_original","AAE","AA","A","lof",0.172984026678798,0.260869565217391,0,"global",7,"param1"
"ts_5_autogen_original","AAF","AA","A","lof",0.146831016902617,0.29079754601227,0,"global",5,"param1"
"ts_5_autogen_original","AAG","AA","A","lof",0.0181190282172089,0.191358024691358,0,"global",6,"param1"
"ts_5_autogen_original","ABA","AB","A","lof",0.373652275397276,0.258830341632889,0.00069334027605901,"global",11,"param1"
"ts_5_autogen_original","ABB","AB","A","lof",0.384153209836566,0.414634146341464,0.00374638402712463,"global",4,"param1"
"ts_5_autogen_original","BAA","BA","B","lof",0.0567350139001224,0.211180124223603,0,"global",7,"param1"
"ts_5_autogen_original","BAB","BA","B","lof",1.71512452571205,0.494758909853249,0.34629957245242,"global",9,"param1"
"ts_5_autogen_original","BAC","BA","B","lof",1.4976022425523,0.757575757575758,0.297181719682062,"global",3,"param1"
"ts_5_autogen_original","BAD","BA","B","lof",1.80796126548297,0.604938271604938,0.353507309624974,"global",6,"param1"
"ts_5_autogen_original","BAE","BA","B","lof",0.503604923332821,0.515151515151515,0.0251618632416944,"global",3,"param1"
"ts_5_autogen_original","BAF","BA","B","lof",1.4807189634118,0.664634146341463,0.292532896958573,"global",4,"param1"
"ts_5_autogen_original","BAG","BA","B","lof",2.22722475884828,0.866666666666666,0.533888714075153,"global",3,"param1"
"ts_5_autogen_original","BBA","BB","B","lof",0.146128035678238,0.646706586826348,0,"global",1,"param1"
"ts_5_autogen_original","BBB","BB","B","lof",0.242853086166418,0.365853658536585,0,"global",4,"param1"
"ts_5_autogen_original","BBC","BB","B","lof",0.730986331622601,0.375,0.0363685765390563,"global",8,"param1"
"ts_5_autogen_original","BBD","BB","B","lof",0.203528655987217,0.393939393939394,0,"global",3,"param1"
"ts_5_autogen_original","BBE","BB","B","lof",1.4807189634118,0.664634146341463,0.292532896958573,"global",4,"param1"
"ts_5_autogen_original","BBF","BB","B","lof",0.43164696453791,0.490909090909091,0.0124009956470054,"global",3,"param1"
"ts_5_autogen_original","BBG","BB","B","lof",0.161259592447769,0.296932515337423,0,"global",5,"param1"
"ts_5_autogen_original","CAA","CA","C","lof",0.170240410077596,0.375757575757576,0,"global",3,"param1"
"ts_5_autogen_original","CAB","CA","C","lof",0.0937477385939202,0.246913580246914,0,"global",6,"param1"
"ts_5_autogen_original","CAC","CA","C","lof",0.389200899155262,0.34567901234568,0.00536527700887336,"global",6,"param1"
"ts_5_autogen_original","CAD","CA","C","lof",0.464813028715358,0.341614906832298,0.0219242798918879,"global",7,"param1"
"ts_5_autogen_original","CAE","CA","C","lof",0.173683136756563,0.457831325301205,0,"global",2,"param1"
"ts_5_autogen_original","CBA","CB","C","lof",1.54265604233031,0.567901234567903,0.312316838361072,"global",6,"param1"
"ts_5_autogen_original","CBB","CB","C","lof",0.123076777268692,0.310975609756097,0,"global",4,"param1"
"ts_5_autogen_original","CBC","CB","C","lof",0.135147909462894,0.265432098765432,0,"global",6,"param1"
"ts_5_autogen_original","CBD","CB","C","lof",0.120101473968292,0.278527607361963,0,"global",5,"param1"
"ts_5_autogen_original","CBE","CB","C","lof",0.0795970803737147,0.22360248447205,0,"global",7,"param1"
"ts_5_autogen_original","CCA","CC","C","lof",0.123076777268692,0.310975609756097,0,"global",4,"param1"
"ts_5_autogen_original","AAA","AA","A","own_site_simil_score",0.726229399224279,0.487804878048781,0.0363685765390563,"global",3,"param1"
"ts_5_autogen_original","AAB","AA","A","own_site_simil_score",0.208901281929484,0.247967479674797,0,"global",3,"param1"
"ts_5_autogen_original","AAC","AA","A","own_site_simil_score",0.0482866710156259,0.0745341614906832,0,"global",6,"param1"
"ts_5_autogen_original","AAD","AA","A","own_site_simil_score",0.0147202359733273,0.0306748466257669,0,"global",4,"param1"
"ts_5_autogen_original","AAE","AA","A","own_site_simil_score",1.93029142534481,0.539285714285713,0.408529504499828,"global",7,"param1"
"ts_5_autogen_original","AAF","AA","A","own_site_simil_score",0.715401432867564,0.380246913580247,0.0363685765390563,"global",5,"param1"
"ts_5_autogen_original","AAG","AA","A","own_site_simil_score",0.0196690917973803,0.0372670807453416,0,"global",6,"param1"
"ts_5_autogen_original","ABA","AB","A","own_site_simil_score",1.33130984722463,0.368298368298368,0.221451528843838,"global",11,"param1"
"ts_5_autogen_original","ABB","AB","A","own_site_simil_score",0.0368312152959661,0.0674846625766871,0,"global",4,"param1"
"ts_5_autogen_original","BAA","BA","B","own_site_simil_score",0.112041129257577,0.11875,0,"global",7,"param1"
"ts_5_autogen_original","BAB","BA","B","own_site_simil_score",0.337583009828739,0.19620253164557,0,"global",9,"param1"
"ts_5_autogen_original","BAC","BA","B","own_site_simil_score",4.33808920866763,0.975609756097562,2.03293333527738,"global",3,"param1"
"ts_5_autogen_original","BAD","BA","B","own_site_simil_score",5.3104903204937,0.888198757763976,2.74209301232887,"global",6,"param1"
"ts_5_autogen_original","BAE","BA","B","own_site_simil_score",0.0567480139884258,0.0995934959349596,0,"global",3,"param1"
"ts_5_autogen_original","BAF","BA","B","own_site_simil_score",3.05711130332942,0.840490797546011,1.14192650893993,"global",4,"param1"
"ts_5_autogen_original","BAG","BA","B","own_site_simil_score",0.55683661441917,0.420731707317073,0.0262674456157293,"global",3,"param1"
"ts_5_autogen_original","BBB","BB","B","own_site_simil_score",0.656266338244081,0.404907975460123,0.0336037478849755,"global",4,"param1"
"ts_5_autogen_original","BBC","BB","B","own_site_simil_score",0.0431544871832831,0.0628930817610063,0,"global",8,"param1"
"ts_5_autogen_original","BBD","BB","B","own_site_simil_score",0.00542514736840238,0.0121951219512195,0,"global",3,"param1"
"ts_5_autogen_original","BBE","BB","B","own_site_simil_score",1.95265234924591,0.688650306748466,0.408529504499828,"global",4,"param1"
"ts_5_autogen_original","BBF","BB","B","own_site_simil_score",0.584922151175595,0.432926829268293,0.0262674456157293,"global",3,"param1"
"ts_5_autogen_original","BBG","BB","B","own_site_simil_score",0.0791388428437449,0.111111111111111,0,"global",5,"param1"
"ts_5_autogen_original","CAA","CA","C","own_site_simil_score",0.0813913880641227,0.134146341463415,0,"global",3,"param1"
"ts_5_autogen_original","CAB","CA","C","own_site_simil_score",0.755201969861569,0.36128364389234,0.0411107034978188,"global",6,"param1"
"ts_5_autogen_original","CAC","CA","C","own_site_simil_score",0.00851509266559861,0.0144927536231886,0,"global",6,"param1"
"ts_5_autogen_original","CAD","CA","C","own_site_simil_score",1.55404853142944,0.487499999999999,0.312316838361072,"global",7,"param1"
"ts_5_autogen_original","CAE","CA","C","own_site_simil_score",0.0108499954789778,0.0242424242424242,0,"global",2,"param1"
"ts_5_autogen_original","CBA","CB","C","own_site_simil_score",0.060410127258649,0.0869565217391304,0,"global",6,"param1"
"ts_5_autogen_original","CBB","CB","C","own_site_simil_score",0.93923013467265,0.481595092024542,0.107337281986791,"global",4,"param1"
"ts_5_autogen_original","CBC","CB","C","own_site_simil_score",0.443497985843777,0.273291925465839,0.0150093028920486,"global",6,"param1"
"ts_5_autogen_original","CBD","CB","C","own_site_simil_score",0.483661396542976,0.309876543209877,0.0251618632416944,"global",5,"param1"
"ts_5_autogen_original","CBE","CB","C","own_site_simil_score",0.0950117965000249,0.107142857142857,0,"global",7,"param1"
"ts_5_autogen_original","CCA","CC","C","own_site_simil_score",3.71787695499521,0.895705521472391,1.62660090155004,"global",4,"param1"
"ts_6_autogen_original","AAB","AA","A","range",0.2498774732166,0.73015873015873,0,"global",1,"param2"
"ts_6_autogen_original","AAC","AA","A","range",0.226396377367077,0.714285714285714,0,"global",1,"param2"
"ts_6_autogen_original","AAD","AA","A","range",0.0960491713349201,0.419354838709677,0,"global",2,"param2"
"ts_6_autogen_original","AAE","AA","A","range",0.2498774732166,0.730158730158729,0,"global",1,"param2"
"ts_6_autogen_original","AAF","AA","A","range",0.0579919469776868,0.571428571428571,0,"global",1,"param2"
"ts_6_autogen_original","AAG","AA","A","range",0.256826333171927,0.5,0,"global",2,"param2"
"ts_6_autogen_original","ABA","AB","A","range",0.44808021726051,0.396610169491526,0.0164034762520868,"global",5,"param2"
"ts_6_autogen_original","ABB","AB","A","range",0.000862551389597891,0.274193548387097,0,"global",2,"param2"
"ts_6_autogen_original","BAA","BA","B","range",0.0670855670891397,0.283333333333333,0,"global",4,"param2"
"ts_6_autogen_original","BAB","BA","B","range",0.134781957034337,0.270114942528736,0,"global",6,"param2"
"ts_6_autogen_original","BAC","BA","B","range",0.090176630349088,0.603174603174603,0,"global",1,"param2"
"ts_6_autogen_original","BAD","BA","B","range",0.595768157945609,0.551912568306011,0.0288160906549592,"global",3,"param2"
"ts_6_autogen_original","BAE","BA","B","range",0.119231762476903,0.435483870967742,0,"global",2,"param2"
"ts_6_autogen_original","BAF","BA","B","range",1.02802872360024,0.968253968253968,0.146863016500188,"global",1,"param2"
"ts_6_autogen_original","BAG","BA","B","range",0.0427519804209499,0.555555555555555,0,"global",1,"param2"
"ts_6_autogen_original","BBA","BB","B","range",0.425968732272281,0.825396825396825,0.0124009956470054,"global",1,"param2"
"ts_6_autogen_original","BBC","BB","B","range",0.0472778748983713,0.266666666666667,0,"global",4,"param2"
"ts_6_autogen_original","BBD","BB","B","range",0.274701056941632,0.746031746031746,0,"global",1,"param2"
"ts_6_autogen_original","BBF","BB","B","range",0.333753840472604,0.459016393442623,0,"global",3,"param2"
"ts_6_autogen_original","BBG","BB","B","range",0.463757293161681,0.84126984126984,0.0219242798918879,"global",1,"param2"
"ts_6_autogen_original","CAA","CA","C","range",0.17738572940868,0.467741935483871,0,"global",2,"param2"
"ts_6_autogen_original","CAB","CA","C","range",1.20411998265592,0.984126984126982,0.193103370510316,"global",1,"param2"
"ts_6_autogen_original","CAC","CA","C","range",1.2243190289336,0.576271186440678,0.193103370510316,"global",5,"param2"
"ts_6_autogen_original","CAD","CA","C","range",0.564153310843367,0.540983606557377,0.0262674456157293,"global",3,"param2"
"ts_6_autogen_original","CBA","CB","C","range",0.425968732272281,0.580645161290322,0.0124009956470054,"global",2,"param2"
"ts_6_autogen_original","CBB","CB","C","range",0.491577171130632,0.612903225806451,0.0251618632416944,"global",2,"param2"
"ts_6_autogen_original","CBC","CB","C","range",0.1249387366083,0.634920634920635,0,"global",1,"param2"
"ts_6_autogen_original","CBD","CB","C","range",0.032184683371401,0.35483870967742,0,"global",2,"param2"
"ts_6_autogen_original","CBE","CB","C","range",0.1627272974977,0.666666666666666,0,"global",1,"param2"
"ts_6_autogen_original","CCA","CC","C","range",0.0960491713349201,0.419354838709677,0,"global",2,"param2"
"ts_6_autogen_original","AAB","AA","A","sd",0.425968732272281,0.825396825396825,0.0124009956470054,"global",1,"param2"
"ts_6_autogen_original","AAC","AA","A","sd",0.204119982655925,0.698412698412698,0,"global",1,"param2"
"ts_6_autogen_original","AAD","AA","A","sd",0.0589778599593379,0.387096774193548,0,"global",2,"param2"
"ts_6_autogen_original","AAE","AA","A","sd",0.329058719264225,0.777777777777777,0,"global",1,"param2"
"ts_6_autogen_original","AAF","AA","A","sd",0.0280287236002435,0.53968253968254,0,"global",1,"param2"
"ts_6_autogen_original","AAG","AA","A","sd",0.213879819945081,0.483870967741936,0,"global",2,"param2"
"ts_6_autogen_original","ABA","AB","A","sd",0.352960380625482,0.372881355932204,0,"global",5,"param2"
"ts_6_autogen_original","ABB","AB","A","sd",0.00346053210950652,0.290322580645161,0,"global",2,"param2"
"ts_6_autogen_original","BAA","BA","B","sd",0.116977561892036,0.316666666666667,0,"global",4,"param2"
"ts_6_autogen_original","BAB","BA","B","sd",0.119895827609739,0.264367816091954,0,"global",6,"param2"
"ts_6_autogen_original","BAC","BA","B","sd",0.0579919469776868,0.571428571428571,0,"global",1,"param2"
"ts_6_autogen_original","BAD","BA","B","sd",0.542029782899687,0.53551912568306,0.0262674456157293,"global",3,"param2"
"ts_6_autogen_original","BAE","BA","B","sd",0.213879819945081,0.483870967741935,0,"global",2,"param2"
"ts_6_autogen_original","BAF","BA","B","sd",0.806179973983887,0.936507936507937,0.0606421590179606,"global",1,"param2"
"ts_6_autogen_original","BAG","BA","B","sd",0,0.507936507936508,0,"global",1,"param2"
"ts_6_autogen_original","BBA","BB","B","sd",0.359021942641668,0.793650793650794,0,"global",1,"param2"
"ts_6_autogen_original","BBC","BB","B","sd",0.219057117165815,0.366666666666667,0,"global",4,"param2"
"ts_6_autogen_original","BBD","BB","B","sd",0.1627272974977,0.666666666666667,0,"global",1,"param2"
"ts_6_autogen_original","BBF","BB","B","sd",0.417708793640019,0.491803278688525,0.0113665069842005,"global",3,"param2"
"ts_6_autogen_original","BBG","BB","B","sd",0.463757293161681,0.84126984126984,0.0219242798918879,"global",1,"param2"
"ts_6_autogen_original","CAA","CA","C","sd",0.0960491713349201,0.419354838709678,0,"global",2,"param2"
"ts_6_autogen_original","CAB","CA","C","sd",1.02802872360024,0.968253968253967,0.146863016500188,"global",1,"param2"
"ts_6_autogen_original","CAC","CA","C","sd",1.7212335921625,0.661016949152543,0.347812887213724,"global",5,"param2"
"ts_6_autogen_original","CAD","CA","C","sd",0.737122600856041,0.59016393442623,0.0363685765390563,"global",3,"param2"
"ts_6_autogen_original","CBA","CB","C","sd",0.526339277389844,0.629032258064516,0.0251618632416944,"global",2,"param2"
"ts_6_autogen_original","CBB","CB","C","sd",0.639848552217362,0.677419354838709,0.0332318559846906,"global",2,"param2"
"ts_6_autogen_original","CBC","CB","C","sd",0.182930683585987,0.682539682539683,0,"global",1,"param2"
"ts_6_autogen_original","CBD","CB","C","sd",0.0760901690704831,0.403225806451613,0,"global",2,"param2"
"ts_6_autogen_original","CBE","CB","C","sd",0.143422142302313,0.65079365079365,0,"global",1,"param2"
"ts_6_autogen_original","CCA","CC","C","sd",0.146128035678238,0.451612903225807,0,"global",2,"param2"
"ts_6_autogen_original","AAB","AA","A","unique_value_count_relative",0.0658172844896433,0.142857142857144,0,"global",1,"param2"
"ts_6_autogen_original","AAC","AA","A","unique_value_count_relative",0.301029995663981,0.507936507936508,0,"global",1,"param2"
"ts_6_autogen_original","AAD","AA","A","unique_value_count_relative",0,7.7715611723761e-16,0,"global",2,"param2"
"ts_6_autogen_original","AAE","AA","A","unique_value_count_relative",0.0427519804209499,0.0952380952380967,0,"global",1,"param2"
"ts_6_autogen_original","AAF","AA","A","unique_value_count_relative",0.274701056941632,0.476190476190476,0,"global",1,"param2"
"ts_6_autogen_original","AAG","AA","A","unique_value_count_relative",0.194911980869101,0.290322580645162,0,"global",2,"param2"
"ts_6_autogen_original","ABA","AB","A","unique_value_count_relative",0.187561057436408,0.186440677966101,0,"global",5,"param2"
"ts_6_autogen_original","ABB","AB","A","unique_value_count_relative",0.370497363942245,0.419354838709677,0,"global",2,"param2"
"ts_6_autogen_original","BAA","BA","B","unique_value_count_relative",0.223989572997815,0.233333333333333,0,"global",4,"param2"
"ts_6_autogen_original","BAB","BA","B","unique_value_count_relative",0.711861069997866,0.362068965517241,0.0363685765390563,"global",6,"param2"
"ts_6_autogen_original","BAC","BA","B","unique_value_count_relative",0.1627272974977,0.317460317460318,0,"global",1,"param2"
"ts_6_autogen_original","BAD","BA","B","unique_value_count_relative",0.224329722305161,0.262295081967213,0,"global",3,"param2"
"ts_6_autogen_original","BAE","BA","B","unique_value_count_relative",1.22530928172586,0.774193548387097,0.193103370510316,"global",2,"param2"
"ts_6_autogen_original","BAF","BA","B","unique_value_count_relative",0.425968732272281,0.634920634920635,0.0124009956470054,"global",1,"param2"
"ts_6_autogen_original","BAG","BA","B","unique_value_count_relative",0.550907468880581,0.73015873015873,0.0262674456157293,"global",1,"param2"
"ts_6_autogen_original","BBA","BB","B","unique_value_count_relative",0.660051938305649,0.793650793650794,0.0336037478849755,"global",1,"param2"
"ts_6_autogen_original","BBC","BB","B","unique_value_count_relative",1.4291078538503,0.616666666666667,0.271761454936903,"global",4,"param2"
"ts_6_autogen_original","BBD","BB","B","unique_value_count_relative",0.463757293161681,0.666666666666667,0.0219242798918879,"global",1,"param2"
"ts_6_autogen_original","BBF","BB","B","unique_value_count_relative",0.105492204199862,0.163934426229508,0,"global",3,"param2"
"ts_6_autogen_original","BBG","BB","B","unique_value_count_relative",0.287666034106,0.492063492063492,0,"global",1,"param2"
"ts_6_autogen_original","CAA","CA","C","unique_value_count_relative",0.759183411307663,0.596774193548387,0.0430627277842132,"global",2,"param2"
"ts_6_autogen_original","CAB","CA","C","unique_value_count_relative",0.343781976084931,0.555555555555556,0,"global",1,"param2"
"ts_6_autogen_original","CAC","CA","C","unique_value_count_relative",0.254702308267196,0.220338983050848,0,"global",5,"param2"
"ts_6_autogen_original","CAD","CA","C","unique_value_count_relative",0.26365858443868,0.284153005464481,0,"global",3,"param2"
"ts_6_autogen_original","CBA","CB","C","unique_value_count_relative",0.29292008417621,0.370967741935484,0,"global",2,"param2"
"ts_6_autogen_original","CBB","CB","C","unique_value_count_relative",0.0142332583789694,0.0322580645161298,0,"global",2,"param2"
"ts_6_autogen_original","CBC","CB","C","unique_value_count_relative",0.226396377367077,0.412698412698413,0,"global",1,"param2"
"ts_6_autogen_original","CBD","CB","C","unique_value_count_relative",0.0382588310835945,0.0806451612903233,0,"global",2,"param2"
"ts_6_autogen_original","CBE","CB","C","unique_value_count_relative",0.0208501389731201,0.0476190476190492,0,"global",1,"param2"
"ts_6_autogen_original","CCA","CC","C","unique_value_count_relative",1.17095161940327,0.758064516129032,0.188549637217649,"global",2,"param2"
"ts_6_autogen_original","AAB","AA","A","autocorr",0.1627272974977,0.666666666666666,0,"global",1,"param2"
"ts_6_autogen_original","AAC","AA","A","autocorr",0.301029995663981,0.761904761904761,0,"global",1,"param2"
"ts_6_autogen_original","AAD","AA","A","autocorr",0.146128035678238,0.451612903225806,0,"global",2,"param2"
"ts_6_autogen_original","AAE","AA","A","autocorr",0.182930683585987,0.682539682539683,0,"global",1,"param2"
"ts_6_autogen_original","AAF","AA","A","autocorr",0.660051938305649,0.904761904761905,0.0336037478849755,"global",1,"param2"
"ts_6_autogen_original","AAG","AA","A","autocorr",0.256826333171927,0.5,0,"global",2,"param2"
"ts_6_autogen_original","ABA","AB","A","autocorr",0.0484587543547661,0.240677966101695,0,"global",5,"param2"
"ts_6_autogen_original","ABB","AB","A","autocorr",1.18391659656764,0.838709677419355,0.189550556130526,"global",2,"param2"
"ts_6_autogen_original","BAA","BA","B","autocorr",0.260583840757076,0.383333333333333,0,"global",4,"param2"
"ts_6_autogen_original","BAB","BA","B","autocorr",0.134781957034337,0.270114942528736,0,"global",6,"param2"
"ts_6_autogen_original","BAC","BA","B","autocorr",0.0579919469776868,0.571428571428571,0,"global",1,"param2"
"ts_6_autogen_original","BAD","BA","B","autocorr",0.0253905142394024,0.278688524590164,0,"global",3,"param2"
"ts_6_autogen_original","BAE","BA","B","autocorr",0.256826333171927,0.499999999999999,0,"global",2,"param2"
"ts_6_autogen_original","BAF","BA","B","autocorr",0.463757293161681,0.841269841269841,0.0219242798918879,"global",1,"param2"
"ts_6_autogen_original","BAG","BA","B","autocorr",0.0137882844856333,0.523809523809524,0,"global",1,"param2"
"ts_6_autogen_original","BBA","BB","B","autocorr",1.20411998265592,0.984126984126982,0.193103370510316,"global",1,"param2"
"ts_6_autogen_original","BBC","BB","B","autocorr",0.0902834834873474,0.3,0,"global",4,"param2"
"ts_6_autogen_original","BBD","BB","B","autocorr",1.02802872360024,0.968253968253968,0.146863016500188,"global",1,"param2"
"ts_6_autogen_original","BBF","BB","B","autocorr",0.15372418731973,0.371584699453552,0,"global",3,"param2"
"ts_6_autogen_original","BBG","BB","B","autocorr",0.1627272974977,0.666666666666667,0,"global",1,"param2"
"ts_6_autogen_original","CAA","CA","C","autocorr",0.600340010933689,0.661290322580645,0.0304926363736263,"global",2,"param2"
"ts_6_autogen_original","CAB","CA","C","autocorr",0.806179973983887,0.936507936507937,0.0606421590179606,"global",1,"param2"
"ts_6_autogen_original","CAC","CA","C","autocorr",1.08108423775108,0.545762711864407,0.157262076269467,"global",5,"param2"
"ts_6_autogen_original","CAD","CA","C","autocorr",0.31647848696756,0.453551912568306,0,"global",3,"param2"
"ts_6_autogen_original","CBA","CB","C","autocorr",0.00782533751195664,0.306451612903226,0,"global",2,"param2"
"ts_6_autogen_original","CBB","CB","C","autocorr",0.17738572940868,0.46774193548387,0,"global",2,"param2"
"ts_6_autogen_original","CBC","CB","C","autocorr",0.391206626013069,0.809523809523808,0.00536527700887336,"global",1,"param2"
"ts_6_autogen_original","CBD","CB","C","autocorr",0.256826333171927,0.5,0,"global",2,"param2"
"ts_6_autogen_original","CBE","CB","C","autocorr",0.143422142302313,0.65079365079365,0,"global",1,"param2"
"ts_6_autogen_original","CCA","CC","C","autocorr",0.146128035678238,0.451612903225806,0,"global",2,"param2"
"ts_6_autogen_original","AAB","AA","A","average",0.0579919469776868,0.571428571428571,0,"global",1,"param2"
"ts_6_autogen_original","AAC","AA","A","average",0.274701056941632,0.746031746031746,0,"global",1,"param2"
"ts_6_autogen_original","AAD","AA","A","average",0.364971275154869,0.548387096774193,0,"global",2,"param2"
"ts_6_autogen_original","AAE","AA","A","average",0.425968732272281,0.825396825396825,0.0124009956470054,"global",1,"param2"
"ts_6_autogen_original","AAF","AA","A","average",0.301029995663981,0.761904761904761,0,"global",1,"param2"
"ts_6_autogen_original","AAG","AA","A","average",0.0760901690704831,0.403225806451613,0,"global",2,"param2"
"ts_6_autogen_original","ABA","AB","A","average",0.151078608299025,0.298305084745763,0,"global",5,"param2"
"ts_6_autogen_original","ABB","AB","A","average",0.00346053210950652,0.290322580645161,0,"global",2,"param2"
"ts_6_autogen_original","BAA","BA","B","average",0.462071396462343,0.45,0.0207788866623199,"global",4,"param2"
"ts_6_autogen_original","BAB","BA","B","average",0.161404159820764,0.281609195402299,0,"global",6,"param2"
"ts_6_autogen_original","BAC","BA","B","average",0.550907468880581,0.873015873015872,0.0262674456157293,"global",1,"param2"
"ts_6_autogen_original","BAD","BA","B","average",0.800875547958069,0.606557377049181,0.0606421590179606,"global",3,"param2"
"ts_6_autogen_original","BAE","BA","B","average",0.256826333171927,0.499999999999999,0,"global",2,"param2"
"ts_6_autogen_original","BAF","BA","B","average",0.107209969647868,0.619047619047619,0,"global",1,"param2"
"ts_6_autogen_original","BAG","BA","B","average",0.0427519804209499,0.555555555555555,0,"global",1,"param2"
"ts_6_autogen_original","BBA","BB","B","average",0.550907468880581,0.873015873015873,0.0262674456157293,"global",1,"param2"
"ts_6_autogen_original","BBC","BB","B","average",0.0902834834873474,0.3,0,"global",4,"param2"
"ts_6_autogen_original","BBD","BB","B","average",0.0137882844856333,0.523809523809524,0,"global",1,"param2"
"ts_6_autogen_original","BBF","BB","B","average",0.057920475821119,0.311475409836066,0,"global",3,"param2"
"ts_6_autogen_original","BBG","BB","B","average",0.726998727936262,0.920634920634919,0.0363685765390563,"global",1,"param2"
"ts_6_autogen_original","CAA","CA","C","average",0.639848552217362,0.677419354838709,0.0332318559846906,"global",2,"param2"
"ts_6_autogen_original","CAB","CA","C","average",0.0137882844856333,0.523809523809524,0,"global",1,"param2"
"ts_6_autogen_original","CAC","CA","C","average",0.29833979389559,0.355932203389831,0,"global",5,"param2"
"ts_6_autogen_original","CAD","CA","C","average",0.844514702811844,0.617486338797814,0.0731539891910308,"global",3,"param2"
"ts_6_autogen_original","CBA","CB","C","average",0.681241237375588,0.693548387096774,0.0336626831631327,"global",2,"param2"
"ts_6_autogen_original","CBB","CB","C","average",0.256826333171927,0.5,0,"global",2,"param2"
"ts_6_autogen_original","CBC","CB","C","average",1.02802872360024,0.968253968253968,0.146863016500188,"global",1,"param2"
"ts_6_autogen_original","CBD","CB","C","average",0.032184683371401,0.354838709677419,0,"global",2,"param2"
"ts_6_autogen_original","CBE","CB","C","average",0.463757293161681,0.841269841269841,0.0219242798918879,"global",1,"param2"
"ts_6_autogen_original","CCA","CC","C","average",0.818769101291908,0.741935483870968,0.0614915064241896,"global",2,"param2"
"ts_6_autogen_original","AAB","AA","A","lof",0.550907468880581,0.873015873015873,0.0262674456157293,"global",1,"param2"
"ts_6_autogen_original","AAC","AA","A","lof",0.182930683585987,0.682539682539682,0,"global",1,"param2"
"ts_6_autogen_original","AAD","AA","A","lof",0.032184683371401,0.354838709677419,0,"global",2,"param2"
"ts_6_autogen_original","AAE","AA","A","lof",0.391206626013069,0.809523809523808,0.00536527700887336,"global",1,"param2"
"ts_6_autogen_original","AAF","AA","A","lof",0.391206626013069,0.80952380952381,0.00536527700887336,"global",1,"param2"
"ts_6_autogen_original","AAG","AA","A","lof",0.336007579219552,0.532258064516129,0,"global",2,"param2"
"ts_6_autogen_original","ABA","AB","A","lof",0.247675133704663,0.338983050847458,0,"global",5,"param2"
"ts_6_autogen_original","ABB","AB","A","lof",0,0.258064516129033,0,"global",2,"param2"
"ts_6_autogen_original","BAA","BA","B","lof",0.000886751244769587,0.183333333333333,0,"global",4,"param2"
"ts_6_autogen_original","BAB","BA","B","lof",0.134781957034337,0.270114942528736,0,"global",6,"param2"
"ts_6_autogen_original","BAC","BA","B","lof",0.0737862141609187,0.587301587301587,0,"global",1,"param2"
"ts_6_autogen_original","BAD","BA","B","lof",0.0925952444144533,0.333333333333333,0,"global",3,"param2"
"ts_6_autogen_original","BAE","BA","B","lof",0.17738572940868,0.467741935483871,0,"global",2,"param2"
"ts_6_autogen_original","BAF","BA","B","lof",0.425968732272281,0.825396825396825,0.0124009956470054,"global",1,"param2"
"ts_6_autogen_original","BAG","BA","B","lof",0.1249387366083,0.634920634920635,0,"global",1,"param2"
"ts_6_autogen_original","BBA","BB","B","lof",0.0427519804209499,0.555555555555556,0,"global",1,"param2"
"ts_6_autogen_original","BBC","BB","B","lof",0.147277876121968,0.333333333333333,0,"global",4,"param2"
"ts_6_autogen_original","BBD","BB","B","lof",1.20411998265592,0.984126984126984,0.193103370510316,"global",1,"param2"
"ts_6_autogen_original","BBF","BB","B","lof",0.195794593871794,0.39344262295082,0,"global",3,"param2"
"ts_6_autogen_original","BBG","BB","B","lof",0.550907468880581,0.873015873015872,0.0262674456157293,"global",1,"param2"
"ts_6_autogen_original","CAA","CA","C","lof",0.17738572940868,0.467741935483871,0,"global",2,"param2"
"ts_6_autogen_original","CAB","CA","C","lof",1.20411998265592,0.984126984126982,0.193103370510316,"global",1,"param2"
"ts_6_autogen_original","CAC","CA","C","lof",3.10362672441955,0.830508474576271,1.14192650893993,"global",5,"param2"
"ts_6_autogen_original","CAD","CA","C","lof",0.463757293161681,0.508196721311476,0.0219242798918879,"global",3,"param2"
"ts_6_autogen_original","CBA","CB","C","lof",0.639848552217362,0.677419354838709,0.0332318559846906,"global",2,"param2"
"ts_6_autogen_original","CBB","CB","C","lof",0.600340010933689,0.661290322580645,0.0304926363736263,"global",2,"param2"
"ts_6_autogen_original","CBC","CB","C","lof",0.107209969647868,0.619047619047619,0,"global",1,"param2"
"ts_6_autogen_original","CBD","CB","C","lof",0.0760901690704831,0.403225806451613,0,"global",2,"param2"
"ts_6_autogen_original","CBE","CB","C","lof",0.0137882844856333,0.523809523809524,0,"global",1,"param2"
"ts_6_autogen_original","CCA","CC","C","lof",0.146128035678238,0.451612903225807,0,"global",2,"param2"
"ts_6_autogen_original","AAD","AA","A","own_site_simil_score",0.130078376260711,0.214285714285714,0,"global",2,"param2"
"ts_6_autogen_original","AAG","AA","A","own_site_simil_score",1.28596624922811,0.795918367346939,0.209493718048065,"global",2,"param2"
"ts_6_autogen_original","ABA","AB","A","own_site_simil_score",0.249556557765849,0.217391304347826,0,"global",5,"param2"
"ts_6_autogen_original","ABB","AB","A","own_site_simil_score",0.0625411113767941,0.122448979591837,0,"global",2,"param2"
"ts_6_autogen_original","BAA","BA","B","own_site_simil_score",0.0335962562650185,0.0638297872340425,0,"global",4,"param2"
"ts_6_autogen_original","BAB","BA","B","own_site_simil_score",0.670374892196956,0.355555555555555,0.0336037478849755,"global",6,"param2"
"ts_6_autogen_original","BAD","BA","B","own_site_simil_score",1.31815093259951,0.666666666666667,0.220032478345276,"global",3,"param2"
"ts_6_autogen_original","BAE","BA","B","own_site_simil_score",0,7.56339435525888e-16,0,"global",2,"param2"
"ts_6_autogen_original","BBC","BB","B","own_site_simil_score",0.500238129283959,0.361702127659574,0.0251618632416944,"global",4,"param2"
"ts_6_autogen_original","BBF","BB","B","own_site_simil_score",0.47628787575076,0.395833333333333,0.0251618632416944,"global",3,"param2"
"ts_6_autogen_original","CAA","CA","C","own_site_simil_score",1.21341558207949,0.775510204081633,0.193103370510316,"global",2,"param2"
"ts_6_autogen_original","CAC","CA","C","own_site_simil_score",4.27052356460859,0.913043478260869,2.00315625210774,"global",5,"param2"
"ts_6_autogen_original","CAD","CA","C","own_site_simil_score",0.196008735021638,0.25,0,"global",3,"param2"
"ts_6_autogen_original","CBA","CB","C","own_site_simil_score",0.114284109077479,0.193877551020408,0,"global",2,"param2"
"ts_6_autogen_original","CBB","CB","C","own_site_simil_score",0.0753153994132229,0.142857142857143,0,"global",2,"param2"
"ts_6_autogen_original","CBD","CB","C","own_site_simil_score",0.0888946372127964,0.163265306122449,0,"global",2,"param2"
"ts_6_autogen_original","CCA","CC","C","own_site_simil_score",1.14646879244888,0.755102040816327,0.174492545186834,"global",2,"param2"
"ts_7_autogen_original","AAA","AA","A","range",0.244711632575861,0.48876404494382,0,"global",2,"param2"
"ts_7_autogen_original","AAB","AA","A","range",0.00265949687121718,0.280898876404494,0,"global",2,"param2"
"ts_7_autogen_original","AAC","AA","A","range",0.226647632498125,0.711111111111111,0,"global",1,"param2"
"ts_7_autogen_original","AAD","AA","A","range",0.144054320023825,0.443820224719102,0,"global",2,"param2"
"ts_7_autogen_original","AAE","AA","A","range",0.48453048043759,0.511363636363636,0.0251618632416944,"global",3,"param2"
"ts_7_autogen_original","AAF","AA","A","range",0.0719244313055637,0.393258426966292,0,"global",2,"param2"
"ts_7_autogen_original","AAG","AA","A","range",0.0793481320610961,0.260465116279069,0,"global",5,"param2"
"ts_7_autogen_original","ABA","AB","A","range",0.515882739542453,0.413953488372093,0.0251618632416944,"global",5,"param2"
"ts_7_autogen_original","ABB","AB","A","range",0.00170020077934274,0.275280898876405,0,"global",2,"param2"
"ts_7_autogen_original","BAA","BA","B","range",0.108195724988567,0.254901960784314,0,"global",6,"param2"
"ts_7_autogen_original","BAB","BA","B","range",0.352689500411283,0.321428571428572,0,"global",7,"param2"
"ts_7_autogen_original","BAC","BA","B","range",0.0494853630799179,0.370786516853933,0,"global",2,"param2"
"ts_7_autogen_original","BAD","BA","B","range",0.504282149756311,0.518939393939394,0.0251618632416944,"global",3,"param2"
"ts_7_autogen_original","BAE","BA","B","range",0.139660144356293,0.359848484848485,0,"global",3,"param2"
"ts_7_autogen_original","BAF","BA","B","range",0.315588715834907,0.516853932584269,0,"global",2,"param2"
"ts_7_autogen_original","BAG","BA","B","range",0.656063884506107,0.564393939393939,0.0336037478849755,"global",3,"param2"
"ts_7_autogen_original","BBA","BB","B","range",0.402738891553806,0.811111111111111,0.00536527700887336,"global",1,"param2"
"ts_7_autogen_original","BBB","BB","B","range",0.226647632498125,0.711111111111111,0,"global",1,"param2"
"ts_7_autogen_original","BBC","BB","B","range",0.0211452344469372,0.209302325581395,0,"global",5,"param2"
"ts_7_autogen_original","BBD","BB","B","range",0.29628356063952,0.755555555555556,0,"global",1,"param2"
"ts_7_autogen_original","BBE","BB","B","range",0.0669467896306133,0.577777777777778,0,"global",1,"param2"
"ts_7_autogen_original","BBF","BB","B","range",0.230988706310808,0.409090909090909,0,"global",3,"param2"
"ts_7_autogen_original","BBG","BB","B","range",0.616618711498887,0.888888888888888,0.0332318559846906,"global",1,"param2"
"ts_7_autogen_original","CAA","CA","C","range",0.335332774030663,0.528089887640449,0,"global",2,"param2"
"ts_7_autogen_original","CAB","CA","C","range",0.0154882712639046,0.227011494252873,0,"global",4,"param2"
"ts_7_autogen_original","CAC","CA","C","range",1.51681795429129,0.616279069767441,0.303808304113034,"global",5,"param2"
"ts_7_autogen_original","CAD","CA","C","range",0.388472218213938,0.477272727272727,0.00536527700887336,"global",3,"param2"
"ts_7_autogen_original","CAE","CA","C","range",0.16664970282284,0.666666666666666,0,"global",1,"param2"
"ts_7_autogen_original","CBA","CB","C","range",0.39741005804874,0.56179775280899,0.00536527700887336,"global",2,"param2"
"ts_7_autogen_original","CBB","CB","C","range",0.487749681262155,0.606741573033709,0.0251618632416944,"global",2,"param2"
"ts_7_autogen_original","CBC","CB","C","range",0.134264929845548,0.438202247191011,0,"global",2,"param2"
"ts_7_autogen_original","CBD","CB","C","range",0.0494853630799179,0.370786516853932,0,"global",2,"param2"
"ts_7_autogen_original","CBE","CB","C","range",0.615742233942259,0.662921348314608,0.0332318559846906,"global",2,"param2"
"ts_7_autogen_original","CCA","CC","C","range",0.539933772735226,0.53030303030303,0.0262674456157293,"global",3,"param2"
"ts_7_autogen_original","AAA","AA","A","sd",0.165251007630275,0.455056179775281,0,"global",2,"param2"
"ts_7_autogen_original","AAB","AA","A","sd",0.0107371224464269,0.308988764044944,0,"global",2,"param2"
"ts_7_autogen_original","AAC","AA","A","sd",0.210853365314893,0.7,0,"global",1,"param2"
"ts_7_autogen_original","AAD","AA","A","sd",0.0783548052998426,0.398876404494383,0,"global",2,"param2"
"ts_7_autogen_original","AAE","AA","A","sd",0.35911745354979,0.465909090909091,0,"global",3,"param2"
"ts_7_autogen_original","AAF","AA","A","sd",0.0998363574955971,0.415730337078652,0,"global",2,"param2"
"ts_7_autogen_original","AAG","AA","A","sd",0.109614340956116,0.276744186046512,0,"global",5,"param2"
"ts_7_autogen_original","ABA","AB","A","sd",0.392693649868777,0.379069767441861,0.00536527700887336,"global",5,"param2"
"ts_7_autogen_original","ABB","AB","A","sd",0.00383485477915195,0.286516853932584,0,"global",2,"param2"
"ts_7_autogen_original","BAA","BA","B","sd",0.190143875469844,0.288235294117647,0,"global",6,"param2"
"ts_7_autogen_original","BAB","BA","B","sd",0.125788538967471,0.25,0,"global",7,"param2"
"ts_7_autogen_original","BAC","BA","B","sd",0.188844178363344,0.466292134831461,0,"global",2,"param2"
"ts_7_autogen_original","BAD","BA","B","sd",0.577071597119718,0.541666666666667,0.0262674456157293,"global",3,"param2"
"ts_7_autogen_original","BAE","BA","B","sd",0.105042573982393,0.337121212121212,0,"global",3,"param2"
"ts_7_autogen_original","BAF","BA","B","sd",0.260844154170999,0.49438202247191,0,"global",2,"param2"
"ts_7_autogen_original","BAG","BA","B","sd",0.714713299348146,0.579545454545455,0.0363685765390563,"global",3,"param2"
"ts_7_autogen_original","BBA","BB","B","sd",0.356981400993131,0.788888888888889,0,"global",1,"param2"
"ts_7_autogen_original","BBB","BB","B","sd",0.18089014193745,0.677777777777778,0,"global",1,"param2"
"ts_7_autogen_original","BBC","BB","B","sd",0.0934550505105589,0.267441860465116,0,"global",5,"param2"
"ts_7_autogen_original","BBD","BB","B","sd",0.210853365314893,0.7,0,"global",1,"param2"
"ts_7_autogen_original","BBE","BB","B","sd",0.0898096725901175,0.6,0,"global",1,"param2"
"ts_7_autogen_original","BBF","BB","B","sd",0.278661736214263,0.431818181818182,0,"global",3,"param2"
"ts_7_autogen_original","BBG","BB","B","sd",0.544068044350275,0.866666666666666,0.0262674456157293,"global",1,"param2"
"ts_7_autogen_original","CAA","CA","C","sd",0.201645363528069,0.47191011235955,0,"global",2,"param2"
"ts_7_autogen_original","CAB","CA","C","sd",0.0715283031066039,0.278735632183908,0,"global",4,"param2"
"ts_7_autogen_original","CAC","CA","C","sd",1.8960629217234,0.674418604651162,0.394612403189179,"global",5,"param2"
"ts_7_autogen_original","CAD","CA","C","sd",0.48453048043759,0.511363636363636,0.0251618632416944,"global",3,"param2"
"ts_7_autogen_original","CAE","CA","C","sd",0.0452275399373774,0.555555555555556,0,"global",1,"param2"
"ts_7_autogen_original","CBA","CB","C","sd",0.536706944703907,0.629213483146068,0.0262674456157293,"global",2,"param2"
"ts_7_autogen_original","CBB","CB","C","sd",0.643770957542502,0.674157303370787,0.0332318559846906,"global",2,"param2"
"ts_7_autogen_original","CBC","CB","C","sd",0.0998363574955971,0.415730337078652,0,"global",2,"param2"
"ts_7_autogen_original","CBD","CB","C","sd",0.0719244313055637,0.393258426966292,0,"global",2,"param2"
"ts_7_autogen_original","CBE","CB","C","sd",0.615742233942259,0.662921348314608,0.0332318559846906,"global",2,"param2"
"ts_7_autogen_original","CCA","CC","C","sd",0.519241680170737,0.522727272727273,0.0251618632416944,"global",3,"param2"
"ts_7_autogen_original","AAA","AA","A","unique_value_count_relative",0.365755325300636,0.410112359550562,0,"global",2,"param2"
"ts_7_autogen_original","AAB","AA","A","unique_value_count_relative",0.11023669126929,0.191011235955055,0,"global",2,"param2"
"ts_7_autogen_original","AAC","AA","A","unique_value_count_relative",0.0614143010306522,0.133333333333334,0,"global",1,"param2"
"ts_7_autogen_original","AAD","AA","A","unique_value_count_relative",1.10037054511756,0.730337078651685,0.162061951880939,"global",2,"param2"
"ts_7_autogen_original","AAE","AA","A","unique_value_count_relative",0.015906427022477,0.0340909090909097,0,"global",3,"param2"
"ts_7_autogen_original","AAF","AA","A","unique_value_count_relative",0.10184295808626,0.179775280898876,0,"global",2,"param2"
"ts_7_autogen_original","AAG","AA","A","unique_value_count_relative",0.406879406926156,0.286046511627907,0.00629155195525078,"global",5,"param2"
"ts_7_autogen_original","ABA","AB","A","unique_value_count_relative",0.319307077342732,0.248837209302326,0,"global",5,"param2"
"ts_7_autogen_original","ABB","AB","A","unique_value_count_relative",0.317787679934844,0.382022471910112,0,"global",2,"param2"
"ts_7_autogen_original","BAA","BA","B","unique_value_count_relative",0.283683620455423,0.215686274509804,0,"global",6,"param2"
"ts_7_autogen_original","BAB","BA","B","unique_value_count_relative",0.480278752953081,0.273809523809523,0.0251618632416944,"global",7,"param2"
"ts_7_autogen_original","BAC","BA","B","unique_value_count_relative",0.118935297864336,0.202247191011236,0,"global",2,"param2"
"ts_7_autogen_original","BAD","BA","B","unique_value_count_relative",0.393972196511329,0.340909090909091,0.00536527700887336,"global",3,"param2"
"ts_7_autogen_original","BAE","BA","B","unique_value_count_relative",0.110702333669004,0.166666666666667,0,"global",3,"param2"
"ts_7_autogen_original","BAF","BA","B","unique_value_count_relative",0.636362769694645,0.528089887640449,0.0332318559846906,"global",2,"param2"
"ts_7_autogen_original","BAG","BA","B","unique_value_count_relative",0.184046286632431,0.231060606060606,0,"global",3,"param2"
"ts_7_autogen_original","BBA","BB","B","unique_value_count_relative",0.561101383649055,0.733333333333333,0.0262674456157293,"global",1,"param2"
"ts_7_autogen_original","BBB","BB","B","unique_value_count_relative",0.46767969848682,0.666666666666667,0.0219242798918879,"global",1,"param2"
"ts_7_autogen_original","BBC","BB","B","unique_value_count_relative",0.272013046694201,0.225581395348837,0,"global",5,"param2"
"ts_7_autogen_original","BBD","BB","B","unique_value_count_relative",0.26884531229258,0.466666666666667,0,"global",1,"param2"
"ts_7_autogen_original","BBE","BB","B","unique_value_count_relative",0.00479888288176871,0.0111111111111126,0,"global",1,"param2"
"ts_7_autogen_original","BBF","BB","B","unique_value_count_relative",0.526162142390327,0.409090909090909,0.0251618632416944,"global",3,"param2"
"ts_7_autogen_original","BBG","BB","B","unique_value_count_relative",0.113943352306837,0.233333333333334,0,"global",1,"param2"
"ts_7_autogen_original","CAA","CA","C","unique_value_count_relative",0.742435698117109,0.584269662921348,0.0383516598107564,"global",2,"param2"
"ts_7_autogen_original","CAB","CA","C","unique_value_count_relative",0.271455655128738,0.247126436781609,0,"global",4,"param2"
"ts_7_autogen_original","CAC","CA","C","unique_value_count_relative",1.21025583140702,0.506976744186046,0.193103370510316,"global",5,"param2"
"ts_7_autogen_original","CAD","CA","C","unique_value_count_relative",0.591636607101413,0.43939393939394,0.0262674456157293,"global",3,"param2"
"ts_7_autogen_original","CAE","CA","C","unique_value_count_relative",0.226647632498125,0.411111111111111,0,"global",1,"param2"
"ts_7_autogen_original","CBA","CB","C","unique_value_count_relative",0.0695529366483264,0.129213483146067,0,"global",2,"param2"
"ts_7_autogen_original","CBB","CB","C","unique_value_count_relative",0.0841088278433308,0.151685393258427,0,"global",2,"param2"
"ts_7_autogen_original","CBC","CB","C","unique_value_count_relative",0.116432152710531,0.196629213483146,0,"global",2,"param2"
"ts_7_autogen_original","CBD","CB","C","unique_value_count_relative",0.125257017664615,0.207865168539326,0,"global",2,"param2"
"ts_7_autogen_original","CBE","CB","C","unique_value_count_relative",0.213966600739036,0.303370786516854,0,"global",2,"param2"
"ts_7_autogen_original","CCA","CC","C","unique_value_count_relative",0.244761877060367,0.272727272727273,0,"global",3,"param2"
"ts_7_autogen_original","AAA","AA","A","autocorr",0.176728054597783,0.460674157303371,0,"global",2,"param2"
"ts_7_autogen_original","AAB","AA","A","autocorr",0.487749681262155,0.606741573033709,0.0251618632416944,"global",2,"param2"
"ts_7_autogen_original","AAC","AA","A","autocorr",0.243038048686295,0.722222222222222,0,"global",1,"param2"
"ts_7_autogen_original","AAD","AA","A","autocorr",0.144054320023825,0.443820224719102,0,"global",2,"param2"
"ts_7_autogen_original","AAE","AA","A","autocorr",0.208824896041479,0.397727272727273,0,"global",3,"param2"
"ts_7_autogen_original","AAF","AA","A","autocorr",0.0658346392612458,0.387640449438202,0,"global",2,"param2"
"ts_7_autogen_original","AAG","AA","A","autocorr",0.0793481320610961,0.260465116279069,0,"global",5,"param2"
"ts_7_autogen_original","ABA","AB","A","autocorr",0.0884668746068385,0.265116279069768,0,"global",5,"param2"
"ts_7_autogen_original","ABB","AB","A","autocorr",1.0782278000403,0.808988764044943,0.157262076269467,"global",2,"param2"
"ts_7_autogen_original","BAA","BA","B","autocorr",0.547940221830821,0.388235294117647,0.0262674456157293,"global",6,"param2"
"ts_7_autogen_original","BAB","BA","B","autocorr",0.229687558631776,0.285714285714286,0,"global",7,"param2"
"ts_7_autogen_original","BAC","BA","B","autocorr",0.188844178363344,0.466292134831462,0,"global",2,"param2"
"ts_7_autogen_original","BAD","BA","B","autocorr",0.0547940170074119,0.306818181818182,0,"global",3,"param2"
"ts_7_autogen_original","BAE","BA","B","autocorr",0.0973213190890666,0.333333333333333,0,"global",3,"param2"
"ts_7_autogen_original","BAF","BA","B","autocorr",1.12653247961486,0.820224719101123,0.169150005430916,"global",2,"param2"
"ts_7_autogen_original","BAG","BA","B","autocorr",0.00122791862841703,0.208333333333333,0,"global",3,"param2"
"ts_7_autogen_original","BBA","BB","B","autocorr",1.35698140099313,0.988888888888887,0.230540930484712,"global",1,"param2"
"ts_7_autogen_original","BBB","BB","B","autocorr",0.481920137601431,0.844444444444444,0.0251618632416944,"global",1,"param2"
"ts_7_autogen_original","BBC","BB","B","autocorr",0.0309905429413284,0.220930232558139,0,"global",5,"param2"
"ts_7_autogen_original","BBD","BB","B","autocorr",1.18089014193745,0.977777777777778,0.188549637217649,"global",1,"param2"
"ts_7_autogen_original","BBE","BB","B","autocorr",0.00479888288176871,0.511111111111111,0,"global",1,"param2"
"ts_7_autogen_original","BBF","BB","B","autocorr",0.178096025302243,0.382575757575757,0,"global",3,"param2"
"ts_7_autogen_original","BBG","BB","B","autocorr",0.152861418337207,0.655555555555556,0,"global",1,"param2"
"ts_7_autogen_original","CAA","CA","C","autocorr",0.588589987898644,0.651685393258427,0.0262674456157293,"global",2,"param2"
"ts_7_autogen_original","CAB","CA","C","autocorr",0.435553996802898,0.431034482758621,0.0127673990831244,"global",4,"param2"
"ts_7_autogen_original","CAC","CA","C","autocorr",0.865758456913844,0.497674418604652,0.0815027628218449,"global",5,"param2"
"ts_7_autogen_original","CAD","CA","C","autocorr",0.254254857088046,0.420454545454546,0,"global",3,"param2"
"ts_7_autogen_original","CAE","CA","C","autocorr",0.315588715834907,0.766666666666666,0,"global",1,"param2"
"ts_7_autogen_original","CBA","CB","C","autocorr",0.000424426598063517,0.264044943820225,0,"global",2,"param2"
"ts_7_autogen_original","CBB","CB","C","autocorr",0.215183356137029,0.477528089887641,0,"global",2,"param2"
"ts_7_autogen_original","CBC","CB","C","autocorr",0.000106067769950324,0.258426966292135,0,"global",2,"param2"
"ts_7_autogen_original","CBD","CB","C","autocorr",0.229516640335107,0.483146067415731,0,"global",2,"param2"
"ts_7_autogen_original","CBE","CB","C","autocorr",0.0446394633655929,0.365168539325843,0,"global",2,"param2"
"ts_7_autogen_original","CCA","CC","C","autocorr",0.113316413335643,0.340909090909091,0,"global",3,"param2"
"ts_7_autogen_original","AAA","AA","A","average",0.00383485477915195,0.286516853932584,0,"global",2,"param2"
"ts_7_autogen_original","AAB","AA","A","average",0.244711632575861,0.488764044943821,0,"global",2,"param2"
"ts_7_autogen_original","AAC","AA","A","average",0.226647632498125,0.711111111111111,0,"global",1,"param2"
"ts_7_autogen_original","AAD","AA","A","average",0.39741005804874,0.56179775280899,0.00536527700887336,"global",2,"param2"
"ts_7_autogen_original","AAE","AA","A","average",1.65964102139062,0.795454545454545,0.31856565931587,"global",3,"param2"
"ts_7_autogen_original","AAF","AA","A","average",0.989004615698535,0.786516853932586,0.133817750984334,"global",2,"param2"
"ts_7_autogen_original","AAG","AA","A","average",0.458035605548239,0.395348837209302,0.0188984077743508,"global",5,"param2"
"ts_7_autogen_original","ABA","AB","A","average",0.14719023290375,0.295348837209302,0,"global",5,"param2"
"ts_7_autogen_original","ABB","AB","A","average",0.0107371224464269,0.308988764044944,0,"global",2,"param2"
"ts_7_autogen_original","BAA","BA","B","average",0.742923159558787,0.433333333333333,0.0383516598107564,"global",6,"param2"
"ts_7_autogen_original","BAB","BA","B","average",0.269229159804765,0.297619047619047,0,"global",7,"param2"
"ts_7_autogen_original","BAC","BA","B","average",0.0546264176696106,0.376404494382023,0,"global",2,"param2"
"ts_7_autogen_original","BAD","BA","B","average",0.803534769017042,0.602272727272727,0.0606421590179606,"global",3,"param2"
"ts_7_autogen_original","BAE","BA","B","average",0.577071597119718,0.541666666666666,0.0262674456157293,"global",3,"param2"
"ts_7_autogen_original","BAF","BA","B","average",0.335332774030663,0.52808988764045,0,"global",2,"param2"
"ts_7_autogen_original","BAG","BA","B","average",0.113316413335643,0.340909090909091,0,"global",3,"param2"
"ts_7_autogen_original","BBA","BB","B","average",0.511883360978874,0.855555555555556,0.0251618632416944,"global",1,"param2"
"ts_7_autogen_original","BBB","BB","B","average",0.014558720170925,0.522222222222222,0,"global",1,"param2"
"ts_7_autogen_original","BBC","BB","B","average",0.188039419104894,0.311627906976744,0,"global",5,"param2"
"ts_7_autogen_original","BBD","BB","B","average",0.00479888288176871,0.511111111111111,0,"global",1,"param2"
"ts_7_autogen_original","BBE","BB","B","average",0.616618711498887,0.888888888888889,0.0332318559846906,"global",1,"param2"
"ts_7_autogen_original","BBF","BB","B","average",0.254254857088046,0.420454545454545,0,"global",3,"param2"
"ts_7_autogen_original","BBG","BB","B","average",0.703768887217787,0.91111111111111,0.0363685765390563,"global",1,"param2"
"ts_7_autogen_original","CAA","CA","C","average",0.615742233942259,0.662921348314608,0.0332318559846906,"global",2,"param2"
"ts_7_autogen_original","CAB","CA","C","average",0.052270664222015,0.264367816091954,0,"global",4,"param2"
"ts_7_autogen_original","CAC","CA","C","average",0.374498939656307,0.372093023255814,0.00069334027605901,"global",5,"param2"
"ts_7_autogen_original","CAD","CA","C","average",0.882306882220554,0.621212121212121,0.0896413503159549,"global",3,"param2"
"ts_7_autogen_original","CAE","CA","C","average",0.139497456779225,0.644444444444444,0,"global",1,"param2"
"ts_7_autogen_original","CBA","CB","C","average",0.67273465347782,0.685393258426967,0.0336037478849755,"global",2,"param2"
"ts_7_autogen_original","CBB","CB","C","average",0.35553616011895,0.53932584269663,0,"global",2,"param2"
"ts_7_autogen_original","CBC","CB","C","average",1.23204266438483,0.842696629213483,0.193103370510316,"global",2,"param2"
"ts_7_autogen_original","CBD","CB","C","average",0.0280357939790325,0.342696629213483,0,"global",2,"param2"
"ts_7_autogen_original","CBE","CB","C","average",0.015546876414991,0.320224719101124,0,"global",2,"param2"
"ts_7_autogen_original","CCA","CC","C","average",1.26814876926933,0.715909090909091,0.204798296418395,"global",3,"param2"
"ts_7_autogen_original","AAA","AA","A","lof",0.134264929845548,0.438202247191011,0,"global",2,"param2"
"ts_7_autogen_original","AAB","AA","A","lof",0.278001263762207,0.5,0,"global",2,"param2"
"ts_7_autogen_original","AAC","AA","A","lof",0.481920137601431,0.844444444444443,0.0251618632416944,"global",1,"param2"
"ts_7_autogen_original","AAD","AA","A","lof",0.0922947253443686,0.410112359550562,0,"global",2,"param2"
"ts_7_autogen_original","AAE","AA","A","lof",0.388472218213938,0.477272727272727,0.00536527700887336,"global",3,"param2"
"ts_7_autogen_original","AAF","AA","A","lof",0.39741005804874,0.561797752808989,0.00536527700887336,"global",2,"param2"
"ts_7_autogen_original","AAG","AA","A","lof",0.14719023290375,0.295348837209302,0,"global",5,"param2"
"ts_7_autogen_original","ABA","AB","A","lof",0.324127061205117,0.358139534883721,0,"global",5,"param2"
"ts_7_autogen_original","ABB","AB","A","lof",0.00383485477915195,0.286516853932584,0,"global",2,"param2"
"ts_7_autogen_original","BAA","BA","B","lof",0.0766681988419981,0.23921568627451,0,"global",6,"param2"
"ts_7_autogen_original","BAB","BA","B","lof",0.446191173777213,0.345238095238096,0.0151103029654675,"global",7,"param2"
"ts_7_autogen_original","BAC","BA","B","lof",0.107783043602018,0.421348314606742,0,"global",2,"param2"
"ts_7_autogen_original","BAD","BA","B","lof",0.198822277893358,0.393939393939394,0,"global",3,"param2"
"ts_7_autogen_original","BAE","BA","B","lof",0.113316413335643,0.340909090909091,0,"global",3,"param2"
"ts_7_autogen_original","BAF","BA","B","lof",0.511883360978874,0.617977528089887,0.0251618632416944,"global",2,"param2"
"ts_7_autogen_original","BAG","BA","B","lof",0.631969594792762,0.556818181818182,0.0332318559846906,"global",3,"param2"
"ts_7_autogen_original","BBA","BB","B","lof",0.152861418337207,0.655555555555556,0,"global",1,"param2"
"ts_7_autogen_original","BBB","BB","B","lof",0.427562475278838,0.822222222222222,0.0124009956470054,"global",1,"param2"
"ts_7_autogen_original","BBC","BB","B","lof",0.0741811559842008,0.255813953488372,0,"global",5,"param2"
"ts_7_autogen_original","BBD","BB","B","lof",0.616618711498887,0.888888888888889,0.0332318559846906,"global",1,"param2"
"ts_7_autogen_original","BBE","BB","B","lof",0.0669467896306133,0.577777777777778,0,"global",1,"param2"
"ts_7_autogen_original","BBF","BB","B","lof",0.254254857088046,0.420454545454545,0,"global",3,"param2"
"ts_7_autogen_original","BBG","BB","B","lof",0.511883360978874,0.855555555555555,0.0251618632416944,"global",1,"param2"
"ts_7_autogen_original","CAA","CA","C","lof",0.154372009362445,0.449438202247191,0,"global",2,"param2"
"ts_7_autogen_original","CAB","CA","C","lof",0.0568178636818901,0.267241379310345,0,"global",4,"param2"
"ts_7_autogen_original","CAC","CA","C","lof",3.05792151967783,0.813953488372093,1.14192650893993,"global",5,"param2"
"ts_7_autogen_original","CAD","CA","C","lof",0.555349054759965,0.534090909090909,0.0262674456157293,"global",3,"param2"
"ts_7_autogen_original","CAE","CA","C","lof",0.0669467896306133,0.577777777777778,0,"global",1,"param2"
"ts_7_autogen_original","CBA","CB","C","lof",0.799340549453581,0.730337078651687,0.0606421590179606,"global",2,"param2"
"ts_7_autogen_original","CBB","CB","C","lof",0.702697876855263,0.696629213483147,0.0363685765390563,"global",2,"param2"
"ts_7_autogen_original","CBC","CB","C","lof",0.0851397944566322,0.404494382022472,0,"global",2,"param2"
"ts_7_autogen_original","CBD","CB","C","lof",0.0600725672571014,0.382022471910112,0,"global",2,"param2"
"ts_7_autogen_original","CBE","CB","C","lof",0.588589987898644,0.651685393258428,0.0262674456157293,"global",2,"param2"
"ts_7_autogen_original","CCA","CC","C","lof",0.48453048043759,0.511363636363636,0.0251618632416944,"global",3,"param2"
"ts_7_autogen_original","AAA","AA","A","own_site_simil_score",0.0549061714144999,0.109756097560976,0,"global",2,"param2"
"ts_7_autogen_original","AAB","AA","A","own_site_simil_score",0.010720750841252,0.024390243902439,0,"global",2,"param2"
"ts_7_autogen_original","AAD","AA","A","own_site_simil_score",0.121381976852002,0.207317073170732,0,"global",2,"param2"
"ts_7_autogen_original","AAE","AA","A","own_site_simil_score",1.56404663246721,0.71604938271605,0.312316838361072,"global",3,"param2"
"ts_7_autogen_original","AAF","AA","A","own_site_simil_score",30,1,30,"global",2,"param2"
"ts_7_autogen_original","AAG","AA","A","own_site_simil_score",0.383653328714983,0.278481012658228,0.00371575684844297,"global",5,"param2"
"ts_7_autogen_original","ABA","AB","A","own_site_simil_score",0.111745013028045,0.139240506329114,0,"global",5,"param2"
"ts_7_autogen_original","ABB","AB","A","own_site_simil_score",0.0856577533502169,0.158536585365854,0,"global",2,"param2"
"ts_7_autogen_original","BAA","BA","B","own_site_simil_score",0.0718823662966095,0.102564102564103,0,"global",6,"param2"
"ts_7_autogen_original","BAB","BA","B","own_site_simil_score",0.429636883428237,0.25974025974026,0.0124009956470054,"global",7,"param2"
"ts_7_autogen_original","BAC","BA","B","own_site_simil_score",0,7.45931094670027e-16,0,"global",2,"param2"
"ts_7_autogen_original","BAD","BA","B","own_site_simil_score",1.73080141924795,0.753086419753088,0.347812887213724,"global",3,"param2"
"ts_7_autogen_original","BAE","BA","B","own_site_simil_score",0.0528628174224521,0.0987654320987654,0,"global",3,"param2"
"ts_7_autogen_original","BAF","BA","B","own_site_simil_score",0.389733304846505,0.426829268292683,0.00536527700887336,"global",2,"param2"
"ts_7_autogen_original","BAG","BA","B","own_site_simil_score",0.280780204395268,0.296296296296296,0,"global",3,"param2"
"ts_7_autogen_original","BBC","BB","B","own_site_simil_score",0.393945601531693,0.281012658227848,0.00536527700887336,"global",5,"param2"
"ts_7_autogen_original","BBF","BB","B","own_site_simil_score",0.417751592563918,0.358024691358025,0.0113665069842005,"global",3,"param2"
"ts_7_autogen_original","CAA","CA","C","own_site_simil_score",1.72278344723211,0.878048780487805,0.347812887213724,"global",2,"param2"
"ts_7_autogen_original","CAB","CA","C","own_site_simil_score",0.654167682770627,0.4125,0.0336037478849755,"global",4,"param2"
"ts_7_autogen_original","CAC","CA","C","own_site_simil_score",4.37998644374025,0.898734177215189,2.03343788519178,"global",5,"param2"
"ts_7_autogen_original","CAD","CA","C","own_site_simil_score",0.305685682961159,0.308641975308642,0,"global",3,"param2"
"ts_7_autogen_original","CBA","CB","C","own_site_simil_score",0.199510068138241,0.292682926829269,0,"global",2,"param2"
"ts_7_autogen_original","CBB","CB","C","own_site_simil_score",0.0411311407468854,0.0853658536585366,0,"global",2,"param2"
"ts_7_autogen_original","CBC","CB","C","own_site_simil_score",0.628513530390258,0.524390243902439,0.0332318559846906,"global",2,"param2"
"ts_7_autogen_original","CBD","CB","C","own_site_simil_score",0.0621766575006938,0.121951219512195,0,"global",2,"param2"
"ts_7_autogen_original","CBE","CB","C","own_site_simil_score",0.094084970139535,0.170731707317073,0,"global",2,"param2"
"ts_7_autogen_original","CCA","CC","C","own_site_simil_score",0.872353218468113,0.54320987654321,0.0863851183620843,"global",3,"param2"
"ts_8_autogen_original","AAA","AA","A","range",0.222211114661913,0.481481481481482,0,"global",2,"param2"
"ts_8_autogen_original","AAB","AA","A","range",7.24488252416338e-05,0.25925925925926,0,"global",2,"param2"
"ts_8_autogen_original","AAC","AA","A","range",0.164828824115708,0.373831775700935,0,"global",3,"param2"
"ts_8_autogen_original","AAD","AA","A","range",0.426809344950497,0.489096573208723,0.0124009956470054,"global",3,"param2"
"ts_8_autogen_original","AAE","AA","A","range",0.241489557094199,0.333333333333333,0,"global",5,"param2"
"ts_8_autogen_original","AAF","AA","A","range",0.0870616435645011,0.407407407407407,0,"global",2,"param2"
"ts_8_autogen_original","AAG","AA","A","range",0.103818147158248,0.276190476190476,0,"global",5,"param2"
"ts_8_autogen_original","ABA","AB","A","range",0.317205413074535,0.326923076923077,0,"global",6,"param2"
"ts_8_autogen_original","ABB","AB","A","range",0.329082867529787,0.451713395638629,0,"global",3,"param2"
"ts_8_autogen_original","BAA","BA","B","range",0.107886071887279,0.253205128205128,0,"global",6,"param2"
"ts_8_autogen_original","BAB","BA","B","range",0.192664852160249,0.252450980392157,0,"global",8,"param2"
"ts_8_autogen_original","BAC","BA","B","range",0.0656447732199816,0.388888888888888,0,"global",2,"param2"
"ts_8_autogen_original","BAD","BA","B","range",0.539213439825897,0.526479750778816,0.0262674456157293,"global",3,"param2"
"ts_8_autogen_original","BAE","BA","B","range",0.157132707615247,0.367601246105919,0,"global",3,"param2"
"ts_8_autogen_original","BAF","BA","B","range",0.305032738117655,0.50925925925926,0,"global",2,"param2"
"ts_8_autogen_original","BAG","BA","B","range",0.667910791044572,0.56386292834891,0.0336037478849755,"global",3,"param2"
"ts_8_autogen_original","BBA","BB","B","range",0.397940008672038,0.807339449541284,0.00536527700887336,"global",1,"param2"
"ts_8_autogen_original","BBB","BB","B","range",0.716965482863043,0.579439252336449,0.0363685765390563,"global",3,"param2"
"ts_8_autogen_original","BBC","BB","B","range",0.120069663681319,0.259615384615384,0,"global",6,"param2"
"ts_8_autogen_original","BBD","BB","B","range",0.308998925335256,0.761467889908257,0,"global",1,"param2"
"ts_8_autogen_original","BBE","BB","B","range",0.337509974199279,0.527777777777777,0,"global",2,"param2"
"ts_8_autogen_original","BBF","BB","B","range",0.34944981748599,0.405660377358491,0,"global",4,"param2"
"ts_8_autogen_original","BBG","BB","B","range",0.698970004336019,0.908256880733943,0.0363685765390563,"global",1,"param2"
"ts_8_autogen_original","CAA","CA","C","range",0.32111955801111,0.518518518518519,0,"global",2,"param2"
"ts_8_autogen_original","CAB","CA","C","range",0.143196517224895,0.295238095238095,0,"global",5,"param2"
"ts_8_autogen_original","CAC","CA","C","range",0.781500435643117,0.439102564102563,0.0516912228733884,"global",6,"param2"
"ts_8_autogen_original","CAD","CA","C","range",0.412238808393741,0.485981308411215,0.00921262325324936,"global",3,"param2"
"ts_8_autogen_original","CAE","CA","C","range",0.184060188726957,0.678899082568806,0,"global",1,"param2"
"ts_8_autogen_original","CBA","CB","C","range",0.614859869359926,0.551401869158878,0.0332318559846906,"global",3,"param2"
"ts_8_autogen_original","CBB","CB","C","range",0.716965482863043,0.579439252336449,0.0363685765390563,"global",3,"param2"
"ts_8_autogen_original","CBC","CB","C","range",0.378849513641999,0.415094339622642,0.0017162089112346,"global",4,"param2"
"ts_8_autogen_original","CBD","CB","C","range",0.0331833120206287,0.351851851851852,0,"global",2,"param2"
"ts_8_autogen_original","CBE","CB","C","range",0.653284962600585,0.675925925925926,0.0336037478849755,"global",2,"param2"
"ts_8_autogen_original","CCA","CC","C","range",0.56976608257617,0.53582554517134,0.0262674456157293,"global",3,"param2"
"ts_8_autogen_original","AAA","AA","A","sd",0.178998680671753,0.462962962962963,0,"global",2,"param2"
"ts_8_autogen_original","AAB","AA","A","sd",0.016613374279136,0.324074074074074,0,"global",2,"param2"
"ts_8_autogen_original","AAC","AA","A","sd",0.254042720623303,0.420560747663551,0,"global",3,"param2"
"ts_8_autogen_original","AAD","AA","A","sd",0.264838107462377,0.423676012461059,0,"global",3,"param2"
"ts_8_autogen_original","AAE","AA","A","sd",0.143196517224895,0.295238095238095,0,"global",5,"param2"
"ts_8_autogen_original","AAF","AA","A","sd",0.112583559000267,0.425925925925925,0,"global",2,"param2"
"ts_8_autogen_original","AAG","AA","A","sd",0.0867216722493821,0.266666666666667,0,"global",5,"param2"
"ts_8_autogen_original","ABA","AB","A","sd",0.284581824239618,0.317307692307692,0,"global",6,"param2"
"ts_8_autogen_original","ABB","AB","A","sd",0.24503480844237,0.414330218068536,0,"global",3,"param2"
"ts_8_autogen_original","BAA","BA","B","sd",0.222934393052123,0.298076923076923,0,"global",6,"param2"
"ts_8_autogen_original","BAB","BA","B","sd",0.00913588984205646,0.156862745098039,0,"global",8,"param2"
"ts_8_autogen_original","BAC","BA","B","sd",0.19960857780709,0.472222222222221,0,"global",2,"param2"
"ts_8_autogen_original","BAD","BA","B","sd",0.601376347852162,0.545171339563863,0.0304926363736263,"global",3,"param2"
"ts_8_autogen_original","BAE","BA","B","sd",0.126791314774978,0.348909657320872,0,"global",3,"param2"
"ts_8_autogen_original","BAF","BA","B","sd",0.222211114661913,0.481481481481482,0,"global",2,"param2"
"ts_8_autogen_original","BAG","BA","B","sd",0.716965482863043,0.579439252336448,0.0363685765390563,"global",3,"param2"
"ts_8_autogen_original","BBA","BB","B","sd",0.378634853476651,0.798165137614679,0.0017162089112346,"global",1,"param2"
"ts_8_autogen_original","BBB","BB","B","sd",0.493358453590348,0.514018691588785,0.0251618632416944,"global",3,"param2"
"ts_8_autogen_original","BBC","BB","B","sd",0.0992184775747161,0.25,0,"global",6,"param2"
"ts_8_autogen_original","BBD","BB","B","sd",0.221848749616356,0.706422018348624,0,"global",1,"param2"
"ts_8_autogen_original","BBE","BB","B","sd",0.19960857780709,0.472222222222222,0,"global",2,"param2"
"ts_8_autogen_original","BBF","BB","B","sd",0.378849513641999,0.415094339622641,0.0017162089112346,"global",4,"param2"
"ts_8_autogen_original","BBG","BB","B","sd",0.626419337187408,0.889908256880732,0.0332318559846906,"global",1,"param2"
"ts_8_autogen_original","CAA","CA","C","sd",0.178998680671753,0.462962962962963,0,"global",2,"param2"
"ts_8_autogen_original","CAB","CA","C","sd",0.269852764503545,0.342857142857143,0,"global",5,"param2"
"ts_8_autogen_original","CAC","CA","C","sd",1.19162002361774,0.51602564102564,0.190528595314457,"global",6,"param2"
"ts_8_autogen_original","CAD","CA","C","sd",0.522248682025678,0.523364485981308,0.0251618632416944,"global",3,"param2"
"ts_8_autogen_original","CAE","CA","C","sd",0.0682648315585266,0.577981651376146,0,"global",1,"param2"
"ts_8_autogen_original","CBA","CB","C","sd",0.716965482863043,0.579439252336449,0.0363685765390563,"global",3,"param2"
"ts_8_autogen_original","CBB","CB","C","sd",1.10692512147072,0.672897196261682,0.162061951880939,"global",3,"param2"
"ts_8_autogen_original","CBC","CB","C","sd",0.321226407269489,0.39622641509434,0,"global",4,"param2"
"ts_8_autogen_original","CBD","CB","C","sd",0.0478149017353118,0.370370370370371,0,"global",2,"param2"
"ts_8_autogen_original","CBE","CB","C","sd",0.702242226042338,0.694444444444445,0.0363685765390563,"global",2,"param2"
"ts_8_autogen_original","CCA","CC","C","sd",0.509679457626389,0.517133956386293,0.0251618632416944,"global",3,"param2"
"ts_8_autogen_original","AAA","AA","A","unique_value_count_relative",1.59309775661727,0.851851851851852,0.314273681644664,"global",2,"param2"
"ts_8_autogen_original","AAB","AA","A","unique_value_count_relative",0.205033722280648,0.296296296296297,0,"global",2,"param2"
"ts_8_autogen_original","AAC","AA","A","unique_value_count_relative",0.0571705561363809,0.102803738317757,0,"global",3,"param2"
"ts_8_autogen_original","AAD","AA","A","unique_value_count_relative",0.00842006805913073,0.0186915887850466,0,"global",3,"param2"
"ts_8_autogen_original","AAE","AA","A","unique_value_count_relative",0.174716086785828,0.180952380952381,0,"global",5,"param2"
"ts_8_autogen_original","AAF","AA","A","unique_value_count_relative",0.930833862415042,0.666666666666667,0.107337281986791,"global",2,"param2"
"ts_8_autogen_original","AAG","AA","A","unique_value_count_relative",0.50575591882913,0.323809523809524,0.0251618632416944,"global",5,"param2"
"ts_8_autogen_original","ABA","AB","A","unique_value_count_relative",0.215872358208702,0.182692307692308,0,"global",6,"param2"
"ts_8_autogen_original","ABB","AB","A","unique_value_count_relative",0.148093664329185,0.202492211838006,0,"global",3,"param2"
"ts_8_autogen_original","BAA","BA","B","unique_value_count_relative",1.54876483038011,0.525641025641025,0.312316838361072,"global",6,"param2"
"ts_8_autogen_original","BAB","BA","B","unique_value_count_relative",0.192116888878105,0.151960784313726,0,"global",8,"param2"
"ts_8_autogen_original","BAC","BA","B","unique_value_count_relative",0.22585149207003,0.314814814814815,0,"global",2,"param2"
"ts_8_autogen_original","BAD","BA","B","unique_value_count_relative",0.766430233728258,0.504672897196262,0.046427887387959,"global",3,"param2"
"ts_8_autogen_original","BAE","BA","B","unique_value_count_relative",1.51818203731538,0.700934579439252,0.303808304113034,"global",3,"param2"
"ts_8_autogen_original","BAF","BA","B","unique_value_count_relative",0.655245663366113,0.537037037037037,0.0336037478849755,"global",2,"param2"
"ts_8_autogen_original","BAG","BA","B","unique_value_count_relative",0.0507452228461083,0.0934579439252337,0,"global",3,"param2"
"ts_8_autogen_original","BBA","BB","B","unique_value_count_relative",0.122314592782151,0.24770642201835,0,"global",1,"param2"
"ts_8_autogen_original","BBB","BB","B","unique_value_count_relative",0.502221913921652,0.395638629283489,0.0251618632416944,"global",3,"param2"
"ts_8_autogen_original","BBC","BB","B","unique_value_count_relative",0.792991751331836,0.375,0.0571033558732421,"global",6,"param2"
"ts_8_autogen_original","BBD","BB","B","unique_value_count_relative",0.578994687259268,0.743119266055046,0.0262674456157293,"global",1,"param2"
"ts_8_autogen_original","BBE","BB","B","unique_value_count_relative",0.801898051033074,0.611111111111112,0.0606421590179606,"global",2,"param2"
"ts_8_autogen_original","BBF","BB","B","unique_value_count_relative",0.14046065630838,0.174528301886792,0,"global",4,"param2"
"ts_8_autogen_original","BBG","BB","B","unique_value_count_relative",0.101873432539606,0.211009174311928,0,"global",1,"param2"
"ts_8_autogen_original","CAA","CA","C","unique_value_count_relative",0.176381126900184,0.268518518518519,0,"global",2,"param2"
"ts_8_autogen_original","CAB","CA","C","unique_value_count_relative",0.101107857916808,0.133333333333333,0,"global",5,"param2"
"ts_8_autogen_original","CAC","CA","C","unique_value_count_relative",0.359645640903683,0.246794871794872,0,"global",6,"param2"
"ts_8_autogen_original","CAD","CA","C","unique_value_count_relative",0.174127675816626,0.224299065420561,0,"global",3,"param2"
"ts_8_autogen_original","CAE","CA","C","unique_value_count_relative",0.0243593458594444,0.0550458715596356,0,"global",1,"param2"
"ts_8_autogen_original","CBA","CB","C","unique_value_count_relative",0.376187630921013,0.333333333333333,0.00069334027605901,"global",3,"param2"
"ts_8_autogen_original","CBB","CB","C","unique_value_count_relative",0.277834952352016,0.289719626168224,0,"global",3,"param2"
"ts_8_autogen_original","CBC","CB","C","unique_value_count_relative",0.0418131696278598,0.0754716981132077,0,"global",4,"param2"
"ts_8_autogen_original","CBD","CB","C","unique_value_count_relative",0.495620409130226,0.472222222222223,0.0251618632416944,"global",2,"param2"
"ts_8_autogen_original","CBE","CB","C","unique_value_count_relative",0.342104049493238,0.398148148148148,0,"global",2,"param2"
"ts_8_autogen_original","CCA","CC","C","unique_value_count_relative",0.0437765464129415,0.0809968847352025,0,"global",3,"param2"
"ts_8_autogen_original","AAA","AA","A","autocorr",0.160159889677026,0.453703703703703,0,"global",2,"param2"
"ts_8_autogen_original","AAB","AA","A","autocorr",0.521071441457381,0.62037037037037,0.0251618632416944,"global",2,"param2"
"ts_8_autogen_original","AAC","AA","A","autocorr",0.207713482113264,0.395638629283489,0,"global",3,"param2"
"ts_8_autogen_original","AAD","AA","A","autocorr",0.401029792029988,0.479750778816199,0.00536527700887336,"global",3,"param2"
"ts_8_autogen_original","AAE","AA","A","autocorr",0.431014758576163,0.390476190476191,0.0124009956470054,"global",5,"param2"
"ts_8_autogen_original","AAF","AA","A","autocorr",0.0656447732199816,0.388888888888889,0,"global",2,"param2"
"ts_8_autogen_original","AAG","AA","A","autocorr",0.0576448359398646,0.247619047619047,0,"global",5,"param2"
"ts_8_autogen_original","ABA","AB","A","autocorr",0.158441934695901,0.275641025641026,0,"global",6,"param2"
"ts_8_autogen_original","ABB","AB","A","autocorr",1.67133385652058,0.794392523364486,0.31856565931587,"global",3,"param2"
"ts_8_autogen_original","BAA","BA","B","autocorr",0.492793529004122,0.375,0.0251618632416944,"global",6,"param2"
"ts_8_autogen_original","BAB","BA","B","autocorr",0.128156931928856,0.230392156862745,0,"global",8,"param2"
"ts_8_autogen_original","BAC","BA","B","autocorr",0.19960857780709,0.472222222222221,0,"global",2,"param2"
"ts_8_autogen_original","BAD","BA","B","autocorr",0.08730761079121,0.327102803738318,0,"global",3,"param2"
"ts_8_autogen_original","BAE","BA","B","autocorr",0.0817387476271179,0.32398753894081,0,"global",3,"param2"
"ts_8_autogen_original","BAF","BA","B","autocorr",1.07363867059507,0.805555555555556,0.156842392049003,"global",2,"param2"
"ts_8_autogen_original","BAG","BA","B","autocorr",0.00163302901295213,0.21183800623053,0,"global",3,"param2"
"ts_8_autogen_original","BBA","BB","B","autocorr",1.26324143477458,0.981651376146786,0.204494606156334,"global",1,"param2"
"ts_8_autogen_original","BBB","BB","B","autocorr",0.481123997173337,0.507788161993769,0.0251618632416944,"global",3,"param2"
"ts_8_autogen_original","BBC","BB","B","autocorr",0.0804886071848773,0.240384615384615,0,"global",6,"param2"
"ts_8_autogen_original","BBD","BB","B","autocorr",1.04139268515823,0.963302752293578,0.146863016500188,"global",1,"param2"
"ts_8_autogen_original","BBE","BB","B","autocorr",0.222211114661913,0.481481481481482,0,"global",2,"param2"
"ts_8_autogen_original","BBF","BB","B","autocorr",0.138501754557828,0.320754716981132,0,"global",4,"param2"
"ts_8_autogen_original","BBG","BB","B","autocorr",0.127578832774509,0.63302752293578,0,"global",1,"param2"
"ts_8_autogen_original","CAA","CA","C","autocorr",0.541756040317231,0.62962962962963,0.0262674456157293,"global",2,"param2"
"ts_8_autogen_original","CAB","CA","C","autocorr",0.269852764503545,0.342857142857143,0,"global",5,"param2"
"ts_8_autogen_original","CAC","CA","C","autocorr",0.511035583767621,0.378205128205129,0.0251618632416944,"global",6,"param2"
"ts_8_autogen_original","CAD","CA","C","autocorr",0.216171094049781,0.401869158878505,0,"global",3,"param2"
"ts_8_autogen_original","CAE","CA","C","autocorr",0.308998925335256,0.761467889908255,0,"global",1,"param2"
"ts_8_autogen_original","CBA","CB","C","autocorr",0.011897211004852,0.252336448598131,0,"global",3,"param2"
"ts_8_autogen_original","CBB","CB","C","autocorr",0.254042720623303,0.420560747663551,0,"global",3,"param2"
"ts_8_autogen_original","CBC","CB","C","autocorr",0.0419396678118975,0.254716981132075,0,"global",4,"param2"
"ts_8_autogen_original","CBD","CB","C","autocorr",0.222211114661913,0.481481481481481,0,"global",2,"param2"
"ts_8_autogen_original","CBE","CB","C","autocorr",0.0478149017353118,0.37037037037037,0,"global",2,"param2"
"ts_8_autogen_original","CCA","CC","C","autocorr",0.105783742411916,0.336448598130841,0,"global",3,"param2"
"ts_8_autogen_original","AAA","AA","A","average",0.016613374279136,0.324074074074074,0,"global",2,"param2"
"ts_8_autogen_original","AAB","AA","A","average",0.19960857780709,0.472222222222221,0,"global",2,"param2"
"ts_8_autogen_original","AAC","AA","A","average",1.14264067373726,0.682242990654206,0.174492545186834,"global",3,"param2"
"ts_8_autogen_original","AAD","AA","A","average",0.681845347198831,0.570093457943925,0.0336626831631327,"global",3,"param2"
"ts_8_autogen_original","AAE","AA","A","average",0.431014758576163,0.390476190476191,0.0124009956470054,"global",5,"param2"
"ts_8_autogen_original","AAF","AA","A","average",0.999637937051226,0.787037037037038,0.139807638467427,"global",2,"param2"
"ts_8_autogen_original","AAG","AA","A","average",0.685013264799419,0.457142857142858,0.0339274995982018,"global",5,"param2"
"ts_8_autogen_original","ABA","AB","A","average",0.179091401782774,0.282051282051282,0,"global",6,"param2"
"ts_8_autogen_original","ABB","AB","A","average",0.0094059996925503,0.246105919003115,0,"global",3,"param2"
"ts_8_autogen_original","BAA","BA","B","average",0.702788085184646,0.423076923076923,0.0363685765390563,"global",6,"param2"
"ts_8_autogen_original","BAB","BA","B","average",0.35017097179164,0.296568627450981,0,"global",8,"param2"
"ts_8_autogen_original","BAC","BA","B","average",0.0401195600782253,0.36111111111111,0,"global",2,"param2"
"ts_8_autogen_original","BAD","BA","B","average",0.907710572023423,0.626168224299065,0.0977204560464788,"global",3,"param2"
"ts_8_autogen_original","BAE","BA","B","average",0.509679457626389,0.517133956386293,0.0251618632416944,"global",3,"param2"
"ts_8_autogen_original","BAF","BA","B","average",0.32111955801111,0.518518518518518,0,"global",2,"param2"
"ts_8_autogen_original","BAG","BA","B","average",0.08730761079121,0.327102803738318,0,"global",3,"param2"
"ts_8_autogen_original","BBA","BB","B","average",0.564271430438562,0.871559633027523,0.0262674456157293,"global",1,"param2"
"ts_8_autogen_original","BBB","BB","B","average",0.522248682025678,0.523364485981308,0.0251618632416944,"global",3,"param2"
"ts_8_autogen_original","BBC","BB","B","average",0.112075204325956,0.256410256410257,0,"global",6,"param2"
"ts_8_autogen_original","BBD","BB","B","average",0,0.504587155963303,0,"global",1,"param2"
"ts_8_autogen_original","BBE","BB","B","average",0.19960857780709,0.472222222222223,0,"global",2,"param2"
"ts_8_autogen_original","BBF","BB","B","average",0.000493839439247917,0.169811320754717,0,"global",4,"param2"
"ts_8_autogen_original","BBG","BB","B","average",0.661181443446619,0.899082568807337,0.0336037478849755,"global",1,"param2"
"ts_8_autogen_original","CAA","CA","C","average",0.653284962600585,0.675925925925926,0.0336037478849755,"global",2,"param2"
"ts_8_autogen_original","CAB","CA","C","average",0.103818147158248,0.276190476190476,0,"global",5,"param2"
"ts_8_autogen_original","CAC","CA","C","average",0.142926343549734,0.26923076923077,0,"global",6,"param2"
"ts_8_autogen_original","CAD","CA","C","average",0.936151679530115,0.629283489096573,0.107337281986791,"global",3,"param2"
"ts_8_autogen_original","CAE","CA","C","average",0.160579092877434,0.660550458715595,0,"global",1,"param2"
"ts_8_autogen_original","CBA","CB","C","average",1.2171520416514,0.700934579439252,0.193103370510316,"global",3,"param2"
"ts_8_autogen_original","CBB","CB","C","average",0.552106664799856,0.532710280373832,0.0262674456157293,"global",3,"param2"
"ts_8_autogen_original","CBC","CB","C","average",0.815922270256808,0.533018867924528,0.0614915064241896,"global",4,"param2"
"ts_8_autogen_original","CBD","CB","C","average",0.0401195600782253,0.361111111111111,0,"global",2,"param2"
"ts_8_autogen_original","CBE","CB","C","average",0.0214574201138099,0.333333333333333,0,"global",2,"param2"
"ts_8_autogen_original","CCA","CC","C","average",1.10692512147072,0.672897196261682,0.162061951880939,"global",3,"param2"
"ts_8_autogen_original","AAA","AA","A","lof",0.075875976222524,0.398148148148148,0,"global",2,"param2"
"ts_8_autogen_original","AAB","AA","A","lof",0.142909046668341,0.444444444444444,0,"global",2,"param2"
"ts_8_autogen_original","AAC","AA","A","lof",0.173299132833554,0.376947040498442,0,"global",3,"param2"
"ts_8_autogen_original","AAD","AA","A","lof",0.207713482113264,0.395638629283489,0,"global",3,"param2"
"ts_8_autogen_original","AAE","AA","A","lof",0.143196517224895,0.295238095238095,0,"global",5,"param2"
"ts_8_autogen_original","AAF","AA","A","lof",0.178998680671753,0.462962962962963,0,"global",2,"param2"
"ts_8_autogen_original","AAG","AA","A","lof",0.16542907119692,0.304761904761905,0,"global",5,"param2"
"ts_8_autogen_original","ABA","AB","A","lof",0.0739978802883265,0.237179487179487,0,"global",6,"param2"
"ts_8_autogen_original","ABB","AB","A","lof",0.24503480844237,0.414330218068536,0,"global",3,"param2"
"ts_8_autogen_original","BAA","BA","B","lof",0.25305484274718,0.307692307692308,0,"global",6,"param2"
"ts_8_autogen_original","BAB","BA","B","lof",0.454061957270922,0.321078431372549,0.0186710074624243,"global",8,"param2"
"ts_8_autogen_original","BAC","BA","B","lof",0.0870616435645011,0.407407407407407,0,"global",2,"param2"
"ts_8_autogen_original","BAD","BA","B","lof",0.264838107462377,0.423676012461059,0,"global",3,"param2"
"ts_8_autogen_original","BAE","BA","B","lof",0.0992708083947538,0.333333333333333,0,"global",3,"param2"
"ts_8_autogen_original","BAF","BA","B","lof",0.481123997173337,0.601851851851852,0.0251618632416944,"global",2,"param2"
"ts_8_autogen_original","BAG","BA","B","lof",1.02917052630126,0.654205607476635,0.146863016500188,"global",3,"param2"
"ts_8_autogen_original","BBA","BB","B","lof",0.221848749616356,0.706422018348624,0,"global",1,"param2"
"ts_8_autogen_original","BBB","BB","B","lof",0.31674109576421,0.448598130841121,0,"global",3,"param2"
"ts_8_autogen_original","BBC","BB","B","lof",0.0496280407874664,0.221153846153846,0,"global",6,"param2"
"ts_8_autogen_original","BBD","BB","B","lof",0.418143394760324,0.81651376146789,0.0113665069842005,"global",1,"param2"
"ts_8_autogen_original","BBE","BB","B","lof",0.19960857780709,0.472222222222222,0,"global",2,"param2"
"ts_8_autogen_original","BBF","BB","B","lof",0.542848986923936,0.462264150943396,0.0262674456157293,"global",4,"param2"
"ts_8_autogen_original","BBG","BB","B","lof",0.536242706838319,0.862385321100915,0.0262674456157293,"global",1,"param2"
"ts_8_autogen_original","CAA","CA","C","lof",0.127093207674257,0.435185185185186,0,"global",2,"param2"
"ts_8_autogen_original","CAB","CA","C","lof",0.189256632395012,0.314285714285714,0,"global",5,"param2"
"ts_8_autogen_original","CAC","CA","C","lof",1.42576271860361,0.554487179487179,0.271761454936903,"global",6,"param2"
"ts_8_autogen_original","CAD","CA","C","lof",0.465400238064276,0.504672897196262,0.0219242798918879,"global",3,"param2"
"ts_8_autogen_original","CAE","CA","C","lof",0.106894233914657,0.614678899082568,0,"global",1,"param2"
"ts_8_autogen_original","CBA","CB","C","lof",0.295026731396889,0.439252336448598,0,"global",3,"param2"
"ts_8_autogen_original","CBB","CB","C","lof",1.33758001604798,0.728971962616822,0.224027567891656,"global",3,"param2"
"ts_8_autogen_original","CBC","CB","C","lof",0.651685777637725,0.490566037735849,0.0336037478849755,"global",4,"param2"
"ts_8_autogen_original","CBD","CB","C","lof",0.0124187071432191,0.314814814814815,0,"global",2,"param2"
"ts_8_autogen_original","CBE","CB","C","lof",0.388623103070335,0.555555555555555,0.00536527700887336,"global",2,"param2"
"ts_8_autogen_original","CCA","CC","C","lof",0.552106664799856,0.532710280373832,0.0262674456157293,"global",3,"param2"
"ts_8_autogen_original","AAA","AA","A","own_site_simil_score",0.0420018267874342,0.0865384615384615,0,"global",2,"param2"
"ts_8_autogen_original","AAB","AA","A","own_site_simil_score",0.00843163733684929,0.0192307692307696,0,"global",2,"param2"
"ts_8_autogen_original","AAC","AA","A","own_site_simil_score",1.87040390527903,0.776699029126213,0.387178206851008,"global",3,"param2"
"ts_8_autogen_original","AAD","AA","A","own_site_simil_score",1.0565920522692,0.588996763754045,0.149143119891734,"global",3,"param2"
"ts_8_autogen_original","AAE","AA","A","own_site_simil_score",0.0481429408234602,0.0792079207920792,0,"global",5,"param2"
"ts_8_autogen_original","AAF","AA","A","own_site_simil_score",3.74546516867073,0.999999999999999,1.62936553150053,"global",2,"param2"
"ts_8_autogen_original","AAG","AA","A","own_site_simil_score",0.364244809427578,0.267326732673267,0,"global",5,"param2"
"ts_8_autogen_original","ABA","AB","A","own_site_simil_score",0.248404360037354,0.2,0,"global",6,"param2"
"ts_8_autogen_original","ABB","AB","A","own_site_simil_score",1.46946760236307,0.689320388349514,0.287488210490629,"global",3,"param2"
"ts_8_autogen_original","BAA","BA","B","own_site_simil_score",0.0434836745119979,0.07,0,"global",6,"param2"
"ts_8_autogen_original","BAB","BA","B","own_site_simil_score",0.312332164566293,0.201530612244898,0,"global",8,"param2"
"ts_8_autogen_original","BAC","BA","B","own_site_simil_score",0,-1.3392065234541e-15,0,"global",2,"param2"
"ts_8_autogen_original","BAD","BA","B","own_site_simil_score",1.54850289160142,0.70873786407767,0.312316838361072,"global",3,"param2"
"ts_8_autogen_original","BAE","BA","B","own_site_simil_score",0.0235198676199472,0.0485436893203883,0,"global",3,"param2"
"ts_8_autogen_original","BAF","BA","B","own_site_simil_score",0.424903488475491,0.442307692307693,0.0123256375863778,"global",2,"param2"
"ts_8_autogen_original","BAG","BA","B","own_site_simil_score",0.213108969298955,0.252427184466019,0,"global",3,"param2"
"ts_8_autogen_original","BBB","BB","B","own_site_simil_score",1.72260871023332,0.74757281553398,0.347812887213724,"global",3,"param2"
"ts_8_autogen_original","BBC","BB","B","own_site_simil_score",0.218314854014164,0.183333333333333,0,"global",6,"param2"
"ts_8_autogen_original","BBE","BB","B","own_site_simil_score",0.0963251045265082,0.173076923076923,0,"global",2,"param2"
"ts_8_autogen_original","BBF","BB","B","own_site_simil_score",0.07569392560524,0.117647058823529,0,"global",4,"param2"
"ts_8_autogen_original","CAA","CA","C","own_site_simil_score",1.92592123312886,0.903846153846153,0.408529504499828,"global",2,"param2"
"ts_8_autogen_original","CAB","CA","C","own_site_simil_score",0.556961476743812,0.336633663366337,0.0262674456157293,"global",5,"param2"
"ts_8_autogen_original","CAC","CA","C","own_site_simil_score",4.10133800552281,0.82,1.90091748265257,"global",6,"param2"
"ts_8_autogen_original","CAD","CA","C","own_site_simil_score",0.32899749193043,0.313915857605178,0,"global",3,"param2"
"ts_8_autogen_original","CBA","CB","C","own_site_simil_score",1.19055687289504,0.621359223300971,0.190528595314457,"global",3,"param2"
"ts_8_autogen_original","CBB","CB","C","own_site_simil_score",0.01836988358549,0.0388349514563107,0,"global",3,"param2"
"ts_8_autogen_original","CBC","CB","C","own_site_simil_score",0.358022839255564,0.28921568627451,0,"global",4,"param2"
"ts_8_autogen_original","CBD","CB","C","own_site_simil_score",0.0473646230473375,0.0961538461538461,0,"global",2,"param2"
"ts_8_autogen_original","CBE","CB","C","own_site_simil_score",0.0528826063958182,0.105769230769231,0,"global",2,"param2"
"ts_8_autogen_original","CCA","CC","C","own_site_simil_score",0.770033360161464,0.504854368932039,0.048797252574664,"global",3,"param2"
"ts_9_autogen_original","AAA","AA","A","range",0.158943700199628,0.449640287769784,0,"global",2,"param2"
"ts_9_autogen_original","AAB","AA","A","range",0.0114130348770087,0.309352517985612,0,"global",2,"param2"
"ts_9_autogen_original","AAC","AA","A","range",0.179711817855322,0.305882352941176,0,"global",5,"param2"
"ts_9_autogen_original","AAD","AA","A","range",0.903299102793011,0.552919708029197,0.095826643037314,"global",4,"param2"
"ts_9_autogen_original","AAE","AA","A","range",0.0516851563690281,0.222222222222223,0,"global",6,"param2"
"ts_9_autogen_original","AAF","AA","A","range",0.67529120824781,0.448529411764706,0.0336037478849755,"global",5,"param2"
"ts_9_autogen_original","AAG","AA","A","range",0.203575915528215,0.314705882352941,0,"global",5,"param2"
"ts_9_autogen_original","ABA","AB","A","range",0.518432804566724,0.315656565656565,0.0251618632416944,"global",9,"param2"
"ts_9_autogen_original","ABB","AB","A","range",0.160250026940247,0.328467153284672,0,"global",4,"param2"
"ts_9_autogen_original","BAA","BA","B","range",0.369844720713618,0.317697228144989,0,"global",7,"param2"
"ts_9_autogen_original","BAB","BA","B","range",0.482970723681054,0.324248120300752,0.0251618632416944,"global",8,"param2"
"ts_9_autogen_original","BAC","BA","B","range",0.104791355998446,0.41726618705036,0,"global",2,"param2"
"ts_9_autogen_original","BAD","BA","B","range",0.475661216883372,0.507246376811594,0.0250873906939628,"global",3,"param2"
"ts_9_autogen_original","BAE","BA","B","range",0.0509824457651041,0.304347826086956,0,"global",3,"param2"
"ts_9_autogen_original","BAF","BA","B","range",0.181003093723802,0.460431654676259,0,"global",2,"param2"
"ts_9_autogen_original","BAG","BA","B","range",0.393467862314926,0.416058394160584,0.00536527700887336,"global",4,"param2"
"ts_9_autogen_original","BBA","BB","B","range",0.356827423157126,0.785714285714286,0,"global",1,"param2"
"ts_9_autogen_original","BBB","BB","B","range",0.543297594525947,0.528985507246377,0.0262674456157293,"global",3,"param2"
"ts_9_autogen_original","BBC","BB","B","range",0.203457675187223,0.26865671641791,0,"global",7,"param2"
"ts_9_autogen_original","BBD","BB","B","range",0.157883286196553,0.369565217391304,0,"global",3,"param2"
"ts_9_autogen_original","BBE","BB","B","range",0.442205989254942,0.430656934306569,0.0150093028920486,"global",4,"param2"
"ts_9_autogen_original","BBF","BB","B","range",0.0553331687356279,0.241176470588235,0,"global",5,"param2"
"ts_9_autogen_original","BBG","BB","B","range",0.12105469323091,0.428057553956835,0,"global",2,"param2"
"ts_9_autogen_original","CAA","CA","C","range",0.19704961183892,0.467625899280575,0,"global",2,"param2"
"ts_9_autogen_original","CAB","CA","C","range",0.359870699858782,0.337037037037037,0,"global",6,"param2"
"ts_9_autogen_original","CAC","CA","C","range",0.52914577288447,0.381481481481481,0.025829992434005,"global",6,"param2"
"ts_9_autogen_original","CAD","CA","C","range",1.13880650628786,0.544117647058822,0.174274990314255,"global",5,"param2"
"ts_9_autogen_original","CAE","CA","C","range",0.0261144845267872,0.338129496402878,0,"global",2,"param2"
"ts_9_autogen_original","CBA","CB","C","range",0.0890868520708198,0.263235294117647,0,"global",5,"param2"
"ts_9_autogen_original","CBB","CB","C","range",0.933793227940131,0.630434782608695,0.107337281986791,"global",3,"param2"
"ts_9_autogen_original","CBC","CB","C","range",0.575146847407517,0.392592592592592,0.0262674456157293,"global",6,"param2"
"ts_9_autogen_original","CBD","CB","C","range",0.340005992106275,0.399635036496351,0,"global",4,"param2"
"ts_9_autogen_original","CBE","CB","C","range",0.0244853068239738,0.237226277372262,0,"global",4,"param2"
"ts_9_autogen_original","CCA","CC","C","range",0.0575521550596954,0.377697841726619,0,"global",2,"param2"
"ts_9_autogen_original","AAA","AA","A","sd",0.12105469323091,0.428057553956835,0,"global",2,"param2"
"ts_9_autogen_original","AAB","AA","A","sd",0.0161823052713475,0.320143884892087,0,"global",2,"param2"
"ts_9_autogen_original","AAC","AA","A","sd",0.0529616869209871,0.239705882352941,0,"global",5,"param2"
"ts_9_autogen_original","AAD","AA","A","sd",0.675133763420588,0.494525547445256,0.0336037478849755,"global",4,"param2"
"ts_9_autogen_original","AAE","AA","A","sd",0.0628973773990226,0.22962962962963,0,"global",6,"param2"
"ts_9_autogen_original","AAF","AA","A","sd",0.558229969177637,0.419117647058823,0.0262674456157293,"global",5,"param2"
"ts_9_autogen_original","AAG","AA","A","sd",0.165923430135088,0.3,0,"global",5,"param2"
"ts_9_autogen_original","ABA","AB","A","sd",0.40954374774542,0.292929292929292,0.00846377432876605,"global",9,"param2"
"ts_9_autogen_original","ABB","AB","A","sd",0.0460223018941522,0.255474452554745,0,"global",4,"param2"
"ts_9_autogen_original","BAA","BA","B","sd",0.629307960657078,0.377398720682303,0.0332318559846906,"global",7,"param2"
"ts_9_autogen_original","BAB","BA","B","sd",0.0761727734476899,0.206766917293233,0,"global",8,"param2"
"ts_9_autogen_original","BAC","BA","B","sd",0.173393564788319,0.456834532374102,0,"global",2,"param2"
"ts_9_autogen_original","BAD","BA","B","sd",0.497628370682915,0.514492753623188,0.0251618632416944,"global",3,"param2"
"ts_9_autogen_original","BAE","BA","B","sd",0.0709437769345058,0.318840579710145,0,"global",3,"param2"
"ts_9_autogen_original","BAF","BA","B","sd",0.126849664810586,0.431654676258992,0,"global",2,"param2"
"ts_9_autogen_original","BAG","BA","B","sd",0.855958638399721,0.54014598540146,0.079953019733145,"global",4,"param2"
"ts_9_autogen_original","BBA","BB","B","sd",0.356827423157126,0.785714285714286,0,"global",1,"param2"
"ts_9_autogen_original","BBB","BB","B","sd",0.319802280267836,0.449275362318841,0,"global",3,"param2"
"ts_9_autogen_original","BBC","BB","B","sd",0.203457675187223,0.26865671641791,0,"global",7,"param2"
"ts_9_autogen_original","BBD","BB","B","sd",0.0829452960256849,0.326086956521739,0,"global",3,"param2"
"ts_9_autogen_original","BBE","BB","B","sd",0.797549483404145,0.525547445255474,0.0605953340808906,"global",4,"param2"
"ts_9_autogen_original","BBF","BB","B","sd",0.0553331687356279,0.241176470588235,0,"global",5,"param2"
"ts_9_autogen_original","BBG","BB","B","sd",0.0900886363295587,0.406474820143886,0,"global",2,"param2"
"ts_9_autogen_original","CAA","CA","C","sd",0.0855105532639629,0.402877697841726,0,"global",2,"param2"
"ts_9_autogen_original","CAB","CA","C","sd",0.385950606096125,0.344444444444445,0.00447429403564979,"global",6,"param2"
"ts_9_autogen_original","CAC","CA","C","sd",0.956411774581837,0.47037037037037,0.113653899090544,"global",6,"param2"
"ts_9_autogen_original","CAD","CA","C","sd",1.34541616236342,0.580882352941175,0.226754308428621,"global",5,"param2"
"ts_9_autogen_original","CAE","CA","C","sd",0.0768116431170904,0.39568345323741,0,"global",2,"param2"
"ts_9_autogen_original","CBA","CB","C","sd",0.203575915528215,0.314705882352941,0,"global",5,"param2"
"ts_9_autogen_original","CBB","CB","C","sd",1.20719830708261,0.695652173913044,0.193103370510316,"global",3,"param2"
"ts_9_autogen_original","CBC","CB","C","sd",0.454165187695792,0.362962962962962,0.0186710074624243,"global",6,"param2"
"ts_9_autogen_original","CBD","CB","C","sd",0.591818309230154,0.472627737226277,0.0262674456157293,"global",4,"param2"
"ts_9_autogen_original","CBE","CB","C","sd",0.0408422381672084,0.251824817518248,0,"global",4,"param2"
"ts_9_autogen_original","CCA","CC","C","sd",0.232840373124935,0.482014388489208,0,"global",2,"param2"
"ts_9_autogen_original","AAA","AA","A","unique_value_count_relative",0.0972401494602162,0.172661870503596,0,"global",2,"param2"
"ts_9_autogen_original","AAB","AA","A","unique_value_count_relative",0.267264141315779,0.345323741007194,0,"global",2,"param2"
"ts_9_autogen_original","AAC","AA","A","unique_value_count_relative",0.0630166604499623,0.0955882352941189,0,"global",5,"param2"
"ts_9_autogen_original","AAD","AA","A","unique_value_count_relative",0.191579625530331,0.206204379562044,0,"global",4,"param2"
"ts_9_autogen_original","AAE","AA","A","unique_value_count_relative",0.230583773050584,0.188888888888889,0,"global",6,"param2"
"ts_9_autogen_original","AAF","AA","A","unique_value_count_relative",1.05164688252213,0.46764705882353,0.149143119891734,"global",5,"param2"
"ts_9_autogen_original","AAG","AA","A","unique_value_count_relative",0.532979785409861,0.327941176470588,0.0262674456157293,"global",5,"param2"
"ts_9_autogen_original","ABA","AB","A","unique_value_count_relative",0.615951566868494,0.272727272727273,0.0332318559846906,"global",9,"param2"
"ts_9_autogen_original","ABB","AB","A","unique_value_count_relative",1.0302887111875,0.509124087591241,0.146863016500188,"global",4,"param2"
"ts_9_autogen_original","BAA","BA","B","unique_value_count_relative",0.0681548251349282,0.0895522388059706,0,"global",7,"param2"
"ts_9_autogen_original","BAB","BA","B","unique_value_count_relative",0.0114344298572208,0.0225563909774437,0,"global",8,"param2"
"ts_9_autogen_original","BAC","BA","B","unique_value_count_relative",1.21980018694109,0.762589928057554,0.193103370510316,"global",2,"param2"
"ts_9_autogen_original","BAD","BA","B","unique_value_count_relative",0.535556517683711,0.41304347826087,0.0262674456157293,"global",3,"param2"
"ts_9_autogen_original","BAE","BA","B","unique_value_count_relative",0.0132367834935838,0.0289855072463779,0,"global",3,"param2"
"ts_9_autogen_original","BAF","BA","B","unique_value_count_relative",1.03862940235613,0.705035971223021,0.146863016500188,"global",2,"param2"
"ts_9_autogen_original","BAG","BA","B","unique_value_count_relative",0.752832055637495,0.434306569343066,0.0407607672497524,"global",4,"param2"
"ts_9_autogen_original","BBA","BB","B","unique_value_count_relative",0.316710199949144,0.521428571428572,0,"global",1,"param2"
"ts_9_autogen_original","BBB","BB","B","unique_value_count_relative",1.20319219521026,0.623188405797102,0.193103370510316,"global",3,"param2"
"ts_9_autogen_original","BBC","BB","B","unique_value_count_relative",0.616448060839466,0.303837953091685,0.0332318559846906,"global",7,"param2"
"ts_9_autogen_original","BBD","BB","B","unique_value_count_relative",0.504586239219602,0.398550724637681,0.0251618632416944,"global",3,"param2"
"ts_9_autogen_original","BBE","BB","B","unique_value_count_relative",0.875745359256464,0.467153284671533,0.086704002613648,"global",4,"param2"
"ts_9_autogen_original","BBF","BB","B","unique_value_count_relative",0.0432058505243025,0.0720588235294118,0,"global",5,"param2"
"ts_9_autogen_original","BBG","BB","B","unique_value_count_relative",0.0635208896863367,0.122302158273383,0,"global",2,"param2"
"ts_9_autogen_original","CAA","CA","C","unique_value_count_relative",0.054797900051018,0.10791366906475,0,"global",2,"param2"
"ts_9_autogen_original","CAB","CA","C","unique_value_count_relative",0.658337603773691,0.337037037037037,0.0336037478849755,"global",6,"param2"
"ts_9_autogen_original","CAC","CA","C","unique_value_count_relative",1.54948773109764,0.522222222222222,0.312316838361072,"global",6,"param2"
"ts_9_autogen_original","CAD","CA","C","unique_value_count_relative",0.157751081615812,0.16764705882353,0,"global",5,"param2"
"ts_9_autogen_original","CAE","CA","C","unique_value_count_relative",0.611400017582105,0.510791366906474,0.0307496357642197,"global",2,"param2"
"ts_9_autogen_original","CBA","CB","C","unique_value_count_relative",0.20837132650588,0.192647058823529,0,"global",5,"param2"
"ts_9_autogen_original","CBB","CB","C","unique_value_count_relative",0.304728527585671,0.304347826086956,0,"global",3,"param2"
"ts_9_autogen_original","CBC","CB","C","unique_value_count_relative",0.0614225395081185,0.0888888888888884,0,"global",6,"param2"
"ts_9_autogen_original","CBD","CB","C","unique_value_count_relative",0.295628981004108,0.255474452554745,0,"global",4,"param2"
"ts_9_autogen_original","CBE","CB","C","unique_value_count_relative",0.040481914459862,0.0729927007299278,0,"global",4,"param2"
"ts_9_autogen_original","CCA","CC","C","unique_value_count_relative",0.649728410090923,0.532374100719424,0.0334988189052406,"global",2,"param2"
"ts_9_autogen_original","AAA","AA","A","autocorr",0.232840373124935,0.482014388489209,0,"global",2,"param2"
"ts_9_autogen_original","AAB","AA","A","autocorr",0.537647523245879,0.625899280575539,0.0262674456157293,"global",2,"param2"
"ts_9_autogen_original","AAC","AA","A","autocorr",1.28488653368719,0.572058823529411,0.209493718048065,"global",5,"param2"
"ts_9_autogen_original","AAD","AA","A","autocorr",0.00710564539441239,0.208029197080292,0,"global",4,"param2"
"ts_9_autogen_original","AAE","AA","A","autocorr",0.543641364888295,0.385185185185185,0.0262674456157293,"global",6,"param2"
"ts_9_autogen_original","AAF","AA","A","autocorr",0.208707554060483,0.316176470588235,0,"global",5,"param2"
"ts_9_autogen_original","AAG","AA","A","autocorr",0.136135529914276,0.286764705882353,0,"global",5,"param2"
"ts_9_autogen_original","ABA","AB","A","autocorr",0.789763898365248,0.366161616161616,0.0559991965365096,"global",9,"param2"
"ts_9_autogen_original","ABB","AB","A","autocorr",0.226349070198948,0.357664233576643,0,"global",4,"param2"
"ts_9_autogen_original","BAA","BA","B","autocorr",0.547668505355151,0.358208955223881,0.0262674456157293,"global",7,"param2"
"ts_9_autogen_original","BAB","BA","B","autocorr",0.20243401310156,0.253759398496241,0,"global",8,"param2"
"ts_9_autogen_original","BAC","BA","B","autocorr",0.19704961183892,0.467625899280576,0,"global",2,"param2"
"ts_9_autogen_original","BAD","BA","B","autocorr",0.0965101478360203,0.333333333333333,0,"global",3,"param2"
"ts_9_autogen_original","BAE","BA","B","autocorr",0.0829452960256849,0.326086956521739,0,"global",3,"param2"
"ts_9_autogen_original","BAF","BA","B","autocorr",1.08476112342846,0.805755395683453,0.157262076269467,"global",2,"param2"
"ts_9_autogen_original","BAG","BA","B","autocorr",0.060298528647412,0.268248175182482,0,"global",4,"param2"
"ts_9_autogen_original","BBA","BB","B","autocorr",1.37106786227174,0.985714285714283,0.23936315177096,"global",1,"param2"
"ts_9_autogen_original","BBB","BB","B","autocorr",0.454251578006231,0.5,0.0186710074624243,"global",3,"param2"
"ts_9_autogen_original","BBC","BB","B","autocorr",0.158406593726579,0.253731343283582,0,"global",7,"param2"
"ts_9_autogen_original","BBD","BB","B","autocorr",0.840140663891745,0.608695652173914,0.0715227441910238,"global",3,"param2"
"ts_9_autogen_original","BBE","BB","B","autocorr",0.574812559131389,0.467153284671533,0.0262674456157293,"global",4,"param2"
"ts_9_autogen_original","BBF","BB","B","autocorr",0.250579321704092,0.330882352941176,0,"global",5,"param2"
"ts_9_autogen_original","BBG","BB","B","autocorr",0.166044040617567,0.453237410071942,0,"global",2,"param2"
"ts_9_autogen_original","CAA","CA","C","autocorr",0.402584913717801,0.56115107913669,0.00536527700887336,"global",2,"param2"
"ts_9_autogen_original","CAB","CA","C","autocorr",0.818185822245559,0.444444444444445,0.0614915064241896,"global",6,"param2"
"ts_9_autogen_original","CAC","CA","C","autocorr",0.640642529902641,0.407407407407408,0.0332318559846906,"global",6,"param2"
"ts_9_autogen_original","CAD","CA","C","autocorr",0.548682275941918,0.417647058823529,0.0262674456157293,"global",5,"param2"
"ts_9_autogen_original","CAE","CA","C","autocorr",0.997805480515456,0.784172661870502,0.139807638467427,"global",2,"param2"
"ts_9_autogen_original","CBA","CB","C","autocorr",0.283906267610749,0.342647058823529,0,"global",5,"param2"
"ts_9_autogen_original","CBB","CB","C","autocorr",1.12123502593085,0.673913043478261,0.169138148208595,"global",3,"param2"
"ts_9_autogen_original","CBC","CB","C","autocorr",0.575146847407517,0.392592592592592,0.0262674456157293,"global",6,"param2"
"ts_9_autogen_original","CBD","CB","C","autocorr",0.0434059141987591,0.253649635036496,0,"global",4,"param2"
"ts_9_autogen_original","CBE","CB","C","autocorr",0.0833107492086352,0.284671532846716,0,"global",4,"param2"
"ts_9_autogen_original","CCA","CC","C","autocorr",0.697651962408106,0.690647482014388,0.0363685765390563,"global",2,"param2"
"ts_9_autogen_original","AAA","AA","A","average",0.021836602793161,0.330935251798561,0,"global",2,"param2"
"ts_9_autogen_original","AAB","AA","A","average",0.188884264537497,0.464028776978418,0,"global",2,"param2"
"ts_9_autogen_original","AAC","AA","A","average",0.791907400277637,0.476470588235294,0.057082149736505,"global",5,"param2"
"ts_9_autogen_original","AAD","AA","A","average",0.91711285984277,0.554744525547445,0.102043218336551,"global",4,"param2"
"ts_9_autogen_original","AAE","AA","A","average",0.818185822245559,0.444444444444444,0.0614915064241896,"global",6,"param2"
"ts_9_autogen_original","AAF","AA","A","average",0.72662994508986,0.461764705882352,0.0363685765390563,"global",5,"param2"
"ts_9_autogen_original","AAG","AA","A","average",0.644916389185163,0.441176470588235,0.0332318559846906,"global",5,"param2"
"ts_9_autogen_original","ABA","AB","A","average",0.518432804566724,0.315656565656565,0.0251618632416944,"global",9,"param2"
"ts_9_autogen_original","ABB","AB","A","average",0.114401418253861,0.304744525547445,0,"global",4,"param2"
"ts_9_autogen_original","BAA","BA","B","average",1.04283986521393,0.454157782515991,0.146863016500188,"global",7,"param2"
"ts_9_autogen_original","BAB","BA","B","average",0.454942139571307,0.318609022556391,0.0186710074624243,"global",8,"param2"
"ts_9_autogen_original","BAC","BA","B","average",0.0444881937343235,0.363309352517986,0,"global",2,"param2"
"ts_9_autogen_original","BAD","BA","B","average",0.751318384191732,0.58695652173913,0.0402535724581699,"global",3,"param2"
"ts_9_autogen_original","BAE","BA","B","average",0.52016799543109,0.521739130434782,0.0251618632416944,"global",3,"param2"
"ts_9_autogen_original","BAF","BA","B","average",0.322959149226145,0.517985611510792,0,"global",2,"param2"
"ts_9_autogen_original","BAG","BA","B","average",0.145604820224984,0.321167883211679,0,"global",4,"param2"
"ts_9_autogen_original","BBA","BB","B","average",0.486461280973806,0.842857142857143,0.0251618632416944,"global",1,"param2"
"ts_9_autogen_original","BBB","BB","B","average",0.543297594525947,0.528985507246377,0.0262674456157293,"global",3,"param2"
"ts_9_autogen_original","BBC","BB","B","average",0.0254633042408383,0.185501066098081,0,"global",7,"param2"
"ts_9_autogen_original","BBD","BB","B","average",0.254451246056611,0.420289855072464,0,"global",3,"param2"
"ts_9_autogen_original","BBE","BB","B","average",0.106079282981462,0.299270072992701,0,"global",4,"param2"
"ts_9_autogen_original","BBF","BB","B","average",0.102386786705758,0.270588235294118,0,"global",5,"param2"
"ts_9_autogen_original","BBG","BB","B","average",0.158943700199628,0.449640287769784,0,"global",2,"param2"
"ts_9_autogen_original","CAA","CA","C","average",0.640978057358333,0.669064748201438,0.0332318559846906,"global",2,"param2"
"ts_9_autogen_original","CAB","CA","C","average",0.198726647290765,0.288888888888889,0,"global",6,"param2"
"ts_9_autogen_original","CAC","CA","C","average",0.138609881309026,0.266666666666666,0,"global",6,"param2"
"ts_9_autogen_original","CAD","CA","C","average",1.28188442733286,0.570588235294118,0.209493718048065,"global",5,"param2"
"ts_9_autogen_original","CAE","CA","C","average",0.622879835265535,0.661870503597122,0.0332318559846906,"global",2,"param2"
"ts_9_autogen_original","CBA","CB","C","average",0.93154654166878,0.505882352941175,0.107337281986791,"global",5,"param2"
"ts_9_autogen_original","CBB","CB","C","average",0.497628370682915,0.514492753623188,0.0251618632416944,"global",3,"param2"
"ts_9_autogen_original","CBC","CB","C","average",0.781189109897731,0.437037037037037,0.0516912228733884,"global",6,"param2"
"ts_9_autogen_original","CBD","CB","C","average",1.10384246379444,0.596715328467153,0.162061951880939,"global",4,"param2"
"ts_9_autogen_original","CBE","CB","C","average",0.340005992106275,0.39963503649635,0,"global",4,"param2"
"ts_9_autogen_original","CCA","CC","C","average",0.622879835265535,0.661870503597122,0.0332318559846906,"global",2,"param2"
"ts_9_autogen_original","AAA","AA","A","lof",0.0997242047466814,0.413669064748201,0,"global",2,"param2"
"ts_9_autogen_original","AAB","AA","A","lof",0.0726826916159315,0.392086330935252,0,"global",2,"param2"
"ts_9_autogen_original","AAC","AA","A","lof",0.235449060623739,0.326470588235294,0,"global",5,"param2"
"ts_9_autogen_original","AAD","AA","A","lof",0.842570610325057,0.538321167883212,0.0723634019823759,"global",4,"param2"
"ts_9_autogen_original","AAE","AA","A","lof",0.0893119364141977,0.244444444444445,0,"global",6,"param2"
"ts_9_autogen_original","AAF","AA","A","lof",0.615288253654279,0.433823529411765,0.0332318559846906,"global",5,"param2"
"ts_9_autogen_original","AAG","AA","A","lof",0.148514762289385,0.292647058823529,0,"global",5,"param2"
"ts_9_autogen_original","ABA","AB","A","lof",0.149406160371138,0.224747474747474,0,"global",9,"param2"
"ts_9_autogen_original","ABB","AB","A","lof",0.165936451640406,0.332116788321168,0,"global",4,"param2"
"ts_9_autogen_original","BAA","BA","B","lof",1.25474063760442,0.489339019189765,0.198226690418463,"global",7,"param2"
"ts_9_autogen_original","BAB","BA","B","lof",0.214426965142565,0.256578947368421,0,"global",8,"param2"
"ts_9_autogen_original","BAC","BA","B","lof",0.132842483812468,0.435251798561152,0,"global",2,"param2"
"ts_9_autogen_original","BAD","BA","B","lof",0.355517719206223,0.463768115942029,0,"global",3,"param2"
"ts_9_autogen_original","BAE","BA","B","lof",0.0709437769345058,0.318840579710145,0,"global",3,"param2"
"ts_9_autogen_original","BAF","BA","B","lof",0.297960763936304,0.503597122302158,0,"global",2,"param2"
"ts_9_autogen_original","BAG","BA","B","lof",0.855958638399721,0.54014598540146,0.079953019733145,"global",4,"param2"
"ts_9_autogen_original","BBA","BB","B","lof",0.401031085649179,0.807142857142857,0.00536527700887336,"global",1,"param2"
"ts_9_autogen_original","BBB","BB","B","lof",0.302719896617606,0.442028985507247,0,"global",3,"param2"
"ts_9_autogen_original","BBC","BB","B","lof",0.263124133545516,0.287846481876333,0,"global",7,"param2"
"ts_9_autogen_original","BBD","BB","B","lof",0.13407957012656,0.355072463768116,0,"global",3,"param2"
"ts_9_autogen_original","BBE","BB","B","lof",0.5472555815485,0.45985401459854,0.0262674456157293,"global",4,"param2"
"ts_9_autogen_original","BBF","BB","B","lof",0.521539730760613,0.410294117647058,0.0251618632416944,"global",5,"param2"
"ts_9_autogen_original","BBG","BB","B","lof",0.0810862815560764,0.399280575539569,0,"global",2,"param2"
"ts_9_autogen_original","CAA","CA","C","lof",0.047570217636052,0.366906474820144,0,"global",2,"param2"
"ts_9_autogen_original","CAB","CA","C","lof",0.234437777805015,0.3,0,"global",6,"param2"
"ts_9_autogen_original","CAC","CA","C","lof",0.877963009057712,0.455555555555555,0.0867637697468146,"global",6,"param2"
"ts_9_autogen_original","CAD","CA","C","lof",1.85655772095993,0.661764705882351,0.385070425803155,"global",5,"param2"
"ts_9_autogen_original","CAE","CA","C","lof",0.126849664810586,0.431654676258993,0,"global",2,"param2"
"ts_9_autogen_original","CBA","CB","C","lof",0.0553331687356279,0.241176470588235,0,"global",5,"param2"
"ts_9_autogen_original","CBB","CB","C","lof",1.29923881447813,0.717391304347826,0.215141345660089,"global",3,"param2"
"ts_9_autogen_original","CBC","CB","C","lof",1.05309519464792,0.488888888888889,0.149143119891734,"global",6,"param2"
"ts_9_autogen_original","CBD","CB","C","lof",0.484148980570027,0.443430656934307,0.0251618632416944,"global",4,"param2"
"ts_9_autogen_original","CBE","CB","C","lof",0.00078690321457745,0.173357664233577,0,"global",4,"param2"
"ts_9_autogen_original","CCA","CC","C","lof",0.361859860484913,0.539568345323741,0,"global",2,"param2"
"ts_9_autogen_original","AAA","AA","A","own_site_simil_score",0.0384789164690899,0.0797101449275362,0,"global",2,"param2"
"ts_9_autogen_original","AAB","AA","A","own_site_simil_score",0.0234290252923114,0.0507246376811588,0,"global",2,"param2"
"ts_9_autogen_original","AAC","AA","A","own_site_simil_score",0.358865012120649,0.266666666666667,0,"global",5,"param2"
"ts_9_autogen_original","AAD","AA","A","own_site_simil_score",2.12347600040302,0.720588235294116,0.484497617952479,"global",4,"param2"
"ts_9_autogen_original","AAE","AA","A","own_site_simil_score",0.0687289290985422,0.0945273631840796,0,"global",6,"param2"
"ts_9_autogen_original","AAF","AA","A","own_site_simil_score",1.69789844591848,0.592592592592593,0.33362112040957,"global",5,"param2"
"ts_9_autogen_original","AAG","AA","A","own_site_simil_score",0.236412544627098,0.207407407407407,0,"global",5,"param2"
"ts_9_autogen_original","ABA","AB","A","own_site_simil_score",0.211063548069675,0.152671755725191,0,"global",9,"param2"
"ts_9_autogen_original","ABB","AB","A","own_site_simil_score",0.850307507969141,0.463235294117646,0.0777902171483861,"global",4,"param2"
"ts_9_autogen_original","BAA","BA","B","own_site_simil_score",0.388126008211792,0.240601503759398,0.00536527700887336,"global",7,"param2"
"ts_9_autogen_original","BAB","BA","B","own_site_simil_score",0.128192445055091,0.121212121212121,0,"global",8,"param2"
"ts_9_autogen_original","BAC","BA","B","own_site_simil_score",0,1.47971912500822e-15,0,"global",2,"param2"
"ts_9_autogen_original","BAD","BA","B","own_site_simil_score",1.35267280484011,0.656934306569342,0.22884071743922,"global",3,"param2"
"ts_9_autogen_original","BAE","BA","B","own_site_simil_score",0.0243116723236682,0.046228710462287,0,"global",3,"param2"
"ts_9_autogen_original","BAF","BA","B","own_site_simil_score",0.370693093531175,0.413043478260869,0,"global",2,"param2"
"ts_9_autogen_original","BAG","BA","B","own_site_simil_score",0.934981952315305,0.485294117647058,0.107337281986791,"global",4,"param2"
"ts_9_autogen_original","BBB","BB","B","own_site_simil_score",1.87387908709352,0.773722627737226,0.387178206851008,"global",3,"param2"
"ts_9_autogen_original","BBC","BB","B","own_site_simil_score",0.152834611786963,0.142857142857143,0,"global",7,"param2"
"ts_9_autogen_original","BBD","BB","B","own_site_simil_score",0.26979712658622,0.284671532846715,0,"global",3,"param2"
"ts_9_autogen_original","BBE","BB","B","own_site_simil_score",0.445725997258029,0.330882352941176,0.0151103029654675,"global",4,"param2"
"ts_9_autogen_original","BBF","BB","B","own_site_simil_score",0.069246439429704,0.103703703703704,0,"global",5,"param2"
"ts_9_autogen_original","BBG","BB","B","own_site_simil_score",0.00633952164060475,0.0144927536231884,0,"global",2,"param2"
"ts_9_autogen_original","CAA","CA","C","own_site_simil_score",2.02907144794726,0.913043478260871,0.435510348973375,"global",2,"param2"
"ts_9_autogen_original","CAB","CA","C","own_site_simil_score",0.234698286111048,0.191542288557214,0,"global",6,"param2"
"ts_9_autogen_original","CAC","CA","C","own_site_simil_score",4.10389100687307,0.813432835820897,1.90091748265257,"global",6,"param2"
"ts_9_autogen_original","CAD","CA","C","own_site_simil_score",0.0848700639050438,0.118518518518519,0,"global",5,"param2"
"ts_9_autogen_original","CAE","CA","C","own_site_simil_score",2.54095480892613,0.956521739130436,0.712920190255546,"global",2,"param2"
"ts_9_autogen_original","CBA","CB","C","own_site_simil_score",2.23066488830617,0.674074074074075,0.533888714075153,"global",5,"param2"
"ts_9_autogen_original","CBB","CB","C","own_site_simil_score",0.0172204567203041,0.0364963503649635,0,"global",3,"param2"
"ts_9_autogen_original","CBC","CB","C","own_site_simil_score",0.693852597805618,0.345771144278607,0.0363685765390563,"global",6,"param2"
"ts_9_autogen_original","CBD","CB","C","own_site_simil_score",0.963514892837746,0.492647058823529,0.117711924085824,"global",4,"param2"
"ts_9_autogen_original","CBE","CB","C","own_site_simil_score",1.07515537073,0.522058823529411,0.156842392049003,"global",4,"param2"
"ts_9_autogen_original","CCA","CC","C","own_site_simil_score",1.18877229081477,0.753623188405797,0.190528595314457,"global",2,"param2"
"ts_10_autogen_original","AAA","AA","A","range",0.0646421398559932,0.31163708086785,0,"global",3,"param2"
"ts_10_autogen_original","AAB","AA","A","range",0.293940100892024,0.435897435897436,0,"global",3,"param2"
"ts_10_autogen_original","AAC","AA","A","range",0.176931438693709,0.279116465863454,0,"global",6,"param2"
"ts_10_autogen_original","AAD","AA","A","range",0.742525735935067,0.511904761904762,0.0383516598107564,"global",4,"param2"
"ts_10_autogen_original","AAE","AA","A","range",0.238496399964443,0.278787878787879,0,"global",7,"param2"
"ts_10_autogen_original","AAF","AA","A","range",0.909856042926506,0.553571428571429,0.0986016044208026,"global",4,"param2"
"ts_10_autogen_original","AAG","AA","A","range",0.454644114543719,0.36144578313253,0.0186710074624243,"global",6,"param2"
"ts_10_autogen_original","ABA","AB","A","range",0.0375481596811129,0.159796725014116,0,"global",11,"param2"
"ts_10_autogen_original","ABB","AB","A","range",0.0910853630379309,0.291666666666666,0,"global",4,"param2"
"ts_10_autogen_original","BAA","BA","B","range",0.185590428665779,0.262337662337662,0,"global",7,"param2"
"ts_10_autogen_original","BAB","BA","B","range",0.155328983006614,0.224948875255624,0,"global",9,"param2"
"ts_10_autogen_original","BAC","BA","B","range",0.070580461169424,0.315581854043393,0,"global",3,"param2"
"ts_10_autogen_original","BAD","BA","B","range",0.57880236287526,0.391566265060241,0.0262674456157293,"global",6,"param2"
"ts_10_autogen_original","BAE","BA","B","range",0.230140718891916,0.406311637080868,0,"global",3,"param2"
"ts_10_autogen_original","BAF","BA","B","range",0.120707386135272,0.309523809523809,0,"global",4,"param2"
"ts_10_autogen_original","BAG","BA","B","range",0.300421017460493,0.386904761904762,0,"global",4,"param2"
"ts_10_autogen_original","BBA","BB","B","range",0.366296727176573,0.789473684210526,0,"global",1,"param2"
"ts_10_autogen_original","BBB","BB","B","range",1.10129698253522,0.595238095238095,0.162061951880939,"global",4,"param2"
"ts_10_autogen_original","BBC","BB","B","range",0.172533760355384,0.243902439024391,0,"global",8,"param2"
"ts_10_autogen_original","BBD","BB","B","range",0.193165221028928,0.345238095238095,0,"global",4,"param2"
"ts_10_autogen_original","BBE","BB","B","range",0.653686432132895,0.443113772455089,0.0336037478849755,"global",5,"param2"
"ts_10_autogen_original","BBF","BB","B","range",0.0225360425042171,0.209580838323353,0,"global",5,"param2"
"ts_10_autogen_original","BBG","BB","B","range",0.478387619548726,0.396407185628742,0.0251618632416944,"global",5,"param2"
"ts_10_autogen_original","CAA","CA","C","range",0.404437594622664,0.479289940828402,0.00536527700887336,"global",3,"param2"
"ts_10_autogen_original","CAB","CA","C","range",0.188851413137949,0.263203463203463,0,"global",7,"param2"
"ts_10_autogen_original","CAC","CA","C","range",0.931770153976084,0.463855421686747,0.107337281986791,"global",6,"param2"
"ts_10_autogen_original","CAD","CA","C","range",1.13195341739405,0.466666666666666,0.171011132443885,"global",7,"param2"
"ts_10_autogen_original","CAE","CA","C","range",0.0613036643723061,0.38235294117647,0,"global",2,"param2"
"ts_10_autogen_original","CBA","CB","C","range",0.00553049884317738,0.166666666666667,0,"global",6,"param2"
"ts_10_autogen_original","CBB","CB","C","range",1.38833169084969,0.648809523809523,0.243180256621666,"global",4,"param2"
"ts_10_autogen_original","CBC","CB","C","range",0.345280300339803,0.309090909090909,0,"global",7,"param2"
"ts_10_autogen_original","CBD","CB","C","range",0.0735143361102129,0.252694610778443,0,"global",5,"param2"
"ts_10_autogen_original","CBE","CB","C","range",0.456353695239946,0.390419161676647,0.0186710074624243,"global",5,"param2"
"ts_10_autogen_original","CCA","CC","C","range",0.15469303073812,0.327380952380952,0,"global",4,"param2"
"ts_10_autogen_original","AAA","AA","A","sd",0.143676809673311,0.358974358974358,0,"global",3,"param2"
"ts_10_autogen_original","AAB","AA","A","sd",0.134113386126443,0.353057199211045,0,"global",3,"param2"
"ts_10_autogen_original","AAC","AA","A","sd",0.194135808235151,0.285140562248996,0,"global",6,"param2"
"ts_10_autogen_original","AAD","AA","A","sd",0.674787739528641,0.494047619047619,0.0336037478849755,"global",4,"param2"
"ts_10_autogen_original","AAE","AA","A","sd",0.16217580326776,0.254545454545455,0,"global",7,"param2"
"ts_10_autogen_original","AAF","AA","A","sd",0.884567625342929,0.547619047619048,0.0899395231199018,"global",4,"param2"
"ts_10_autogen_original","AAG","AA","A","sd",0.241469602084125,0.301204819277108,0,"global",6,"param2"
"ts_10_autogen_original","ABA","AB","A","sd",0.123755762998195,0.195934500282327,0,"global",11,"param2"
"ts_10_autogen_original","ABB","AB","A","sd",0.0115435970647716,0.220238095238095,0,"global",4,"param2"
"ts_10_autogen_original","BAA","BA","B","sd",0.363528951314486,0.314285714285714,0,"global",7,"param2"
"ts_10_autogen_original","BAB","BA","B","sd",0.0508617182247229,0.182685753237901,0,"global",9,"param2"
"ts_10_autogen_original","BAC","BA","B","sd",0.0468300650885275,0.297830374753452,0,"global",3,"param2"
"ts_10_autogen_original","BAD","BA","B","sd",0.71700800435623,0.421686746987952,0.0363685765390563,"global",6,"param2"
"ts_10_autogen_original","BAE","BA","B","sd",0.206797755730933,0.39447731755424,0,"global",3,"param2"
"ts_10_autogen_original","BAF","BA","B","sd",0.0363338197744764,0.25,0,"global",4,"param2"
"ts_10_autogen_original","BAG","BA","B","sd",0.697727747123935,0.5,0.0363685765390563,"global",4,"param2"
"ts_10_autogen_original","BBA","BB","B","sd",0.487340419901349,0.842105263157895,0.0251618632416944,"global",1,"param2"
"ts_10_autogen_original","BBB","BB","B","sd",0.835420595287355,0.535714285714286,0.0709353996505903,"global",4,"param2"
"ts_10_autogen_original","BBC","BB","B","sd",0.371254166014258,0.298780487804878,0,"global",8,"param2"
"ts_10_autogen_original","BBD","BB","B","sd",0.131544256093357,0.31547619047619,0,"global",4,"param2"
"ts_10_autogen_original","BBE","BB","B","sd",0.653686432132895,0.443113772455089,0.0336037478849755,"global",5,"param2"
"ts_10_autogen_original","BBF","BB","B","sd",0.0709413526174346,0.251497005988024,0,"global",5,"param2"
"ts_10_autogen_original","BBG","BB","B","sd",0.544351171006659,0.41437125748503,0.0262674456157293,"global",5,"param2"
"ts_10_autogen_original","CAA","CA","C","sd",0.247911983538798,0.414201183431953,0,"global",3,"param2"
"ts_10_autogen_original","CAB","CA","C","sd",0.802016542933497,0.408658008658008,0.0606421590179606,"global",7,"param2"
"ts_10_autogen_original","CAC","CA","C","sd",1.00891001001786,0.477911646586344,0.143931287084673,"global",6,"param2"
"ts_10_autogen_original","CAD","CA","C","sd",0.756543492035375,0.4,0.0414387025000731,"global",7,"param2"
"ts_10_autogen_original","CAE","CA","C","sd",0.0613036643723061,0.38235294117647,0,"global",2,"param2"
"ts_10_autogen_original","CBA","CB","C","sd",0.0305023641841542,0.20281124497992,0,"global",6,"param2"
"ts_10_autogen_original","CBB","CB","C","sd",1.64305329600565,0.690476190476189,0.31856565931587,"global",4,"param2"
"ts_10_autogen_original","CBC","CB","C","sd",0.605305481431774,0.369696969696969,0.0307496357642197,"global",7,"param2"
"ts_10_autogen_original","CBD","CB","C","sd",0.104782343396098,0.27065868263473,0,"global",5,"param2"
"ts_10_autogen_original","CBE","CB","C","sd",0.500359415761079,0.402395209580839,0.0251618632416944,"global",5,"param2"
"ts_10_autogen_original","CCA","CC","C","sd",0.0910853630379309,0.291666666666667,0,"global",4,"param2"
"ts_10_autogen_original","AAA","AA","A","unique_value_count_relative",0.476605623224713,0.382642998027613,0.0251618632416944,"global",3,"param2"
"ts_10_autogen_original","AAB","AA","A","unique_value_count_relative",0.0983723413980845,0.153846153846154,0,"global",3,"param2"
"ts_10_autogen_original","AAC","AA","A","unique_value_count_relative",0.220137713706738,0.182730923694779,0,"global",6,"param2"
"ts_10_autogen_original","AAD","AA","A","unique_value_count_relative",0.213509167740509,0.220238095238095,0,"global",4,"param2"
"ts_10_autogen_original","AAE","AA","A","unique_value_count_relative",0.596972476407945,0.296969696969697,0.0288160906549592,"global",7,"param2"
"ts_10_autogen_original","AAF","AA","A","unique_value_count_relative",0.153604603791437,0.18452380952381,0,"global",4,"param2"
"ts_10_autogen_original","AAG","AA","A","unique_value_count_relative",1.94618244924652,0.580321285140562,0.408529504499828,"global",6,"param2"
"ts_10_autogen_original","ABA","AB","A","unique_value_count_relative",0.168124249688448,0.122529644268775,0,"global",11,"param2"
"ts_10_autogen_original","ABB","AB","A","unique_value_count_relative",0.202331349384985,0.214285714285715,0,"global",4,"param2"
"ts_10_autogen_original","BAA","BA","B","unique_value_count_relative",0.262895074352412,0.19047619047619,0,"global",7,"param2"
"ts_10_autogen_original","BAB","BA","B","unique_value_count_relative",1.31800875995764,0.398773006134969,0.220032478345276,"global",9,"param2"
"ts_10_autogen_original","BAC","BA","B","unique_value_count_relative",0.196091816572751,0.238658777120316,0,"global",3,"param2"
"ts_10_autogen_original","BAD","BA","B","unique_value_count_relative",0.502604344512983,0.291164658634538,0.0251618632416944,"global",6,"param2"
"ts_10_autogen_original","BAE","BA","B","unique_value_count_relative",0.19214386144342,0.236686390532546,0,"global",3,"param2"
"ts_10_autogen_original","BAF","BA","B","unique_value_count_relative",0.0388683091534197,0.0714285714285732,0,"global",4,"param2"
"ts_10_autogen_original","BAG","BA","B","unique_value_count_relative",1.13645059095134,0.535714285714286,0.173717398383294,"global",4,"param2"
"ts_10_autogen_original","BBA","BB","B","unique_value_count_relative",0.138618433899493,0.274853801169593,0,"global",1,"param2"
"ts_10_autogen_original","BBB","BB","B","unique_value_count_relative",0.00805733873243442,0.0178571428571433,0,"global",4,"param2"
"ts_10_autogen_original","BBC","BB","B","unique_value_count_relative",0.374035416354704,0.219512195121951,0.00069334027605901,"global",8,"param2"
"ts_10_autogen_original","BBD","BB","B","unique_value_count_relative",0.0769308742797018,0.11904761904762,0,"global",4,"param2"
"ts_10_autogen_original","BBE","BB","B","unique_value_count_relative",0.0147473698504147,0.0299401197604794,0,"global",5,"param2"
"ts_10_autogen_original","BBF","BB","B","unique_value_count_relative",0.250258632954981,0.210778443113772,0,"global",5,"param2"
"ts_10_autogen_original","BBG","BB","B","unique_value_count_relative",0.14160915038277,0.15688622754491,0,"global",5,"param2"
"ts_10_autogen_original","CAA","CA","C","unique_value_count_relative",0.101550799313473,0.155818540433925,0,"global",3,"param2"
"ts_10_autogen_original","CAB","CA","C","unique_value_count_relative",0.0958185987975184,0.109090909090909,0,"global",7,"param2"
"ts_10_autogen_original","CAC","CA","C","unique_value_count_relative",0.89917937406396,0.395582329317269,0.094611001679684,"global",6,"param2"
"ts_10_autogen_original","CAD","CA","C","unique_value_count_relative",0.948051610109913,0.378354978354978,0.108008083966311,"global",7,"param2"
"ts_10_autogen_original","CAE","CA","C","unique_value_count_relative",1.3205392366159,0.788235294117648,0.220032478345276,"global",2,"param2"
"ts_10_autogen_original","CBA","CB","C","unique_value_count_relative",0.572119436652325,0.311244979919679,0.0262674456157293,"global",6,"param2"
"ts_10_autogen_original","CBB","CB","C","unique_value_count_relative",0.047307714286482,0.0833333333333345,0,"global",4,"param2"
"ts_10_autogen_original","CBC","CB","C","unique_value_count_relative",0.35035508861456,0.224242424242424,0,"global",7,"param2"
"ts_10_autogen_original","CBD","CB","C","unique_value_count_relative",0.34222961380505,0.256287425149701,0,"global",5,"param2"
"ts_10_autogen_original","CBE","CB","C","unique_value_count_relative",0.674389636742457,0.368862275449102,0.0336037478849755,"global",5,"param2"
"ts_10_autogen_original","CCA","CC","C","unique_value_count_relative",0.413188372948848,0.31547619047619,0.00963940776641474,"global",4,"param2"
"ts_10_autogen_original","AAA","AA","A","autocorr",0.0126782961298247,0.253012048192771,0,"global",3,"param2"
"ts_10_autogen_original","AAB","AA","A","autocorr",0.776707185335475,0.590361445783133,0.0516912228733884,"global",3,"param2"
"ts_10_autogen_original","AAC","AA","A","autocorr",0.684994381656478,0.415132924335379,0.0339274995982018,"global",6,"param2"
"ts_10_autogen_original","AAD","AA","A","autocorr",0.113392635099665,0.303030303030303,0,"global",4,"param2"
"ts_10_autogen_original","AAE","AA","A","autocorr",0.510989945798305,0.374233128834356,0.0251618632416944,"global",6,"param2"
"ts_10_autogen_original","AAF","AA","A","autocorr",0.106853580256066,0.3,0,"global",4,"param2"
"ts_10_autogen_original","AAG","AA","A","autocorr",0.0257671758876422,0.198364008179959,0,"global",6,"param2"
"ts_10_autogen_original","ABA","AB","A","autocorr",1.07044158724457,0.390566037735849,0.156240725337913,"global",10,"param2"
"ts_10_autogen_original","ABB","AB","A","autocorr",0.0875658525299495,0.287878787878788,0,"global",4,"param2"
"ts_10_autogen_original","BAA","BA","B","autocorr",0.443430629637372,0.333333333333333,0.0150093028920486,"global",7,"param2"
"ts_10_autogen_original","BAB","BA","B","autocorr",0.624626967766522,0.334027777777778,0.0332318559846906,"global",9,"param2"
"ts_10_autogen_original","BAC","BA","B","autocorr",0.801115325444487,0.596385542168675,0.0606421590179606,"global",3,"param2"
"ts_10_autogen_original","BAD","BA","B","autocorr",0.176647457904809,0.279141104294479,0,"global",6,"param2"
"ts_10_autogen_original","BAE","BA","B","autocorr",0.0611706454845496,0.309236947791165,0,"global",3,"param2"
"ts_10_autogen_original","BAF","BA","B","autocorr",1.5382914657037,0.672727272727273,0.312316838361072,"global",4,"param2"
"ts_10_autogen_original","BAG","BA","B","autocorr",0.227975070174501,0.357575757575757,0,"global",4,"param2"
"ts_10_autogen_original","BBA","BB","B","autocorr",0.584434028127486,0.874999999999998,0.0262674456157293,"global",1,"param2"
"ts_10_autogen_original","BBB","BB","B","autocorr",0.372041983038433,0.409090909090909,0,"global",4,"param2"
"ts_10_autogen_original","BBC","BB","B","autocorr",0.969394932927274,0.414596273291926,0.1211569281684,"global",8,"param2"
"ts_10_autogen_original","BBD","BB","B","autocorr",1.04504904821442,0.581818181818182,0.146863016500188,"global",4,"param2"
"ts_10_autogen_original","BBE","BB","B","autocorr",0.301752134918233,0.347560975609756,0,"global",5,"param2"
"ts_10_autogen_original","BBF","BB","B","autocorr",0.109813831679672,0.274390243902439,0,"global",5,"param2"
"ts_10_autogen_original","BBG","BB","B","autocorr",0.703773707570322,0.453658536585366,0.0363685765390563,"global",5,"param2"
"ts_10_autogen_original","CAA","CA","C","autocorr",0.111370427462296,0.337349397590361,0,"global",3,"param2"
"ts_10_autogen_original","CAB","CA","C","autocorr",0.335150546486903,0.306878306878307,0,"global",7,"param2"
"ts_10_autogen_original","CAC","CA","C","autocorr",0.284106849507772,0.312883435582822,0,"global",6,"param2"
"ts_10_autogen_original","CAD","CA","C","autocorr",0.368503925773736,0.314814814814815,0,"global",7,"param2"
"ts_10_autogen_original","CAE","CA","C","autocorr",0.895448244698067,0.754491017964073,0.094206802615417,"global",2,"param2"
"ts_10_autogen_original","CBA","CB","C","autocorr",1.1408298620237,0.502044989775051,0.174492545186834,"global",6,"param2"
"ts_10_autogen_original","CBB","CB","C","autocorr",1.22703307248961,0.698795180722891,0.193103370510316,"global",3,"param2"
"ts_10_autogen_original","CBC","CB","C","autocorr",0.308377237332757,0.299823633156966,0,"global",7,"param2"
"ts_10_autogen_original","CBD","CB","C","autocorr",0.101401251626348,0.269512195121951,0,"global",5,"param2"
"ts_10_autogen_original","CBE","CB","C","autocorr",0.0150242679860391,0.2,0,"global",5,"param2"
"ts_10_autogen_original","CCA","CC","C","autocorr",0.961833362649865,0.563636363636364,0.117711924085824,"global",4,"param2"
"ts_10_autogen_original","AAA","AA","A","average",0.280535621560167,0.429980276134121,0,"global",3,"param2"
"ts_10_autogen_original","AAB","AA","A","average",0.200782062000107,0.390532544378698,0,"global",3,"param2"
"ts_10_autogen_original","AAC","AA","A","average",1.21296840890646,0.514056224899598,0.193103370510316,"global",6,"param2"
"ts_10_autogen_original","AAD","AA","A","average",0.628542977003275,0.482142857142855,0.0332318559846906,"global",4,"param2"
"ts_10_autogen_original","AAE","AA","A","average",0.397514946304476,0.322943722943723,0.00536527700887336,"global",7,"param2"
"ts_10_autogen_original","AAF","AA","A","average",0.131544256093357,0.31547619047619,0,"global",4,"param2"
"ts_10_autogen_original","AAG","AA","A","average",0.0281462468460671,0.200803212851406,0,"global",6,"param2"
"ts_10_autogen_original","ABA","AB","A","average",0.664049620822989,0.311688311688312,0.0336037478849755,"global",11,"param2"
"ts_10_autogen_original","ABB","AB","A","average",0.0581286831632371,0.267857142857143,0,"global",4,"param2"
"ts_10_autogen_original","BAA","BA","B","average",1.18484169979913,0.475324675324675,0.189550556130526,"global",7,"param2"
"ts_10_autogen_original","BAB","BA","B","average",0.744730250297958,0.355146557600545,0.0383516598107564,"global",9,"param2"
"ts_10_autogen_original","BAC","BA","B","average",0.43024016198663,0.489151873767257,0.0124009956470054,"global",3,"param2"
"ts_10_autogen_original","BAD","BA","B","average",1.46313135588044,0.55421686746988,0.286844512726919,"global",6,"param2"
"ts_10_autogen_original","BAE","BA","B","average",0.659797394301936,0.560157790927021,0.0336037478849755,"global",3,"param2"
"ts_10_autogen_original","BAF","BA","B","average",0.0821562047611085,0.285714285714285,0,"global",4,"param2"
"ts_10_autogen_original","BAG","BA","B","average",0.131544256093357,0.31547619047619,0,"global",4,"param2"
"ts_10_autogen_original","BBA","BB","B","average",0.633468455579586,0.888888888888889,0.0332318559846906,"global",1,"param2"
"ts_10_autogen_original","BBB","BB","B","average",1.10129698253522,0.595238095238096,0.162061951880939,"global",4,"param2"
"ts_10_autogen_original","BBC","BB","B","average",0.145783643128667,0.234756097560976,0,"global",8,"param2"
"ts_10_autogen_original","BBD","BB","B","average",0.179837105373953,0.339285714285714,0,"global",4,"param2"
"ts_10_autogen_original","BBE","BB","B","average",0.11959891079013,0.279041916167665,0,"global",5,"param2"
"ts_10_autogen_original","BBF","BB","B","average",0.243962930394011,0.32814371257485,0,"global",5,"param2"
"ts_10_autogen_original","BBG","BB","B","average",0.299621718919102,0.346107784431138,0,"global",5,"param2"
"ts_10_autogen_original","CAA","CA","C","average",1.15351791084106,0.680473372781065,0.178037214564322,"global",3,"param2"
"ts_10_autogen_original","CAB","CA","C","average",0.0739368390786725,0.218181818181818,0,"global",7,"param2"
"ts_10_autogen_original","CAC","CA","C","average",0.12390166262166,0.259036144578313,0,"global",6,"param2"
"ts_10_autogen_original","CAD","CA","C","average",1.08467496958032,0.45974025974026,0.157262076269467,"global",7,"param2"
"ts_10_autogen_original","CAE","CA","C","average",0.618491299609934,0.658823529411763,0.0332318559846906,"global",2,"param2"
"ts_10_autogen_original","CBA","CB","C","average",1.60258296930125,0.574297188755021,0.314273681644664,"global",6,"param2"
"ts_10_autogen_original","CBB","CB","C","average",0.100483320412229,0.297619047619048,0,"global",4,"param2"
"ts_10_autogen_original","CBC","CB","C","average",0.305802081876773,0.298701298701299,0,"global",7,"param2"
"ts_10_autogen_original","CBD","CB","C","average",0.5670612341589,0.420359281437126,0.0262674456157293,"global",5,"param2"
"ts_10_autogen_original","CBE","CB","C","average",0.0832458174394114,0.258682634730539,0,"global",5,"param2"
"ts_10_autogen_original","CCA","CC","C","average",0.193165221028928,0.345238095238095,0,"global",4,"param2"
"ts_10_autogen_original","AAA","AA","A","lof",0.254705031832647,0.418145956607494,0,"global",3,"param2"
"ts_10_autogen_original","AAB","AA","A","lof",0.0404362836963651,0.291913214990138,0,"global",3,"param2"
"ts_10_autogen_original","AAC","AA","A","lof",0.859613674356864,0.44979919678715,0.079953019733145,"global",6,"param2"
"ts_10_autogen_original","AAD","AA","A","lof",0.15469303073812,0.327380952380952,0,"global",4,"param2"
"ts_10_autogen_original","AAE","AA","A","lof",0.634565284191611,0.375757575757576,0.0332318559846906,"global",7,"param2"
"ts_10_autogen_original","AAF","AA","A","lof",0.559828407892141,0.464285714285714,0.0262674456157293,"global",4,"param2"
"ts_10_autogen_original","AAG","AA","A","lof",0.365589446387561,0.337349397590362,0,"global",6,"param2"
"ts_10_autogen_original","ABA","AB","A","lof",0.23428239633093,0.226990400903445,0,"global",11,"param2"
"ts_10_autogen_original","ABB","AB","A","lof",0.0189160851710411,0.232142857142857,0,"global",4,"param2"
"ts_10_autogen_original","BAA","BA","B","lof",0.223800463226283,0.274458874458874,0,"global",7,"param2"
"ts_10_autogen_original","BAB","BA","B","lof",0.109566129989852,0.208588957055215,0,"global",9,"param2"
"ts_10_autogen_original","BAC","BA","B","lof",0.0769120556633527,0.319526627218935,0,"global",3,"param2"
"ts_10_autogen_original","BAD","BA","B","lof",0.153689622070007,0.271084337349398,0,"global",6,"param2"
"ts_10_autogen_original","BAE","BA","B","lof",0.35095226553352,0.45956607495069,0,"global",3,"param2"
"ts_10_autogen_original","BAF","BA","B","lof",0.15469303073812,0.327380952380952,0,"global",4,"param2"
"ts_10_autogen_original","BAG","BA","B","lof",0.935636589289002,0.55952380952381,0.107337281986791,"global",4,"param2"
"ts_10_autogen_original","BBA","BB","B","lof",0.53655844257153,0.859649122807018,0.0262674456157293,"global",1,"param2"
"ts_10_autogen_original","BBB","BB","B","lof",1.64305329600565,0.69047619047619,0.31856565931587,"global",4,"param2"
"ts_10_autogen_original","BBC","BB","B","lof",0.0266149294060245,0.176829268292683,0,"global",8,"param2"
"ts_10_autogen_original","BBD","BB","B","lof",0.410818416601983,0.422619047619047,0.00921262325324936,"global",4,"param2"
"ts_10_autogen_original","BBE","BB","B","lof",0.270858292752638,0.336526946107784,0,"global",5,"param2"
"ts_10_autogen_original","BBF","BB","B","lof",0.839432092771425,0.48502994011976,0.0715227441910238,"global",5,"param2"
"ts_10_autogen_original","BBG","BB","B","lof",0.12545303892122,0.281437125748503,0,"global",5,"param2"
"ts_10_autogen_original","CAA","CA","C","lof",0.178987016012605,0.378698224852071,0,"global",3,"param2"
"ts_10_autogen_original","CAB","CA","C","lof",0.113665677443325,0.236363636363637,0,"global",7,"param2"
"ts_10_autogen_original","CAC","CA","C","lof",0.776025758455567,0.433734939759036,0.0516912228733884,"global",6,"param2"
"ts_10_autogen_original","CAD","CA","C","lof",1.46671943429093,0.517748917748918,0.287488210490629,"global",7,"param2"
"ts_10_autogen_original","CAE","CA","C","lof",0.388909233772759,0.552941176470587,0.00536527700887336,"global",2,"param2"
"ts_10_autogen_original","CBA","CB","C","lof",0.0620604997195746,0.226907630522088,0,"global",6,"param2"
"ts_10_autogen_original","CBB","CB","C","lof",1.19165705505101,0.613095238095237,0.190528595314457,"global",4,"param2"
"ts_10_autogen_original","CBC","CB","C","lof",0.885507503692883,0.424242424242424,0.0899395231199018,"global",7,"param2"
"ts_10_autogen_original","CBD","CB","C","lof",0.064463794770994,0.246706586826347,0,"global",5,"param2"
"ts_10_autogen_original","CBE","CB","C","lof",0.28961516859869,0.34251497005988,0,"global",5,"param2"
"ts_10_autogen_original","CCA","CC","C","lof",0.206999300510882,0.351190476190476,0,"global",4,"param2"
"ts_10_autogen_original","AAA","AA","A","own_site_simil_score",0.0261193485549138,0.0535714285714285,0,"global",3,"param2"
"ts_10_autogen_original","AAB","AA","A","own_site_simil_score",0.146665770110178,0.202380952380953,0,"global",3,"param2"
"ts_10_autogen_original","AAC","AA","A","own_site_simil_score",0.288177874470895,0.215151515151515,0,"global",6,"param2"
"ts_10_autogen_original","AAD","AA","A","own_site_simil_score",2.04186474538555,0.702095808383235,0.435510348973375,"global",4,"param2"
"ts_10_autogen_original","AAE","AA","A","own_site_simil_score",0.150108835469552,0.137630662020906,0,"global",7,"param2"
"ts_10_autogen_original","AAF","AA","A","own_site_simil_score",1.03502266992799,0.508982035928143,0.146863016500188,"global",4,"param2"
"ts_10_autogen_original","AAG","AA","A","own_site_simil_score",0.0576540342056422,0.0848484848484848,0,"global",6,"param2"
"ts_10_autogen_original","ABA","AB","A","own_site_simil_score",0.413945700378792,0.2,0.00990124799839857,"global",11,"param2"
"ts_10_autogen_original","ABB","AB","A","own_site_simil_score",0.477227082488043,0.341317365269461,0.0251618632416944,"global",4,"param2"
"ts_10_autogen_original","BAA","BA","B","own_site_simil_score",0.614857429883276,0.30226480836237,0.0332318559846906,"global",7,"param2"
"ts_10_autogen_original","BAB","BA","B","own_site_simil_score",0.334276677185413,0.197530864197531,0,"global",9,"param2"
"ts_10_autogen_original","BAC","BA","B","own_site_simil_score",0.0294594458907472,0.0595238095238096,0,"global",3,"param2"
"ts_10_autogen_original","BAD","BA","B","own_site_simil_score",0.836664732772787,0.381818181818182,0.0710411498999326,"global",6,"param2"
"ts_10_autogen_original","BAE","BA","B","own_site_simil_score",0.0228729463481426,0.0476190476190476,0,"global",3,"param2"
"ts_10_autogen_original","BAF","BA","B","own_site_simil_score",1.09305725099348,0.522455089820359,0.157807044148301,"global",4,"param2"
"ts_10_autogen_original","BAG","BA","B","own_site_simil_score",1.06981999301198,0.516467065868263,0.156240725337913,"global",4,"param2"
"ts_10_autogen_original","BBB","BB","B","own_site_simil_score",4.53599569891904,0.940119760479045,2.14368964980989,"global",4,"param2"
"ts_10_autogen_original","BBC","BB","B","own_site_simil_score",0.134502894239237,0.122699386503068,0,"global",8,"param2"
"ts_10_autogen_original","BBD","BB","B","own_site_simil_score",0.0578628479530875,0.095808383233533,0,"global",4,"param2"
"ts_10_autogen_original","BBE","BB","B","own_site_simil_score",1.03820132156074,0.462650602409639,0.146863016500188,"global",5,"param2"
"ts_10_autogen_original","BBF","BB","B","own_site_simil_score",0.0219145646356377,0.0421686746987952,0,"global",5,"param2"
"ts_10_autogen_original","BBG","BB","B","own_site_simil_score",0,4.42354486374086e-16,0,"global",5,"param2"
"ts_10_autogen_original","CAA","CA","C","own_site_simil_score",1.04420707222216,0.583333333333332,0.146863016500188,"global",3,"param2"
"ts_10_autogen_original","CAB","CA","C","own_site_simil_score",0.686015673043585,0.320557491289199,0.0339274995982018,"global",7,"param2"
"ts_10_autogen_original","CAC","CA","C","own_site_simil_score",4.72851117253492,0.854545454545456,2.28505260097839,"global",6,"param2"
"ts_10_autogen_original","CAD","CA","C","own_site_simil_score",0.0504101809662725,0.0731707317073171,0,"global",7,"param2"
"ts_10_autogen_original","CAE","CA","C","own_site_simil_score",1.88366143515362,0.893491124260356,0.388371225324219,"global",2,"param2"
"ts_10_autogen_original","CBA","CB","C","own_site_simil_score",3.83340266115226,0.784848484848486,1.69097408525971,"global",6,"param2"
"ts_10_autogen_original","CBB","CB","C","own_site_simil_score",0.0143337701423592,0.029940119760479,0,"global",4,"param2"
"ts_10_autogen_original","CBC","CB","C","own_site_simil_score",2.37785039322719,0.597560975609757,0.587604335446003,"global",7,"param2"
"ts_10_autogen_original","CBD","CB","C","own_site_simil_score",0.128631942280796,0.149397590361446,0,"global",5,"param2"
"ts_10_autogen_original","CBE","CB","C","own_site_simil_score",0.69380129825832,0.373493975903615,0.0363685765390563,"global",5,"param2"
"ts_10_autogen_original","CCA","CC","C","own_site_simil_score",0.176829009247156,0.197604790419162,0,"global",4,"param2"
"ts_5_autogen_original","701_MISS_ALT","USA",NA,"range",20.0317161193735,0.881249999999998,17.2460558580883,"global",28,"LB_MISS_ALT"
"ts_5_autogen_original","702","USA",NA,"range",1.9731278535997,1,0.571960732192829,"global",1,"LB_MISS_ALT"
"ts_5_autogen_original","703","USA",NA,"range",1.38300807006889,0.397727272727273,0.29910077055089,"global",12,"LB_MISS_ALT"
"ts_5_autogen_original","704_MISS_CREAT","USA",NA,"range",1.3525405822872,0.31547619047619,0.284075145444281,"global",20,"LB_MISS_ALT"
"ts_5_autogen_original","705","USA",NA,"range",0.70194678997803,0.31638418079096,0.0817189336031802,"global",11,"LB_MISS_ALT"
"ts_5_autogen_original","706","USA",NA,"range",0.15358391805783,0.652406417112299,0.00477184202022172,"global",1,"LB_MISS_ALT"
"ts_5_autogen_original","707","USA",NA,"range",0.416825352832412,0.812834224598931,0.0369747512338698,"global",1,"LB_MISS_ALT"
"ts_5_autogen_original","708_MISS_CREAT","USA",NA,"range",2.97290886727121,0.472996216030272,1.31189581271495,"global",17,"LB_MISS_ALT"
"ts_5_autogen_original","709_MISS_GLUC","USA",NA,"range",1.69765509649084,0.362745098039216,0.439348496600812,"global",18,"LB_MISS_ALT"
"ts_5_autogen_original","710_MISS_ALT","USA",NA,"range",14.0161270134555,0.831325301204818,11.4822787251641,"global",22,"LB_MISS_ALT"
"ts_5_autogen_original","711","USA",NA,"range",0.804690246900608,0.725806451612903,0.107807530591115,"global",2,"LB_MISS_ALT"
"ts_5_autogen_original","713","USA",NA,"range",2.1589251030817,0.572222222222222,0.69341093451879,"global",8,"LB_MISS_ALT"
"ts_5_autogen_original","714","USA",NA,"range",1.02560754111711,0.521311475409836,0.174221442903659,"global",5,"LB_MISS_ALT"
"ts_5_autogen_original","715","USA",NA,"range",0.227990259377934,0.322404371584699,0.0151186484294159,"global",5,"LB_MISS_ALT"
"ts_5_autogen_original","716_MISS_GLUC","USA",NA,"range",1.23116100319662,0.303571428571428,0.238179877033513,"global",20,"LB_MISS_ALT"
"ts_5_autogen_original","717","USA",NA,"range",1.04664359382334,0.45303867403315,0.17983605414108,"global",7,"LB_MISS_ALT"
"ts_5_autogen_original","718","USA",NA,"range",0.874304042962208,0.359550561797752,0.12450217047898,"global",10,"LB_MISS_ALT"
"ts_5_autogen_original","701_MISS_ALT","USA",NA,"sd",20.0317161193735,0.881249999999998,17.2460558580883,"global",28,"LB_MISS_ALT"
"ts_5_autogen_original","702","USA",NA,"sd",0.0866371284272167,0.593582887700534,0,"global",1,"LB_MISS_ALT"
"ts_5_autogen_original","703","USA",NA,"sd",1.49800375559362,0.410984848484849,0.341163971781099,"global",12,"LB_MISS_ALT"
"ts_5_autogen_original","704_MISS_CREAT","USA",NA,"sd",1.53082364093949,0.332142857142857,0.355671452221963,"global",20,"LB_MISS_ALT"
"ts_5_autogen_original","705","USA",NA,"sd",0.567743894622727,0.293785310734463,0.0569491428379798,"global",11,"LB_MISS_ALT"
"ts_5_autogen_original","706","USA",NA,"sd",0.121869504880623,0.625668449197861,0.00296115600729988,"global",1,"LB_MISS_ALT"
"ts_5_autogen_original","707","USA",NA,"sd",0.0488485675378169,0.556149732620322,0,"global",1,"LB_MISS_ALT"
"ts_5_autogen_original","708_MISS_CREAT","USA",NA,"sd",1.15760726594857,0.315789473684211,0.212814508709573,"global",17,"LB_MISS_ALT"
"ts_5_autogen_original","709_MISS_GLUC","USA",NA,"sd",1.07092885676482,0.299999999999999,0.187805360993318,"global",18,"LB_MISS_ALT"
"ts_5_autogen_original","710_MISS_ALT","USA",NA,"sd",14.0161270134555,0.831325301204818,11.4822787251641,"global",22,"LB_MISS_ALT"
"ts_5_autogen_original","711","USA",NA,"sd",0.132565567418323,0.435483870967742,0.00332195057350819,"global",2,"LB_MISS_ALT"
"ts_5_autogen_original","713","USA",NA,"sd",0.820703759469922,0.38888888888889,0.110590301176497,"global",8,"LB_MISS_ALT"
"ts_5_autogen_original","714","USA",NA,"sd",1.90905917428825,0.666666666666667,0.550142479525349,"global",5,"LB_MISS_ALT"
"ts_5_autogen_original","715","USA",NA,"sd",0.467564764980711,0.393442622950819,0.0438315434183114,"global",5,"LB_MISS_ALT"
"ts_5_autogen_original","716_MISS_GLUC","USA",NA,"sd",1.74672186078558,0.351190476190476,0.463304283129713,"global",20,"LB_MISS_ALT"
"ts_5_autogen_original","717","USA",NA,"sd",1.97991144556011,0.585635359116023,0.573815673101744,"global",7,"LB_MISS_ALT"
"ts_5_autogen_original","718","USA",NA,"sd",0.635317218988694,0.320224719101123,0.0711363129127611,"global",10,"LB_MISS_ALT"
"ts_5_autogen_original","701_MISS_ALT","USA",NA,"unique_value_count_relative",0,2.03309591384482e-15,0,"global",28,"LB_MISS_ALT"
"ts_5_autogen_original","702","USA",NA,"unique_value_count_relative",0.224939826593498,0.406417112299464,0.014609107552392,"global",1,"LB_MISS_ALT"
"ts_5_autogen_original","703","USA",NA,"unique_value_count_relative",1.0209159150042,0.308712121212122,0.174221442903659,"global",12,"LB_MISS_ALT"
"ts_5_autogen_original","704_MISS_CREAT","USA",NA,"unique_value_count_relative",1.53218661610721,0.303571428571428,0.356273174816324,"global",20,"LB_MISS_ALT"
"ts_5_autogen_original","705","USA",NA,"unique_value_count_relative",2.14040950657165,0.463276836158192,0.683035124903245,"global",11,"LB_MISS_ALT"
"ts_5_autogen_original","706","USA",NA,"unique_value_count_relative",0.620945335488335,0.764705882352941,0.0689156543676575,"global",1,"LB_MISS_ALT"
"ts_5_autogen_original","707","USA",NA,"unique_value_count_relative",0.650908558865779,0.780748663101605,0.0734532748620895,"global",1,"LB_MISS_ALT"
"ts_5_autogen_original","708_MISS_CREAT","USA",NA,"unique_value_count_relative",1.40579582623916,0.309941520467836,0.309307296041167,"global",17,"LB_MISS_ALT"
"ts_5_autogen_original","709_MISS_GLUC","USA",NA,"unique_value_count_relative",1.77082102102863,0.341176470588235,0.477229604148851,"global",18,"LB_MISS_ALT"
"ts_5_autogen_original","710_MISS_ALT","USA",NA,"unique_value_count_relative",0.0029107954177633,0.00602409638554307,0,"global",22,"LB_MISS_ALT"
"ts_5_autogen_original","711","USA",NA,"unique_value_count_relative",0.258063428755476,0.338709677419355,0.0180230384442327,"global",2,"LB_MISS_ALT"
"ts_5_autogen_original","713","USA",NA,"unique_value_count_relative",1.98758154137661,0.516666666666668,0.578237477919554,"global",8,"LB_MISS_ALT"
"ts_5_autogen_original","714","USA",NA,"unique_value_count_relative",1.16155849676324,0.488524590163934,0.215196673882864,"global",5,"LB_MISS_ALT"
"ts_5_autogen_original","715","USA",NA,"unique_value_count_relative",0.885059944658283,0.425136612021858,0.127320047543397,"global",5,"LB_MISS_ALT"
"ts_5_autogen_original","716_MISS_GLUC","USA",NA,"unique_value_count_relative",1.92462251734755,0.34047619047619,0.55393560403323,"global",20,"LB_MISS_ALT"
"ts_5_autogen_original","717","USA",NA,"unique_value_count_relative",1.05813817430735,0.399368587213892,0.18420608608586,"global",7,"LB_MISS_ALT"
"ts_5_autogen_original","718","USA",NA,"unique_value_count_relative",1.04345422908455,0.338202247191011,0.179274696466953,"global",10,"LB_MISS_ALT"
"ts_5_autogen_original","701_MISS_ALT","USA",NA,"autocorr",0.186572569376154,0.202380952380952,0.00871187276120023,"global",28,"LB_MISS_ALT"
"ts_5_autogen_original","710_MISS_ALT","USA",NA,"autocorr",0.186572569376154,0.202380952380952,0.00871187276120023,"global",21,"LB_MISS_ALT"
"ts_5_autogen_original","701_MISS_ALT","USA",NA,"average",20.4425837012665,0.887499999999998,17.6247387566099,"global",28,"LB_MISS_ALT"
"ts_5_autogen_original","702","USA",NA,"average",0.103896133868722,0.609625668449199,0.00136064883470355,"global",1,"LB_MISS_ALT"
"ts_5_autogen_original","703","USA",NA,"average",1.06383105948835,0.357954545454546,0.186259310312851,"global",12,"LB_MISS_ALT"
"ts_5_autogen_original","704_MISS_CREAT","USA",NA,"average",1.74672186078558,0.351190476190477,0.463304283129713,"global",20,"LB_MISS_ALT"
"ts_5_autogen_original","705","USA",NA,"average",0.504946686292275,0.282485875706214,0.0481606083812665,"global",11,"LB_MISS_ALT"
"ts_5_autogen_original","706","USA",NA,"average",0.742678932221425,0.914438502673797,0.0919872906988645,"global",1,"LB_MISS_ALT"
"ts_5_autogen_original","707","USA",NA,"average",0.217252997927207,0.700534759358289,0.0137297689802274,"global",1,"LB_MISS_ALT"
"ts_5_autogen_original","708_MISS_CREAT","USA",NA,"average",1.67524907704083,0.368077055383557,0.423806878652149,"global",17,"LB_MISS_ALT"
"ts_5_autogen_original","709_MISS_GLUC","USA",NA,"average",1.46979155446908,0.341176470588235,0.330394947003957,"global",18,"LB_MISS_ALT"
"ts_5_autogen_original","710_MISS_ALT","USA",NA,"average",14.0161270134555,0.831325301204818,11.4822787251641,"global",22,"LB_MISS_ALT"
"ts_5_autogen_original","711","USA",NA,"average",0.370951756274011,0.543010752688172,0.029340643165178,"global",2,"LB_MISS_ALT"
"ts_5_autogen_original","713","USA",NA,"average",1.84698933268164,0.536111111111112,0.514930080889811,"global",8,"LB_MISS_ALT"
"ts_5_autogen_original","714","USA",NA,"average",0.173637030605747,0.301639344262295,0.00747014114452971,"global",5,"LB_MISS_ALT"
"ts_5_autogen_original","715","USA",NA,"average",0.143692192951117,0.289617486338798,0.00348560596506643,"global",5,"LB_MISS_ALT"
"ts_5_autogen_original","716_MISS_GLUC","USA",NA,"average",1.87341228296966,0.361904761904762,0.526849919322927,"global",20,"LB_MISS_ALT"
"ts_5_autogen_original","717","USA",NA,"average",0.74293367825426,0.39779005524862,0.0919872906988645,"global",7,"LB_MISS_ALT"
"ts_5_autogen_original","718","USA",NA,"average",0.635317218988694,0.320224719101123,0.0711363129127611,"global",10,"LB_MISS_ALT"
"ts_5_autogen_original","701_MISS_ALT","USA",NA,"lof",5.04019736794871,0.490178571428571,3.07922068185785,"global",28,"LB_MISS_ALT"
"ts_5_autogen_original","702","USA",NA,"lof",0.0540497612236249,0.561497326203208,0,"global",1,"LB_MISS_ALT"
"ts_5_autogen_original","703","USA",NA,"lof",0.324496685608888,0.238636363636364,0.0257595575184066,"global",12,"LB_MISS_ALT"
"ts_5_autogen_original","704_MISS_CREAT","USA",NA,"lof",0.517794637193902,0.220238095238095,0.0503468248581905,"global",20,"LB_MISS_ALT"
"ts_5_autogen_original","705","USA",NA,"lof",0.110896422073772,0.191063174114021,0.00161777943308151,"global",11,"LB_MISS_ALT"
"ts_5_autogen_original","706","USA",NA,"lof",0.15358391805783,0.652406417112301,0.00477184202022172,"global",1,"LB_MISS_ALT"
"ts_5_autogen_original","707","USA",NA,"lof",0.525969822257479,0.855614973262032,0.0513864651194795,"global",1,"LB_MISS_ALT"
"ts_5_autogen_original","708_MISS_CREAT","USA",NA,"lof",1.15760726594857,0.315789473684211,0.212814508709573,"global",17,"LB_MISS_ALT"
"ts_5_autogen_original","709_MISS_GLUC","USA",NA,"lof",0.327298299241328,0.2,0.0257595575184066,"global",18,"LB_MISS_ALT"
"ts_5_autogen_original","710_MISS_ALT","USA",NA,"lof",4.27905732723635,0.500547645125959,2.42463693555713,"global",22,"LB_MISS_ALT"
"ts_5_autogen_original","711","USA",NA,"lof",0.804690246900608,0.725806451612903,0.107807530591115,"global",2,"LB_MISS_ALT"
"ts_5_autogen_original","713","USA",NA,"lof",0.193642505025802,0.25,0.00942137080004779,"global",8,"LB_MISS_ALT"
"ts_5_autogen_original","714","USA",NA,"lof",0.260202927064067,0.333333333333333,0.0180230384442327,"global",5,"LB_MISS_ALT"
"ts_5_autogen_original","715","USA",NA,"lof",0.0433547129471443,0.230601092896175,0,"global",5,"LB_MISS_ALT"
"ts_5_autogen_original","716_MISS_GLUC","USA",NA,"lof",1.47889937628752,0.327380952380952,0.335986195099562,"global",20,"LB_MISS_ALT"
"ts_5_autogen_original","717","USA",NA,"lof",0.183376753253957,0.261247040252565,0.00828241527458444,"global",7,"LB_MISS_ALT"
"ts_5_autogen_original","718","USA",NA,"lof",0.280506750620308,0.248314606741573,0.0187947600197699,"global",10,"LB_MISS_ALT"
"ts_5_autogen_original","701_MISS_ALT","USA",NA,"own_site_simil_score",12.1084333322545,0.71565059144677,9.64646705126931,"global",28,"LB_MISS_ALT"
"ts_5_autogen_original","703","USA",NA,"own_site_simil_score",0.208696268243494,0.132947976878613,0.0127786261003676,"global",12,"LB_MISS_ALT"
"ts_5_autogen_original","704_MISS_CREAT","USA",NA,"own_site_simil_score",1.58362621769252,0.309090909090909,0.382750548789414,"global",20,"LB_MISS_ALT"
"ts_5_autogen_original","705","USA",NA,"own_site_simil_score",0.276079457902215,0.160919540229885,0.0187947600197699,"global",11,"LB_MISS_ALT"
"ts_5_autogen_original","708_MISS_CREAT","USA",NA,"own_site_simil_score",0.662325787356444,0.211134453781513,0.0741029150097407,"global",17,"LB_MISS_ALT"
"ts_5_autogen_original","709_MISS_GLUC","USA",NA,"own_site_simil_score",1.51540058083464,0.315701929474384,0.349358609751621,"global",18,"LB_MISS_ALT"
"ts_5_autogen_original","710_MISS_ALT","USA",NA,"own_site_simil_score",2.73172877632352,0.38957055214724,1.12112450666245,"global",22,"LB_MISS_ALT"
"ts_5_autogen_original","711","USA",NA,"own_site_simil_score",0.0461829774977195,0.092896174863388,0,"global",2,"LB_MISS_ALT"
"ts_5_autogen_original","713","USA",NA,"own_site_simil_score",0.457594589036745,0.242231638418079,0.0424738511724087,"global",8,"LB_MISS_ALT"
"ts_5_autogen_original","714","USA",NA,"own_site_simil_score",0.0838057227781263,0.116666666666667,0,"global",5,"LB_MISS_ALT"
"ts_5_autogen_original","715","USA",NA,"own_site_simil_score",0.0777288535955043,0.111111111111111,0,"global",5,"LB_MISS_ALT"
"ts_5_autogen_original","716_MISS_GLUC","USA",NA,"own_site_simil_score",3.66068590965297,0.468181818181817,1.88876545978216,"global",20,"LB_MISS_ALT"
"ts_5_autogen_original","717","USA",NA,"own_site_simil_score",0.0842140996938151,0.101123595505618,0,"global",7,"LB_MISS_ALT"
"ts_5_autogen_original","718","USA",NA,"own_site_simil_score",0.162322887610712,0.125714285714286,0.00587022589722051,"global",10,"LB_MISS_ALT"
"ts_6_autogen_original","701_MISS_ALT","USA",NA,"range",20.5231201626016,0.775609756097562,17.6882418786463,"global",41,"LB_MISS_ALT"
"ts_6_autogen_original","702","USA",NA,"range",0.0217192496932363,0.526530612244899,0,"global",1,"LB_MISS_ALT"
"ts_6_autogen_original","703","USA",NA,"range",1.70647808431115,0.378260869565218,0.444029636173276,"global",16,"LB_MISS_ALT"
"ts_6_autogen_original","704_MISS_CREAT","USA",NA,"range",1.38775397612742,0.285067873303167,0.300753397991892,"global",25,"LB_MISS_ALT"
"ts_6_autogen_original","705","USA",NA,"range",1.22747329458359,0.350369458128079,0.238028762402089,"global",14,"LB_MISS_ALT"
"ts_6_autogen_original","706","USA",NA,"range",0.0717502388444154,0.316872427983539,0,"global",3,"LB_MISS_ALT"
"ts_6_autogen_original","707","USA",NA,"range",0.474749822021289,0.594262295081967,0.044769482139274,"global",2,"LB_MISS_ALT"
"ts_6_autogen_original","708_MISS_CREAT","USA",NA,"range",1.15186759736278,0.274127510235913,0.210657588831491,"global",23,"LB_MISS_ALT"
"ts_6_autogen_original","709_MISS_GLUC","USA",NA,"range",0.948614180499097,0.269911504424778,0.148585197440925,"global",20,"LB_MISS_ALT"
"ts_6_autogen_original","710_MISS_ALT","USA",NA,"range",7.85487250887045,0.571296296296298,5.68275205659671,"global",30,"LB_MISS_ALT"
"ts_6_autogen_original","711","USA",NA,"range",0.613606122074047,0.475206611570247,0.0661884337352423,"global",4,"LB_MISS_ALT"
"ts_6_autogen_original","713","USA",NA,"range",0.459808672547702,0.29957805907173,0.042700919709304,"global",9,"LB_MISS_ALT"
"ts_6_autogen_original","714","USA",NA,"range",1.23728375822601,0.516666666666667,0.238739196201489,"global",6,"LB_MISS_ALT"
"ts_6_autogen_original","715","USA",NA,"range",0.294918205744212,0.277310924369747,0.0203657439761334,"global",8,"LB_MISS_ALT"
"ts_6_autogen_original","716_MISS_GLUC","USA",NA,"range",2.49304218034269,0.373873873873873,0.947752848929963,"global",24,"LB_MISS_ALT"
"ts_6_autogen_original","717","USA",NA,"range",1.28392169983562,0.488344291691572,0.254408323346745,"global",7,"LB_MISS_ALT"
"ts_6_autogen_original","718","USA",NA,"range",1.1395804796986,0.352261472433146,0.209168384507587,"global",13,"LB_MISS_ALT"
"ts_6_autogen_original","701_MISS_ALT","USA",NA,"sd",20.8428870145723,0.780487804878049,17.9902799636565,"global",41,"LB_MISS_ALT"
"ts_6_autogen_original","702","USA",NA,"sd",0.67493176346858,0.89795918367347,0.0767192973345316,"global",1,"LB_MISS_ALT"
"ts_6_autogen_original","703","USA",NA,"sd",0.859068891113587,0.28695652173913,0.121002207120708,"global",16,"LB_MISS_ALT"
"ts_6_autogen_original","704_MISS_CREAT","USA",NA,"sd",1.95710498653621,0.330135746606334,0.569384733923102,"global",25,"LB_MISS_ALT"
"ts_6_autogen_original","705","USA",NA,"sd",1.0719110788205,0.331896551724138,0.187805360993318,"global",14,"LB_MISS_ALT"
"ts_6_autogen_original","706","USA",NA,"sd",0.110674863031588,0.337448559670782,0.00161777943308151,"global",3,"LB_MISS_ALT"
"ts_6_autogen_original","707","USA",NA,"sd",1.70091994542029,0.905737704918033,0.441558101685361,"global",2,"LB_MISS_ALT"
"ts_6_autogen_original","708_MISS_CREAT","USA",NA,"sd",1.54729580764956,0.309417040358744,0.364083127617174,"global",23,"LB_MISS_ALT"
"ts_6_autogen_original","709_MISS_GLUC","USA",NA,"sd",0.830874229380713,0.256637168141592,0.112386769897496,"global",20,"LB_MISS_ALT"
"ts_6_autogen_original","710_MISS_ALT","USA",NA,"sd",7.71356574732505,0.566666666666668,5.54893331644385,"global",30,"LB_MISS_ALT"
"ts_6_autogen_original","711","USA",NA,"sd",0.125499892541683,0.309917355371901,0.00310582019373197,"global",4,"LB_MISS_ALT"
"ts_6_autogen_original","713","USA",NA,"sd",0.580443474164643,0.323488045007032,0.0592523678217926,"global",9,"LB_MISS_ALT"
"ts_6_autogen_original","714","USA",NA,"sd",0.213492908354446,0.291666666666666,0.0127786261003676,"global",6,"LB_MISS_ALT"
"ts_6_autogen_original","715","USA",NA,"sd",0.596840290711244,0.34453781512605,0.0624379556211536,"global",8,"LB_MISS_ALT"
"ts_6_autogen_original","716_MISS_GLUC","USA",NA,"sd",1.90171671074199,0.332207207207207,0.546845369743823,"global",24,"LB_MISS_ALT"
"ts_6_autogen_original","717","USA",NA,"sd",1.17570319206667,0.471607890017931,0.222551843487768,"global",7,"LB_MISS_ALT"
"ts_6_autogen_original","718","USA",NA,"sd",1.17908055012846,0.356883459887752,0.224100590503152,"global",13,"LB_MISS_ALT"
"ts_6_autogen_original","701_MISS_ALT","USA",NA,"unique_value_count_relative",0.00909267577015264,0.0146341463414632,0,"global",41,"LB_MISS_ALT"
"ts_6_autogen_original","702","USA",NA,"unique_value_count_relative",0.404163372837134,0.608163265306123,0.0347003652881409,"global",1,"LB_MISS_ALT"
"ts_6_autogen_original","703","USA",NA,"unique_value_count_relative",1.12581362808991,0.282608695652174,0.20569693309592,"global",16,"LB_MISS_ALT"
"ts_6_autogen_original","704_MISS_CREAT","USA",NA,"unique_value_count_relative",1.91702884750545,0.303891402714931,0.551836904355372,"global",25,"LB_MISS_ALT"
"ts_6_autogen_original","705","USA",NA,"unique_value_count_relative",1.28954503050924,0.321428571428572,0.255885478524104,"global",14,"LB_MISS_ALT"
"ts_6_autogen_original","706","USA",NA,"unique_value_count_relative",0.206417498374113,0.246913580246914,0.0127786261003676,"global",3,"LB_MISS_ALT"
"ts_6_autogen_original","707","USA",NA,"unique_value_count_relative",0.146067511048232,0.233606557377049,0.00348560596506643,"global",2,"LB_MISS_ALT"
"ts_6_autogen_original","708_MISS_CREAT","USA",NA,"unique_value_count_relative",2.2951688862283,0.344901540261258,0.795547858707513,"global",23,"LB_MISS_ALT"
"ts_6_autogen_original","709_MISS_GLUC","USA",NA,"unique_value_count_relative",1.95123396028261,0.338053097345132,0.565370992675069,"global",20,"LB_MISS_ALT"
"ts_6_autogen_original","710_MISS_ALT","USA",NA,"unique_value_count_relative",0,-2.67841304690819e-15,0,"global",30,"LB_MISS_ALT"
"ts_6_autogen_original","711","USA",NA,"unique_value_count_relative",0.361500284633744,0.289256198347108,0.029340643165178,"global",4,"LB_MISS_ALT"
"ts_6_autogen_original","713","USA",NA,"unique_value_count_relative",1.28635030877133,0.392405063291139,0.255117374009953,"global",9,"LB_MISS_ALT"
"ts_6_autogen_original","714","USA",NA,"unique_value_count_relative",0.376118035860559,0.249999999999999,0.0301228397318678,"global",6,"LB_MISS_ALT"
"ts_6_autogen_original","715","USA",NA,"unique_value_count_relative",0.525369266703411,0.260504201680672,0.0513864651194795,"global",8,"LB_MISS_ALT"
"ts_6_autogen_original","716_MISS_GLUC","USA",NA,"unique_value_count_relative",2.84538917274394,0.377252252252252,1.2102660660421,"global",24,"LB_MISS_ALT"
"ts_6_autogen_original","717","USA",NA,"unique_value_count_relative",1.1814910216725,0.421398684997011,0.224145311675031,"global",7,"LB_MISS_ALT"
"ts_6_autogen_original","718","USA",NA,"unique_value_count_relative",0.997839831087748,0.292175635523275,0.167634787138294,"global",13,"LB_MISS_ALT"
"ts_6_autogen_original","701_MISS_ALT","USA",NA,"autocorr",0.528852147474098,0.270175438596491,0.0513864651194795,"global",30,"LB_MISS_ALT"
"ts_6_autogen_original","710_MISS_ALT","USA",NA,"autocorr",0.528852147474098,0.270175438596491,0.0513864651194795,"global",19,"LB_MISS_ALT"
"ts_6_autogen_original","701_MISS_ALT","USA",NA,"average",20.8428870145723,0.780487804878049,17.9902799636565,"global",41,"LB_MISS_ALT"
"ts_6_autogen_original","702","USA",NA,"average",0.417807253503681,0.812244897959184,0.0372439476099726,"global",1,"LB_MISS_ALT"
"ts_6_autogen_original","703","USA",NA,"average",0.758163907249768,0.273913043478261,0.0947195242374538,"global",16,"LB_MISS_ALT"
"ts_6_autogen_original","704_MISS_CREAT","USA",NA,"average",1.9636296691773,0.330316742081448,0.571134658136183,"global",25,"LB_MISS_ALT"
"ts_6_autogen_original","705","USA",NA,"average",0.68392866687588,0.280172413793103,0.0784762308412527,"global",14,"LB_MISS_ALT"
"ts_6_autogen_original","706","USA",NA,"average",0.129566761093015,0.349794238683127,0.00311109880051511,"global",3,"LB_MISS_ALT"
"ts_6_autogen_original","707","USA",NA,"average",1.89928759918712,0.926229508196721,0.544991102060967,"global",2,"LB_MISS_ALT"
"ts_6_autogen_original","708_MISS_CREAT","USA",NA,"average",2.32264379751176,0.368687853382725,0.817366761912953,"global",23,"LB_MISS_ALT"
"ts_6_autogen_original","709_MISS_GLUC","USA",NA,"average",1.73395399264962,0.345132743362831,0.455860491001321,"global",20,"LB_MISS_ALT"
"ts_6_autogen_original","710_MISS_ALT","USA",NA,"average",11.3269032539041,0.671296296296299,8.9247506565788,"global",30,"LB_MISS_ALT"
"ts_6_autogen_original","711","USA",NA,"average",0.103945238920516,0.297520661157026,0.00136064883470355,"global",4,"LB_MISS_ALT"
"ts_6_autogen_original","713","USA",NA,"average",0.573716535146787,0.322081575246132,0.0580361530097416,"global",9,"LB_MISS_ALT"
"ts_6_autogen_original","714","USA",NA,"average",0.462533468798843,0.3625,0.0431110484342945,"global",6,"LB_MISS_ALT"
"ts_6_autogen_original","715","USA",NA,"average",1.14769219709882,0.439075630252101,0.210655921852556,"global",8,"LB_MISS_ALT"
"ts_6_autogen_original","716_MISS_GLUC","USA",NA,"average",1.29585261413072,0.282657657657657,0.257590152119356,"global",24,"LB_MISS_ALT"
"ts_6_autogen_original","717","USA",NA,"average",0.54606232563558,0.355050806933651,0.0542889065278481,"global",7,"LB_MISS_ALT"
"ts_6_autogen_original","718","USA",NA,"average",1.02337268855885,0.33641465830307,0.174221442903659,"global",13,"LB_MISS_ALT"
"ts_6_autogen_original","701_MISS_ALT","USA",NA,"lof",4.64840155064477,0.4,2.7224848846272,"global",41,"LB_MISS_ALT"
"ts_6_autogen_original","702","USA",NA,"lof",0.197810508748917,0.685714285714287,0.0109564850336565,"global",1,"LB_MISS_ALT"
"ts_6_autogen_original","703","USA",NA,"lof",1.68876474706142,0.376630434782609,0.431837590835852,"global",16,"LB_MISS_ALT"
"ts_6_autogen_original","704_MISS_CREAT","USA",NA,"lof",0.273988906832999,0.16289592760181,0.0187947600197699,"global",25,"LB_MISS_ALT"
"ts_6_autogen_original","705","USA",NA,"lof",0.424318016529398,0.238916256157636,0.0377716291581111,"global",14,"LB_MISS_ALT"
"ts_6_autogen_original","706","USA",NA,"lof",0.123144773226068,0.345679012345679,0.00310582019373197,"global",3,"LB_MISS_ALT"
"ts_6_autogen_original","707","USA",NA,"lof",0.170848376582909,0.454918032786886,0.0070680119406515,"global",2,"LB_MISS_ALT"
"ts_6_autogen_original","708_MISS_CREAT","USA",NA,"lof",0.407558936155204,0.189315656073309,0.0348270707670336,"global",23,"LB_MISS_ALT"
"ts_6_autogen_original","709_MISS_GLUC","USA",NA,"lof",0.422598487053995,0.20353982300885,0.0377716291581111,"global",20,"LB_MISS_ALT"
"ts_6_autogen_original","710_MISS_ALT","USA",NA,"lof",3.23735351196898,0.382407407407407,1.52436321311734,"global",30,"LB_MISS_ALT"
"ts_6_autogen_original","711","USA",NA,"lof",0.943652552827526,0.557851239669422,0.146519398141795,"global",4,"LB_MISS_ALT"
"ts_6_autogen_original","713","USA",NA,"lof",1.30655483884797,0.438818565400844,0.264183488301784,"global",9,"LB_MISS_ALT"
"ts_6_autogen_original","714","USA",NA,"lof",0.123146631175555,0.258333333333333,0.00310582019373197,"global",6,"LB_MISS_ALT"
"ts_6_autogen_original","715","USA",NA,"lof",0.461080346036574,0.316176470588235,0.0431110484342945,"global",8,"LB_MISS_ALT"
"ts_6_autogen_original","716_MISS_GLUC","USA",NA,"lof",0.496737693118062,0.198198198198198,0.0474698061603835,"global",24,"LB_MISS_ALT"
"ts_6_autogen_original","717","USA",NA,"lof",0.133818717095459,0.242677824267783,0.00332195057350819,"global",7,"LB_MISS_ALT"
"ts_6_autogen_original","718","USA",NA,"lof",0.508574746386506,0.262132717068339,0.0494697790361671,"global",13,"LB_MISS_ALT"
"ts_6_autogen_original","701_MISS_ALT","USA",NA,"own_site_simil_score",5.02676643109585,0.399689143950262,3.07040994264174,"global",41,"LB_MISS_ALT"
"ts_6_autogen_original","703","USA",NA,"own_site_simil_score",1.31470218393456,0.305949781659389,0.2665753221248,"global",16,"LB_MISS_ALT"
"ts_6_autogen_original","704_MISS_CREAT","USA",NA,"own_site_simil_score",12.2675603712346,0.734545454545452,9.79817007217021,"global",25,"LB_MISS_ALT"
"ts_6_autogen_original","705","USA",NA,"own_site_simil_score",0.629330842561199,0.222943722943723,0.0703279567408237,"global",14,"LB_MISS_ALT"
"ts_6_autogen_original","706","USA",NA,"own_site_simil_score",0.109509019503535,0.165289256198347,0.00161777943308151,"global",3,"LB_MISS_ALT"
"ts_6_autogen_original","707","USA",NA,"own_site_simil_score",0.0889912799488013,0.160493827160494,0.000108704890852579,"global",2,"LB_MISS_ALT"
"ts_6_autogen_original","708_MISS_CREAT","USA",NA,"own_site_simil_score",5.36708636971366,0.522718370544458,3.36726418747845,"global",23,"LB_MISS_ALT"
"ts_6_autogen_original","709_MISS_GLUC","USA",NA,"own_site_simil_score",3.7826588630887,0.468888888888887,1.99232033952579,"global",20,"LB_MISS_ALT"
"ts_6_autogen_original","710_MISS_ALT","USA",NA,"own_site_simil_score",2.95089392375497,0.349612403100773,1.29698028056,"global",30,"LB_MISS_ALT"
"ts_6_autogen_original","711","USA",NA,"own_site_simil_score",0.136430139475694,0.170124481327801,0.00332195057350819,"global",4,"LB_MISS_ALT"
"ts_6_autogen_original","713","USA",NA,"own_site_simil_score",1.03838594688004,0.351694915254237,0.178287365977107,"global",9,"LB_MISS_ALT"
"ts_6_autogen_original","714","USA",NA,"own_site_simil_score",0.207263895675417,0.175732217573222,0.0127786261003676,"global",6,"LB_MISS_ALT"
"ts_6_autogen_original","715","USA",NA,"own_site_simil_score",0.267915639688388,0.181434599156118,0.0187947600197699,"global",8,"LB_MISS_ALT"
"ts_6_autogen_original","716_MISS_GLUC","USA",NA,"own_site_simil_score",11.0565385785392,0.713989441930617,8.69878154930358,"global",24,"LB_MISS_ALT"
"ts_6_autogen_original","717","USA",NA,"own_site_simil_score",0.601148217244511,0.298319327731093,0.0639244733634694,"global",7,"LB_MISS_ALT"
"ts_6_autogen_original","718","USA",NA,"own_site_simil_score",0.67691337757946,0.238395225464191,0.076799593223401,"global",13,"LB_MISS_ALT"
"ts_11_autogen_original","701_MISS_ALT","USA",NA,"range",0.312629294840775,0.164285714285714,0.0237540628356482,"global",28,"LB_MISS_AST"
"ts_11_autogen_original","702","USA",NA,"range",0.496006598880036,0.844919786096257,0.0474698061603835,"global",1,"LB_MISS_AST"
"ts_11_autogen_original","703","USA",NA,"range",1.22736579283303,0.378787878787879,0.238028762402089,"global",12,"LB_MISS_AST"
"ts_11_autogen_original","704_MISS_CREAT","USA",NA,"range",0.784629400747614,0.254761904761905,0.103080053363819,"global",20,"LB_MISS_AST"
"ts_11_autogen_original","705","USA",NA,"range",0.517989056449456,0.28608115048793,0.0503468248581905,"global",11,"LB_MISS_AST"
"ts_11_autogen_original","706","USA",NA,"range",0.404926129532703,0.807486631016043,0.0348270707670336,"global",1,"LB_MISS_AST"
"ts_11_autogen_original","707","USA",NA,"range",0.496006598880036,0.844919786096259,0.0474698061603835,"global",1,"LB_MISS_AST"
"ts_11_autogen_original","708_MISS_CREAT","USA",NA,"range",0.476779680681546,0.230134158926729,0.044769482139274,"global",17,"LB_MISS_AST"
"ts_11_autogen_original","709_MISS_GLUC","USA",NA,"range",0.648463974233073,0.248366013071896,0.0734532748620895,"global",18,"LB_MISS_AST"
"ts_11_autogen_original","710_MISS_ALT","USA",NA,"range",0.78816769708687,0.244797371303395,0.104415564891488,"global",22,"LB_MISS_AST"
"ts_11_autogen_original","711","USA",NA,"range",0.151757968322537,0.446236559139784,0.00435323251662308,"global",2,"LB_MISS_AST"
"ts_11_autogen_original","713","USA",NA,"range",0.0351588784648234,0.183333333333333,0,"global",8,"LB_MISS_AST"
"ts_11_autogen_original","714","USA",NA,"range",1.36155962820494,0.581420765027322,0.286893618088884,"global",5,"LB_MISS_AST"
"ts_11_autogen_original","715","USA",NA,"range",0.374151858023735,0.367213114754099,0.0293475985341998,"global",5,"LB_MISS_AST"
"ts_11_autogen_original","716_MISS_GLUC","USA",NA,"range",0.65973081172488,0.239285714285714,0.0741029150097407,"global",20,"LB_MISS_AST"
"ts_11_autogen_original","717","USA",NA,"range",0.332921965173244,0.30544593528019,0.0257595575184066,"global",7,"LB_MISS_AST"
"ts_11_autogen_original","718","USA",NA,"range",0.32917336663408,0.259550561797753,0.0257595575184066,"global",10,"LB_MISS_AST"
"ts_11_autogen_original","701_MISS_ALT","USA",NA,"sd",0.282964650856639,0.159821428571429,0.0192030838987461,"global",28,"LB_MISS_AST"
"ts_11_autogen_original","702","USA",NA,"sd",0.224939826593498,0.705882352941177,0.014609107552392,"global",1,"LB_MISS_AST"
"ts_11_autogen_original","703","USA",NA,"sd",1.81219050444775,0.445075757575758,0.495299423517506,"global",12,"LB_MISS_AST"
"ts_11_autogen_original","704_MISS_CREAT","USA",NA,"sd",0.343733677346855,0.194047619047619,0.0272715884330714,"global",20,"LB_MISS_AST"
"ts_11_autogen_original","705","USA",NA,"sd",0.092038854579617,0.184386235233693,0.000753799968844867,"global",11,"LB_MISS_AST"
"ts_11_autogen_original","706","USA",NA,"sd",1.27415784926368,0.978609625668452,0.252735155249427,"global",1,"LB_MISS_AST"
"ts_11_autogen_original","707","USA",NA,"sd",0.0593140012159819,0.566844919786097,0,"global",1,"LB_MISS_AST"
"ts_11_autogen_original","708_MISS_CREAT","USA",NA,"sd",0.191161639932874,0.178190574475404,0.00933904560619391,"global",17,"LB_MISS_AST"
"ts_11_autogen_original","709_MISS_GLUC","USA",NA,"sd",1.49738265445917,0.343790849673203,0.341163971781099,"global",18,"LB_MISS_AST"
"ts_11_autogen_original","710_MISS_ALT","USA",NA,"sd",0.266724595668812,0.173603504928806,0.0187947600197699,"global",22,"LB_MISS_AST"
"ts_11_autogen_original","711","USA",NA,"sd",0.710689454931117,0.693548387096774,0.0817493476530669,"global",2,"LB_MISS_AST"
"ts_11_autogen_original","713","USA",NA,"sd",0.503864524585345,0.327777777777778,0.048101370081977,"global",8,"LB_MISS_AST"
"ts_11_autogen_original","714","USA",NA,"sd",0.28533286093901,0.340983606557377,0.0193649218462703,"global",5,"LB_MISS_AST"
"ts_11_autogen_original","715","USA",NA,"sd",0.150015013330862,0.291803278688524,0.00417713178207221,"global",5,"LB_MISS_AST"
"ts_11_autogen_original","716_MISS_GLUC","USA",NA,"sd",0.13829316926445,0.154761904761905,0.00332195057350819,"global",20,"LB_MISS_AST"
"ts_11_autogen_original","717","USA",NA,"sd",0.209818604587028,0.269139700078927,0.0127786261003676,"global",7,"LB_MISS_AST"
"ts_11_autogen_original","718","USA",NA,"sd",0.294957925299486,0.251685393258428,0.0203657439761334,"global",10,"LB_MISS_AST"
"ts_11_autogen_original","701_MISS_ALT","USA",NA,"unique_value_count_relative",2.11594060738416,0.310714285714285,0.664159253377927,"global",28,"LB_MISS_AST"
"ts_11_autogen_original","702","USA",NA,"unique_value_count_relative",0.0488485675378169,0.106951871657752,0,"global",1,"LB_MISS_AST"
"ts_11_autogen_original","703","USA",NA,"unique_value_count_relative",0.104627321863396,0.0890151515151516,0.00136064883470355,"global",12,"LB_MISS_AST"
"ts_11_autogen_original","704_MISS_CREAT","USA",NA,"unique_value_count_relative",0.00282804834438644,0.00595238095238194,0,"global",20,"LB_MISS_AST"
"ts_11_autogen_original","705","USA",NA,"unique_value_count_relative",0.430296330244694,0.203389830508474,0.0391151550292751,"global",11,"LB_MISS_AST"
"ts_11_autogen_original","706","USA",NA,"unique_value_count_relative",0.811759851364724,0.850267379679144,0.109141256940446,"global",1,"LB_MISS_AST"
"ts_11_autogen_original","707","USA",NA,"unique_value_count_relative",0.387667124091197,0.593582887700534,0.0315211818239177,"global",1,"LB_MISS_AST"
"ts_11_autogen_original","708_MISS_CREAT","USA",NA,"unique_value_count_relative",0.0978681799833589,0.0753353973168215,0.00113196051351849,"global",17,"LB_MISS_AST"
"ts_11_autogen_original","709_MISS_GLUC","USA",NA,"unique_value_count_relative",0.15726814648726,0.0954248366013067,0.0053140320126,"global",18,"LB_MISS_AST"
"ts_11_autogen_original","710_MISS_ALT","USA",NA,"unique_value_count_relative",0.159545488434179,0.0887185104052574,0.00567367509448981,"global",22,"LB_MISS_AST"
"ts_11_autogen_original","711","USA",NA,"unique_value_count_relative",0.385050974935482,0.419354838709677,0.0307884914241143,"global",2,"LB_MISS_AST"
"ts_11_autogen_original","713","USA",NA,"unique_value_count_relative",0.803949725011949,0.327777777777778,0.107807530591115,"global",8,"LB_MISS_AST"
"ts_11_autogen_original","714","USA",NA,"unique_value_count_relative",0.715651281276932,0.379234972677595,0.0835881382891899,"global",5,"LB_MISS_AST"
"ts_11_autogen_original","715","USA",NA,"unique_value_count_relative",0.393901362162072,0.2775956284153,0.0324268174729729,"global",5,"LB_MISS_AST"
"ts_11_autogen_original","716_MISS_GLUC","USA",NA,"unique_value_count_relative",0.497858860175893,0.170238095238095,0.047690303309549,"global",20,"LB_MISS_AST"
"ts_11_autogen_original","717","USA",NA,"unique_value_count_relative",0.68238563667568,0.318074191002368,0.0781641433192385,"global",7,"LB_MISS_AST"
"ts_11_autogen_original","718","USA",NA,"unique_value_count_relative",0.0472981968825526,0.061797752808988,0,"global",10,"LB_MISS_AST"
"ts_11_autogen_original","701_MISS_ALT","USA",NA,"average",0.00258031987267035,0.0803571428571429,0,"global",28,"LB_MISS_AST"
"ts_11_autogen_original","702","USA",NA,"average",0.541764089440712,0.860962566844922,0.0541480726392301,"global",1,"LB_MISS_AST"
"ts_11_autogen_original","703","USA",NA,"average",0.671136944399492,0.301136363636363,0.076608187186389,"global",12,"LB_MISS_AST"
"ts_11_autogen_original","704_MISS_CREAT","USA",NA,"average",1.58335313811879,0.336904761904762,0.382750548789414,"global",20,"LB_MISS_AST"
"ts_11_autogen_original","705","USA",NA,"average",0.726041180703801,0.32100667693888,0.0862873197351585,"global",11,"LB_MISS_AST"
"ts_11_autogen_original","706","USA",NA,"average",0.128029813585442,0.63101604278075,0.00310582019373197,"global",1,"LB_MISS_AST"
"ts_11_autogen_original","707","USA",NA,"average",0.931735168441472,0.946524064171126,0.143718583619716,"global",1,"LB_MISS_AST"
"ts_11_autogen_original","708_MISS_CREAT","USA",NA,"average",1.27284224660368,0.330581355349157,0.252735155249427,"global",17,"LB_MISS_AST"
"ts_11_autogen_original","709_MISS_GLUC","USA",NA,"average",0.206850978695631,0.177124183006536,0.0127786261003676,"global",18,"LB_MISS_AST"
"ts_11_autogen_original","710_MISS_ALT","USA",NA,"average",0.270689099106938,0.174151150054765,0.0187947600197699,"global",22,"LB_MISS_AST"
"ts_11_autogen_original","711","USA",NA,"average",0.303358657982564,0.505376344086022,0.0219632516912653,"global",2,"LB_MISS_AST"
"ts_11_autogen_original","713","USA",NA,"average",0.0979674290949246,0.216666666666667,0.00113196051351849,"global",8,"LB_MISS_AST"
"ts_11_autogen_original","714","USA",NA,"average",0.344272288545325,0.359562841530055,0.0273812076150805,"global",5,"LB_MISS_AST"
"ts_11_autogen_original","715","USA",NA,"average",0.0626854227103957,0.245901639344262,0,"global",5,"LB_MISS_AST"
"ts_11_autogen_original","716_MISS_GLUC","USA",NA,"average",0.451773258726519,0.210714285714286,0.0412632627580069,"global",20,"LB_MISS_AST"
"ts_11_autogen_original","717","USA",NA,"average",0.175278051635551,0.25808997632202,0.00747014114452971,"global",7,"LB_MISS_AST"
"ts_11_autogen_original","718","USA",NA,"average",0.484092389462972,0.292134831460675,0.0457867842714478,"global",10,"LB_MISS_AST"
"ts_11_autogen_original","701_MISS_ALT","USA",NA,"lof",0.499558051709465,0.189285714285714,0.0481011259817699,"global",28,"LB_MISS_AST"
"ts_11_autogen_original","702","USA",NA,"lof",0.187798018588931,0.67914438502674,0.00892688457845432,"global",1,"LB_MISS_AST"
"ts_11_autogen_original","703","USA",NA,"lof",0.534242297531749,0.27840909090909,0.0525096332519319,"global",12,"LB_MISS_AST"
"ts_11_autogen_original","704_MISS_CREAT","USA",NA,"lof",0.0925232323376135,0.142857142857143,0.000753799968844867,"global",20,"LB_MISS_AST"
"ts_11_autogen_original","705","USA",NA,"lof",0.225628501016054,0.224447868515665,0.014609107552392,"global",11,"LB_MISS_AST"
"ts_11_autogen_original","706","USA",NA,"lof",0.0336086009810802,0.540106951871659,0,"global",1,"LB_MISS_AST"
"ts_11_autogen_original","707","USA",NA,"lof",0.24073409377673,0.716577540106952,0.0162282125355365,"global",1,"LB_MISS_AST"
"ts_11_autogen_original","708_MISS_CREAT","USA",NA,"lof",0.337740580909785,0.207086343309254,0.0263278049748972,"global",17,"LB_MISS_AST"
"ts_11_autogen_original","709_MISS_GLUC","USA",NA,"lof",0.660966215309597,0.25032679738562,0.0741029150097407,"global",18,"LB_MISS_AST"
"ts_11_autogen_original","710_MISS_ALT","USA",NA,"lof",0.084862348834161,0.134720700985761,0,"global",22,"LB_MISS_AST"
"ts_11_autogen_original","711","USA",NA,"lof",1.09698413945239,0.806451612903225,0.196806257212495,"global",2,"LB_MISS_AST"
"ts_11_autogen_original","713","USA",NA,"lof",1.07365875083942,0.430555555555556,0.187805360993318,"global",8,"LB_MISS_AST"
"ts_11_autogen_original","714","USA",NA,"lof",0.312174714676157,0.349726775956284,0.0237540628356482,"global",5,"LB_MISS_AST"
"ts_11_autogen_original","715","USA",NA,"lof",0.339051432672522,0.357377049180328,0.0264002146105215,"global",5,"LB_MISS_AST"
"ts_11_autogen_original","716_MISS_GLUC","USA",NA,"lof",0.280533316333125,0.183333333333333,0.0187947600197699,"global",20,"LB_MISS_AST"
"ts_11_autogen_original","717","USA",NA,"lof",0.138514772866257,0.245461720599843,0.00332195057350819,"global",7,"LB_MISS_AST"
"ts_11_autogen_original","718","USA",NA,"lof",0.205699560009185,0.229213483146067,0.0127786261003676,"global",10,"LB_MISS_AST"
"ts_11_autogen_original","701_MISS_ALT","USA",NA,"own_site_simil_score",0.289581718747324,0.111010009099181,0.0196327455407087,"global",28,"LB_MISS_AST"
"ts_11_autogen_original","703","USA",NA,"own_site_simil_score",2.63698113460905,0.495664739884393,1.05737535575703,"global",12,"LB_MISS_AST"
"ts_11_autogen_original","704_MISS_CREAT","USA",NA,"own_site_simil_score",0.444446879400536,0.160606060606061,0.039901370867779,"global",20,"LB_MISS_AST"
"ts_11_autogen_original","705","USA",NA,"own_site_simil_score",0.120527996560337,0.0997910135841168,0.00275409919139017,"global",11,"LB_MISS_AST"
"ts_11_autogen_original","708_MISS_CREAT","USA",NA,"own_site_simil_score",0.839259529834711,0.239145658263306,0.114162213892964,"global",17,"LB_MISS_AST"
"ts_11_autogen_original","709_MISS_GLUC","USA",NA,"own_site_simil_score",1.02347491586021,0.258483033932136,0.174221442903659,"global",18,"LB_MISS_AST"
"ts_11_autogen_original","710_MISS_ALT","USA",NA,"own_site_simil_score",0.0400191709867946,0.0404350250976018,0,"global",22,"LB_MISS_AST"
"ts_11_autogen_original","711","USA",NA,"own_site_simil_score",0.688632172974594,0.551912568306011,0.079354689908099,"global",2,"LB_MISS_AST"
"ts_11_autogen_original","713","USA",NA,"own_site_simil_score",0.664578926351514,0.296610169491526,0.0747195131339444,"global",8,"LB_MISS_AST"
"ts_11_autogen_original","714","USA",NA,"own_site_simil_score",0.153716419934367,0.166666666666667,0.00477184202022172,"global",5,"LB_MISS_AST"
"ts_11_autogen_original","715","USA",NA,"own_site_simil_score",0.910879495725195,0.433333333333333,0.134882551119433,"global",5,"LB_MISS_AST"
"ts_11_autogen_original","716_MISS_GLUC","USA",NA,"own_site_simil_score",0.0106906223485985,0.0181818181818182,0,"global",20,"LB_MISS_AST"
"ts_11_autogen_original","717","USA",NA,"own_site_simil_score",0.76229921508976,0.337881219903693,0.0956826413173131,"global",7,"LB_MISS_AST"
"ts_11_autogen_original","718","USA",NA,"own_site_simil_score",0.38074424993133,0.2,0.0303129122489407,"global",10,"LB_MISS_AST"
"ts_12_autogen_original","701_MISS_ALT","USA",NA,"range",0.324015218584431,0.141463414634147,0.0257595575184066,"global",41,"LB_MISS_AST"
"ts_12_autogen_original","702","USA",NA,"range",0.642747080097179,0.889795918367351,0.0724344787518298,"global",1,"LB_MISS_AST"
"ts_12_autogen_original","703","USA",NA,"range",0.190731319223043,0.180978260869565,0.00933904560619391,"global",16,"LB_MISS_AST"
"ts_12_autogen_original","704_MISS_CREAT","USA",NA,"range",0.242033256952747,0.157828054298643,0.0162282125355365,"global",25,"LB_MISS_AST"
"ts_12_autogen_original","705","USA",NA,"range",0.511487315942618,0.253694581280788,0.0499822263486836,"global",14,"LB_MISS_AST"
"ts_12_autogen_original","706","USA",NA,"range",0.163601573255925,0.37037037037037,0.00599548150165794,"global",3,"LB_MISS_AST"
"ts_12_autogen_original","707","USA",NA,"range",0.275657515707478,0.495901639344262,0.0187947600197699,"global",2,"LB_MISS_AST"
"ts_12_autogen_original","708_MISS_CREAT","USA",NA,"range",0.330663733374269,0.177812439071944,0.0257595575184066,"global",23,"LB_MISS_AST"
"ts_12_autogen_original","709_MISS_GLUC","USA",NA,"range",1.22435504806128,0.298672566371681,0.237296111401202,"global",20,"LB_MISS_AST"
"ts_12_autogen_original","710_MISS_ALT","USA",NA,"range",0.555732246755844,0.187037037037037,0.0544000286256315,"global",30,"LB_MISS_AST"
"ts_12_autogen_original","711","USA",NA,"range",1.40933063185878,0.648760330578511,0.309412109175904,"global",4,"LB_MISS_AST"
"ts_12_autogen_original","713","USA",NA,"range",0.272862377842849,0.257383966244726,0.0187947600197699,"global",9,"LB_MISS_AST"
"ts_12_autogen_original","714","USA",NA,"range",0.253151428155795,0.304166666666666,0.0170636509635878,"global",6,"LB_MISS_AST"
"ts_12_autogen_original","715","USA",NA,"range",0.75185383037466,0.373949579831933,0.0938650486581982,"global",8,"LB_MISS_AST"
"ts_12_autogen_original","716_MISS_GLUC","USA",NA,"range",0.168324918328338,0.147522522522523,0.00683621256132044,"global",24,"LB_MISS_AST"
"ts_12_autogen_original","717","USA",NA,"range",0.903457699075585,0.425582785415423,0.132587901651986,"global",7,"LB_MISS_AST"
"ts_12_autogen_original","718","USA",NA,"range",0.0215843388416524,0.136018487949818,0,"global",13,"LB_MISS_AST"
"ts_12_autogen_original","701_MISS_ALT","USA",NA,"sd",0.121094313455755,0.11219512195122,0.00288342099071537,"global",41,"LB_MISS_AST"
"ts_12_autogen_original","702","USA",NA,"sd",0.612783856719734,0.881632653061228,0.0661547983363976,"global",1,"LB_MISS_AST"
"ts_12_autogen_original","703","USA",NA,"sd",0.447275820290811,0.228804347826087,0.039901370867779,"global",16,"LB_MISS_AST"
"ts_12_autogen_original","704_MISS_CREAT","USA",NA,"sd",0.0555624281074886,0.11710407239819,0,"global",25,"LB_MISS_AST"
"ts_12_autogen_original","705","USA",NA,"sd",0.650063035036043,0.27524630541872,0.0734532748620895,"global",14,"LB_MISS_AST"
"ts_12_autogen_original","706","USA",NA,"sd",0.116847902943048,0.34156378600823,0.00236048437298981,"global",3,"LB_MISS_AST"
"ts_12_autogen_original","707","USA",NA,"sd",0.492209925513886,0.602459016393442,0.0474698061603835,"global",2,"LB_MISS_AST"
"ts_12_autogen_original","708_MISS_CREAT","USA",NA,"sd",0.290492785748506,0.171573406122051,0.0196327455407087,"global",23,"LB_MISS_AST"
"ts_12_autogen_original","709_MISS_GLUC","USA",NA,"sd",0.0789783641933508,0.136725663716814,0,"global",20,"LB_MISS_AST"
"ts_12_autogen_original","710_MISS_ALT","USA",NA,"sd",0.515308839329743,0.182407407407408,0.0499822263486836,"global",30,"LB_MISS_AST"
"ts_12_autogen_original","711","USA",NA,"sd",0.138449013546932,0.316115702479338,0.00332195057350819,"global",4,"LB_MISS_AST"
"ts_12_autogen_original","713","USA",NA,"sd",0.80980730587995,0.364275668073137,0.10834017783565,"global",9,"LB_MISS_AST"
"ts_12_autogen_original","714","USA",NA,"sd",0.512945717386625,0.375,0.0499822263486836,"global",6,"LB_MISS_AST"
"ts_12_autogen_original","715","USA",NA,"sd",0.21954162583345,0.256302521008403,0.0139241332817465,"global",8,"LB_MISS_AST"
"ts_12_autogen_original","716_MISS_GLUC","USA",NA,"sd",0.130615214729763,0.13963963963964,0.00332195057350819,"global",24,"LB_MISS_AST"
"ts_12_autogen_original","717","USA",NA,"sd",0.435242690717525,0.329946204423191,0.039570741999225,"global",7,"LB_MISS_AST"
"ts_12_autogen_original","718","USA",NA,"sd",1.97097709637964,0.442060085836911,0.571960732192829,"global",13,"LB_MISS_AST"
"ts_12_autogen_original","701_MISS_ALT","USA",NA,"unique_value_count_relative",0.194803896755839,0.078048780487805,0.00972762230912077,"global",41,"LB_MISS_AST"
"ts_12_autogen_original","702","USA",NA,"unique_value_count_relative",0.267083466136293,0.461224489795919,0.0187947600197699,"global",1,"LB_MISS_AST"
"ts_12_autogen_original","703","USA",NA,"unique_value_count_relative",0.431369625293258,0.171739130434783,0.0391151550292751,"global",16,"LB_MISS_AST"
"ts_12_autogen_original","704_MISS_CREAT","USA",NA,"unique_value_count_relative",0.101550240879701,0.0647963800904972,0.00136064883470355,"global",25,"LB_MISS_AST"
"ts_12_autogen_original","705","USA",NA,"unique_value_count_relative",0.0380481665090639,0.0474137931034478,0,"global",14,"LB_MISS_AST"
"ts_12_autogen_original","706","USA",NA,"unique_value_count_relative",0.133105641621097,0.189300411522634,0.00332195057350819,"global",3,"LB_MISS_AST"
"ts_12_autogen_original","707","USA",NA,"unique_value_count_relative",0.211242653756588,0.299180327868852,0.0127786261003676,"global",2,"LB_MISS_AST"
"ts_12_autogen_original","708_MISS_CREAT","USA",NA,"unique_value_count_relative",0.353434697346291,0.131604601286801,0.0281734382819936,"global",23,"LB_MISS_AST"
"ts_12_autogen_original","709_MISS_GLUC","USA",NA,"unique_value_count_relative",0.627898951099262,0.189380530973451,0.0703279567408237,"global",20,"LB_MISS_AST"
"ts_12_autogen_original","710_MISS_ALT","USA",NA,"unique_value_count_relative",0.324615971880606,0.112962962962963,0.0257595575184066,"global",30,"LB_MISS_AST"
"ts_12_autogen_original","711","USA",NA,"unique_value_count_relative",0.0202059618583567,0.0392561983471077,0,"global",4,"LB_MISS_AST"
"ts_12_autogen_original","713","USA",NA,"unique_value_count_relative",0.482804167909873,0.236286919831223,0.045376853678671,"global",9,"LB_MISS_AST"
"ts_12_autogen_original","714","USA",NA,"unique_value_count_relative",0.0737838737751465,0.0999999999999996,0,"global",6,"LB_MISS_AST"
"ts_12_autogen_original","715","USA",NA,"unique_value_count_relative",0.0649142031935952,0.0808823529411765,0,"global",8,"LB_MISS_AST"
"ts_12_autogen_original","716_MISS_GLUC","USA",NA,"unique_value_count_relative",0.718943886568802,0.188063063063063,0.083743841503488,"global",24,"LB_MISS_AST"
"ts_12_autogen_original","717","USA",NA,"unique_value_count_relative",1.01573121047427,0.389121338912133,0.174099256942442,"global",7,"LB_MISS_AST"
"ts_12_autogen_original","718","USA",NA,"unique_value_count_relative",0.126621016186726,0.0957411687025419,0.00310582019373197,"global",13,"LB_MISS_AST"
"ts_12_autogen_original","701_MISS_ALT","USA",NA,"average",0.75447888393729,0.185365853658537,0.0940749779063426,"global",41,"LB_MISS_AST"
"ts_12_autogen_original","702","USA",NA,"average",0.297513421941144,0.751020408163268,0.021151712723684,"global",1,"LB_MISS_AST"
"ts_12_autogen_original","703","USA",NA,"average",0.309473316569936,0.204891304347826,0.0229598789360506,"global",16,"LB_MISS_AST"
"ts_12_autogen_original","704_MISS_CREAT","USA",NA,"average",1.26386345824321,0.274389140271492,0.250105498064707,"global",25,"LB_MISS_AST"
"ts_12_autogen_original","705","USA",NA,"average",0.43872144218425,0.241379310344827,0.0397638968206807,"global",14,"LB_MISS_AST"
"ts_12_autogen_original","706","USA",NA,"average",0.445835358816768,0.493827160493827,0.039901370867779,"global",3,"LB_MISS_AST"
"ts_12_autogen_original","707","USA",NA,"average",0.288907644173225,0.5,0.0196327455407087,"global",2,"LB_MISS_AST"
"ts_12_autogen_original","708_MISS_CREAT","USA",NA,"average",0.494810974622901,0.201208812634042,0.0474698061603835,"global",23,"LB_MISS_AST"
"ts_12_autogen_original","709_MISS_GLUC","USA",NA,"average",0.268525162090001,0.178761061946903,0.0187947600197699,"global",20,"LB_MISS_AST"
"ts_12_autogen_original","710_MISS_ALT","USA",NA,"average",0.0256468066182736,0.0972222222222223,0,"global",30,"LB_MISS_AST"
"ts_12_autogen_original","711","USA",NA,"average",0.254809443079642,0.367768595041322,0.0179321376029089,"global",4,"LB_MISS_AST"
"ts_12_autogen_original","713","USA",NA,"average",0.163679332817121,0.226441631504923,0.00599548150165794,"global",9,"LB_MISS_AST"
"ts_12_autogen_original","714","USA",NA,"average",0.176838767982027,0.279166666666667,0.00761862359049177,"global",6,"LB_MISS_AST"
"ts_12_autogen_original","715","USA",NA,"average",0.178629975566442,0.243697478991597,0.00764164481546719,"global",8,"LB_MISS_AST"
"ts_12_autogen_original","716_MISS_GLUC","USA",NA,"average",0.276557582717438,0.166666666666667,0.0187947600197699,"global",24,"LB_MISS_AST"
"ts_12_autogen_original","717","USA",NA,"average",0.264214001174062,0.284518828451882,0.0182505715710939,"global",7,"LB_MISS_AST"
"ts_12_autogen_original","718","USA",NA,"average",0.400937959453179,0.242324199405745,0.0333214040574998,"global",13,"LB_MISS_AST"
"ts_12_autogen_original","701_MISS_ALT","USA",NA,"lof",1.1749955126103,0.219512195121952,0.222300116285249,"global",41,"LB_MISS_AST"
"ts_12_autogen_original","702","USA",NA,"lof",0.150385858820779,0.648979591836735,0.00417713178207221,"global",1,"LB_MISS_AST"
"ts_12_autogen_original","703","USA",NA,"lof",0.795920680287215,0.278804347826087,0.105678863920384,"global",16,"LB_MISS_AST"
"ts_12_autogen_original","704_MISS_CREAT","USA",NA,"lof",1.27145726469617,0.275113122171945,0.252735155249427,"global",25,"LB_MISS_AST"
"ts_12_autogen_original","705","USA",NA,"lof",1.15382505178146,0.341748768472906,0.211093710539363,"global",14,"LB_MISS_AST"
"ts_12_autogen_original","706","USA",NA,"lof",0.388381035626845,0.473251028806585,0.0316371888432508,"global",3,"LB_MISS_AST"
"ts_12_autogen_original","707","USA",NA,"lof",0.119046106614533,0.426229508196721,0.00243693979057226,"global",2,"LB_MISS_AST"
"ts_12_autogen_original","708_MISS_CREAT","USA",NA,"lof",0.840090153223902,0.242347436147398,0.114417960515814,"global",23,"LB_MISS_AST"
"ts_12_autogen_original","709_MISS_GLUC","USA",NA,"lof",0.113513169904046,0.146460176991151,0.00228520216212808,"global",20,"LB_MISS_AST"
"ts_12_autogen_original","710_MISS_ALT","USA",NA,"lof",0.0997081449747154,0.12037037037037,0.00113196051351849,"global",30,"LB_MISS_AST"
"ts_12_autogen_original","711","USA",NA,"lof",0.0468860810637872,0.256198347107438,0,"global",4,"LB_MISS_AST"
"ts_12_autogen_original","713","USA",NA,"lof",1.00283576570389,0.39521800281294,0.169149269375123,"global",9,"LB_MISS_AST"
"ts_12_autogen_original","714","USA",NA,"lof",0.22639756068258,0.295833333333333,0.01488465759976,"global",6,"LB_MISS_AST"
"ts_12_autogen_original","715","USA",NA,"lof",0.245998494009592,0.263655462184875,0.0162588930396488,"global",8,"LB_MISS_AST"
"ts_12_autogen_original","716_MISS_GLUC","USA",NA,"lof",0.445291425615718,0.191441441441441,0.039901370867779,"global",24,"LB_MISS_AST"
"ts_12_autogen_original","717","USA",NA,"lof",0.400738350077353,0.321578003586373,0.0333201756292938,"global",7,"LB_MISS_AST"
"ts_12_autogen_original","718","USA",NA,"lof",0.165826329590595,0.191812479366127,0.00621281107824427,"global",13,"LB_MISS_AST"
"ts_12_autogen_original","701_MISS_ALT","USA",NA,"own_site_simil_score",0.632894199395296,0.140363462458154,0.0708155705928553,"global",41,"LB_MISS_AST"
"ts_12_autogen_original","703","USA",NA,"own_site_simil_score",0.270849993470202,0.134006550218341,0.0187947600197699,"global",16,"LB_MISS_AST"
"ts_12_autogen_original","704_MISS_CREAT","USA",NA,"own_site_simil_score",0.0241397449627421,0.0281818181818182,0,"global",25,"LB_MISS_AST"
"ts_12_autogen_original","705","USA",NA,"own_site_simil_score",0.310965452231445,0.153679653679654,0.0231680085174966,"global",14,"LB_MISS_AST"
"ts_12_autogen_original","706","USA",NA,"own_site_simil_score",0.737303405876356,0.488980716253441,0.091147664093858,"global",3,"LB_MISS_AST"
"ts_12_autogen_original","707","USA",NA,"own_site_simil_score",0.240730326818638,0.323045267489711,0.0162282125355365,"global",2,"LB_MISS_AST"
"ts_12_autogen_original","708_MISS_CREAT","USA",NA,"own_site_simil_score",0.465531439422445,0.152369761065413,0.0435318415225767,"global",23,"LB_MISS_AST"
"ts_12_autogen_original","709_MISS_GLUC","USA",NA,"own_site_simil_score",0.00446915892528341,0.00888888888888889,0,"global",20,"LB_MISS_AST"
"ts_12_autogen_original","710_MISS_ALT","USA",NA,"own_site_simil_score",0.378992472138366,0.122480620155039,0.0303129122489407,"global",30,"LB_MISS_AST"
"ts_12_autogen_original","711","USA",NA,"own_site_simil_score",0.178861400636612,0.198132780082988,0.00764164481546719,"global",4,"LB_MISS_AST"
"ts_12_autogen_original","713","USA",NA,"own_site_simil_score",0.204621419133779,0.147834274952919,0.0127703829109991,"global",9,"LB_MISS_AST"
"ts_12_autogen_original","714","USA",NA,"own_site_simil_score",0.246108267322316,0.194560669456067,0.0162588930396488,"global",6,"LB_MISS_AST"
"ts_12_autogen_original","715","USA",NA,"own_site_simil_score",0.35082338261601,0.209915611814346,0.0281734382819936,"global",8,"LB_MISS_AST"
"ts_12_autogen_original","716_MISS_GLUC","USA",NA,"own_site_simil_score",0.220851093896867,0.100678733031674,0.0141973494549813,"global",24,"LB_MISS_AST"
"ts_12_autogen_original","717","USA",NA,"own_site_simil_score",0.168641918495906,0.147058823529412,0.00683621256132044,"global",7,"LB_MISS_AST"
"ts_12_autogen_original","718","USA",NA,"own_site_simil_score",0.398069056109119,0.180702917771883,0.0330014995030569,"global",13,"LB_MISS_AST"
"ts_30_autogen_original","701_MISS_ALT","USA",NA,"range",1.28566531347081,0.26875,0.255062796644585,"global",28,"LB_MISS_CREAT"
"ts_30_autogen_original","702","USA",NA,"range",1.07003786660776,0.962566844919786,0.187805360993318,"global",1,"LB_MISS_CREAT"
"ts_30_autogen_original","703","USA",NA,"range",0.833224309604042,0.325757575757576,0.112386769897496,"global",12,"LB_MISS_CREAT"
"ts_30_autogen_original","704_MISS_CREAT","USA",NA,"range",16.1304710332995,0.898809523809522,13.4658544647391,"global",20,"LB_MISS_CREAT"
"ts_30_autogen_original","705","USA",NA,"range",1.10209741170434,0.376990241397021,0.198473534165426,"global",11,"LB_MISS_CREAT"
"ts_30_autogen_original","706","USA",NA,"range",0.0336086009810802,0.540106951871657,0,"global",1,"LB_MISS_CREAT"
"ts_30_autogen_original","707","USA",NA,"range",1.19497660321606,0.973262032085562,0.226503817638788,"global",1,"LB_MISS_CREAT"
"ts_30_autogen_original","708_MISS_CREAT","USA",NA,"range",14.1146370716703,0.900584795321634,11.5539166369787,"global",17,"LB_MISS_CREAT"
"ts_30_autogen_original","709_MISS_GLUC","USA",NA,"range",1.10024198376529,0.303267973856209,0.198140551495813,"global",18,"LB_MISS_CREAT"
"ts_30_autogen_original","710_MISS_ALT","USA",NA,"range",0.704851009917356,0.234939759036145,0.0817189336031802,"global",22,"LB_MISS_CREAT"
"ts_30_autogen_original","711","USA",NA,"range",0.561022329384685,0.634408602150537,0.055307007737309,"global",2,"LB_MISS_CREAT"
"ts_30_autogen_original","713","USA",NA,"range",2.29060592789314,0.586111111111111,0.793386534963959,"global",8,"LB_MISS_CREAT"
"ts_30_autogen_original","714","USA",NA,"range",0.150015013330862,0.291803278688524,0.00417713178207221,"global",5,"LB_MISS_CREAT"
"ts_30_autogen_original","715","USA",NA,"range",0.527991874806425,0.409836065573771,0.0513864651194795,"global",5,"LB_MISS_CREAT"
"ts_30_autogen_original","716_MISS_GLUC","USA",NA,"range",1.65040990642364,0.342857142857143,0.416198220522839,"global",20,"LB_MISS_CREAT"
"ts_30_autogen_original","717","USA",NA,"range",0.452091324344876,0.334648776637727,0.0413102797901005,"global",7,"LB_MISS_CREAT"
"ts_30_autogen_original","718","USA",NA,"range",0.133322185445136,0.207865168539326,0.00332195057350819,"global",10,"LB_MISS_CREAT"
"ts_30_autogen_original","701_MISS_ALT","USA",NA,"sd",0.879754125765107,0.23125,0.125608404906089,"global",28,"LB_MISS_CREAT"
"ts_30_autogen_original","702","USA",NA,"sd",0.329675177113511,0.770053475935829,0.0257595575184066,"global",1,"LB_MISS_CREAT"
"ts_30_autogen_original","703","USA",NA,"sd",0.897878838318774,0.335227272727273,0.131779917373013,"global",12,"LB_MISS_CREAT"
"ts_30_autogen_original","704_MISS_CREAT","USA",NA,"sd",16.1304710332995,0.898809523809522,13.4658544647391,"global",20,"LB_MISS_CREAT"
"ts_30_autogen_original","705","USA",NA,"sd",0.487615351820073,0.280431432973806,0.0474698061603835,"global",11,"LB_MISS_CREAT"
"ts_30_autogen_original","706","USA",NA,"sd",0.672097857935716,0.898395721925134,0.0767192973345316,"global",1,"LB_MISS_CREAT"
"ts_30_autogen_original","707","USA",NA,"sd",0.209699860036761,0.695187165775401,0.0127786261003676,"global",1,"LB_MISS_CREAT"
"ts_30_autogen_original","708_MISS_CREAT","USA",NA,"sd",14.1146370716703,0.900584795321634,11.5539166369787,"global",17,"LB_MISS_CREAT"
"ts_30_autogen_original","709_MISS_GLUC","USA",NA,"sd",0.472707691544292,0.223529411764705,0.0443600775918962,"global",18,"LB_MISS_CREAT"
"ts_30_autogen_original","710_MISS_ALT","USA",NA,"sd",1.60640837932891,0.325301204819277,0.396430697578077,"global",22,"LB_MISS_CREAT"
"ts_30_autogen_original","711","USA",NA,"sd",0.444252381853812,0.580645161290323,0.039901370867779,"global",2,"LB_MISS_CREAT"
"ts_30_autogen_original","713","USA",NA,"sd",0.820703759469922,0.38888888888889,0.110590301176497,"global",8,"LB_MISS_CREAT"
"ts_30_autogen_original","714","USA",NA,"sd",0.131538249649765,0.28415300546448,0.00332195057350819,"global",5,"LB_MISS_CREAT"
"ts_30_autogen_original","715","USA",NA,"sd",1.8301668481103,0.655737704918033,0.505420230644512,"global",5,"LB_MISS_CREAT"
"ts_30_autogen_original","716_MISS_GLUC","USA",NA,"sd",0.745469277644512,0.249999999999999,0.0922059454181504,"global",20,"LB_MISS_CREAT"
"ts_30_autogen_original","717","USA",NA,"sd",1.00867002574035,0.444356748224152,0.172051080208728,"global",7,"LB_MISS_CREAT"
"ts_30_autogen_original","718","USA",NA,"sd",0.994591939057741,0.37752808988764,0.166094113652112,"global",10,"LB_MISS_CREAT"
"ts_30_autogen_original","701_MISS_ALT","USA",NA,"unique_value_count_relative",2.72643136845817,0.352678571428571,1.11892552679248,"global",28,"LB_MISS_CREAT"
"ts_30_autogen_original","702","USA",NA,"unique_value_count_relative",0.150306208296594,0.294117647058822,0.00417713178207221,"global",1,"LB_MISS_CREAT"
"ts_30_autogen_original","703","USA",NA,"unique_value_count_relative",0.68851930919902,0.25189393939394,0.079354689908099,"global",12,"LB_MISS_CREAT"
"ts_30_autogen_original","704_MISS_CREAT","USA",NA,"unique_value_count_relative",0,2.61596300177303e-15,0,"global",20,"LB_MISS_CREAT"
"ts_30_autogen_original","705","USA",NA,"unique_value_count_relative",1.03266095582436,0.321520287621982,0.176237105234261,"global",11,"LB_MISS_CREAT"
"ts_30_autogen_original","706","USA",NA,"unique_value_count_relative",0.461244492620824,0.657754010695187,0.0431110484342945,"global",1,"LB_MISS_CREAT"
"ts_30_autogen_original","707","USA",NA,"unique_value_count_relative",2.27415784926368,1,0.778532199341056,"global",1,"LB_MISS_CREAT"
"ts_30_autogen_original","708_MISS_CREAT","USA",NA,"unique_value_count_relative",0.00274853787986173,0.00584795321637861,0,"global",17,"LB_MISS_CREAT"
"ts_30_autogen_original","709_MISS_GLUC","USA",NA,"unique_value_count_relative",0.875563470597535,0.238562091503267,0.12450217047898,"global",18,"LB_MISS_CREAT"
"ts_30_autogen_original","710_MISS_ALT","USA",NA,"unique_value_count_relative",1.66697408738151,0.3039430449069,0.423761011321089,"global",22,"LB_MISS_CREAT"
"ts_30_autogen_original","711","USA",NA,"unique_value_count_relative",0.178531713682205,0.268817204301076,0.00764164481546719,"global",2,"LB_MISS_CREAT"
"ts_30_autogen_original","713","USA",NA,"unique_value_count_relative",1.67557922117885,0.475,0.423806878652149,"global",8,"LB_MISS_CREAT"
"ts_30_autogen_original","714","USA",NA,"unique_value_count_relative",1.18801071584609,0.493989071038251,0.226497161854354,"global",5,"LB_MISS_CREAT"
"ts_30_autogen_original","715","USA",NA,"unique_value_count_relative",0.369592661407512,0.26775956284153,0.029340643165178,"global",5,"LB_MISS_CREAT"
"ts_30_autogen_original","716_MISS_GLUC","USA",NA,"unique_value_count_relative",1.33673619967956,0.283333333333333,0.277468765896005,"global",20,"LB_MISS_CREAT"
"ts_30_autogen_original","717","USA",NA,"unique_value_count_relative",1.18447990114071,0.42225730071034,0.224431195065104,"global",7,"LB_MISS_CREAT"
"ts_30_autogen_original","718","USA",NA,"unique_value_count_relative",0.543833606485185,0.241573033707865,0.0542113953065265,"global",10,"LB_MISS_CREAT"
"ts_30_autogen_original","701_MISS_ALT","USA",NA,"average",1.76659439704027,0.307142857142857,0.476215911602412,"global",28,"LB_MISS_CREAT"
"ts_30_autogen_original","702","USA",NA,"average",0.0980665902079986,0.60427807486631,0.00113196051351849,"global",1,"LB_MISS_CREAT"
"ts_30_autogen_original","703","USA",NA,"average",0.567358360677251,0.284090909090909,0.0569491428379798,"global",12,"LB_MISS_CREAT"
"ts_30_autogen_original","704_MISS_CREAT","USA",NA,"average",16.1304710332995,0.898809523809522,13.4658544647391,"global",20,"LB_MISS_CREAT"
"ts_30_autogen_original","705","USA",NA,"average",0.840936409725867,0.338469440164355,0.114548822610137,"global",11,"LB_MISS_CREAT"
"ts_30_autogen_original","706","USA",NA,"average",0.224939826593498,0.705882352941177,0.014609107552392,"global",1,"LB_MISS_CREAT"
"ts_30_autogen_original","707","USA",NA,"average",0.393344256982889,0.802139037433157,0.0324128185434817,"global",1,"LB_MISS_CREAT"
"ts_30_autogen_original","708_MISS_CREAT","USA",NA,"average",14.4166278364673,0.906432748538008,11.8370220576152,"global",17,"LB_MISS_CREAT"
"ts_30_autogen_original","709_MISS_GLUC","USA",NA,"average",0.819051486059979,0.270588235294117,0.110193245368004,"global",18,"LB_MISS_CREAT"
"ts_30_autogen_original","710_MISS_ALT","USA",NA,"average",2.46138629437462,0.391018619934282,0.923939156447671,"global",22,"LB_MISS_CREAT"
"ts_30_autogen_original","711","USA",NA,"average",0.00158411476453988,0.274193548387097,0,"global",2,"LB_MISS_CREAT"
"ts_30_autogen_original","713","USA",NA,"average",0.17590017779401,0.244444444444444,0.00750243360024367,"global",8,"LB_MISS_CREAT"
"ts_30_autogen_original","714","USA",NA,"average",0.407219262324372,0.377049180327869,0.0348270707670336,"global",5,"LB_MISS_CREAT"
"ts_30_autogen_original","715","USA",NA,"average",0.0731493605097959,0.252459016393442,0,"global",5,"LB_MISS_CREAT"
"ts_30_autogen_original","716_MISS_GLUC","USA",NA,"average",0.650788841176746,0.238095238095238,0.0734532748620895,"global",20,"LB_MISS_CREAT"
"ts_30_autogen_original","717","USA",NA,"average",0.479183378614794,0.342541436464089,0.0448085463376208,"global",7,"LB_MISS_CREAT"
"ts_30_autogen_original","718","USA",NA,"average",0.683608810059467,0.328089887640449,0.0784635491987224,"global",10,"LB_MISS_CREAT"
"ts_30_autogen_original","701_MISS_ALT","USA",NA,"lof",0.707837372943752,0.213392857142857,0.0817493476530669,"global",28,"LB_MISS_CREAT"
"ts_30_autogen_original","702","USA",NA,"lof",0.349878563201798,0.780748663101605,0.0281734382819936,"global",1,"LB_MISS_CREAT"
"ts_30_autogen_original","703","USA",NA,"lof",0.352138753366503,0.244318181818182,0.0281734382819936,"global",12,"LB_MISS_CREAT"
"ts_30_autogen_original","704_MISS_CREAT","USA",NA,"lof",5.81012166090242,0.59642857142857,3.77596045522948,"global",20,"LB_MISS_CREAT"
"ts_30_autogen_original","705","USA",NA,"lof",1.01384848117173,0.36517719568567,0.174099256942442,"global",11,"LB_MISS_CREAT"
"ts_30_autogen_original","706","USA",NA,"lof",0.014086461278605,0.518716577540108,0,"global",1,"LB_MISS_CREAT"
"ts_30_autogen_original","707","USA",NA,"lof",0.9731278535997,0.951871657754011,0.157674919777268,"global",1,"LB_MISS_CREAT"
"ts_30_autogen_original","708_MISS_CREAT","USA",NA,"lof",4.51776313795207,0.571035431716546,2.61332444876345,"global",17,"LB_MISS_CREAT"
"ts_30_autogen_original","709_MISS_GLUC","USA",NA,"lof",0.20333186053153,0.176470588235294,0.0123403305417136,"global",18,"LB_MISS_CREAT"
"ts_30_autogen_original","710_MISS_ALT","USA",NA,"lof",0.510238154881834,0.210295728368017,0.0499822263486836,"global",22,"LB_MISS_CREAT"
"ts_30_autogen_original","711","USA",NA,"lof",0.98825171415871,0.779569892473118,0.163229420720276,"global",2,"LB_MISS_CREAT"
"ts_30_autogen_original","713","USA",NA,"lof",1.01956989588252,0.422222222222223,0.174221442903659,"global",8,"LB_MISS_CREAT"
"ts_30_autogen_original","714","USA",NA,"lof",0.495524411334655,0.401092896174863,0.0474698061603835,"global",5,"LB_MISS_CREAT"
"ts_30_autogen_original","715","USA",NA,"lof",0.205111859277391,0.313661202185792,0.0127786261003676,"global",5,"LB_MISS_CREAT"
"ts_30_autogen_original","716_MISS_GLUC","USA",NA,"lof",0.0925232323376135,0.142857142857143,0.000753799968844867,"global",20,"LB_MISS_CREAT"
"ts_30_autogen_original","717","USA",NA,"lof",0.40164727311646,0.322809786898184,0.0335773161187589,"global",7,"LB_MISS_CREAT"
"ts_30_autogen_original","718","USA",NA,"lof",0.168854241554643,0.219101123595505,0.00688620235485565,"global",10,"LB_MISS_CREAT"
"ts_30_autogen_original","701_MISS_ALT","USA",NA,"own_site_simil_score",16.5362421121596,0.815286624203822,13.8349027365745,"global",28,"LB_MISS_CREAT"
"ts_30_autogen_original","703","USA",NA,"own_site_simil_score",1.12385482041836,0.323699421965318,0.20569693309592,"global",12,"LB_MISS_CREAT"
"ts_30_autogen_original","704_MISS_CREAT","USA",NA,"own_site_simil_score",7.75557617253026,0.665151515151516,5.58721586912982,"global",20,"LB_MISS_CREAT"
"ts_30_autogen_original","705","USA",NA,"own_site_simil_score",0.674022091061597,0.258620689655172,0.0767192973345316,"global",11,"LB_MISS_CREAT"
"ts_30_autogen_original","708_MISS_CREAT","USA",NA,"own_site_simil_score",9.90280103912508,0.781862745098038,7.59940167221201,"global",17,"LB_MISS_CREAT"
"ts_30_autogen_original","709_MISS_GLUC","USA",NA,"own_site_simil_score",2.52241458937151,0.407185628742515,0.97083753411974,"global",18,"LB_MISS_CREAT"
"ts_30_autogen_original","710_MISS_ALT","USA",NA,"own_site_simil_score",8.00679500208086,0.650306748466258,5.81929968824015,"global",22,"LB_MISS_CREAT"
"ts_30_autogen_original","711","USA",NA,"own_site_simil_score",0.0201596453518187,0.0437158469945355,0,"global",2,"LB_MISS_CREAT"
"ts_30_autogen_original","713","USA",NA,"own_site_simil_score",0.196970956800878,0.152542372881356,0.0106872726548992,"global",8,"LB_MISS_CREAT"
"ts_30_autogen_original","714","USA",NA,"own_site_simil_score",0.0300773254966944,0.0555555555555556,0,"global",5,"LB_MISS_CREAT"
"ts_30_autogen_original","715","USA",NA,"own_site_simil_score",0.0339260969905739,0.0611111111111111,0,"global",5,"LB_MISS_CREAT"
"ts_30_autogen_original","716_MISS_GLUC","USA",NA,"own_site_simil_score",4.57796917509739,0.521212121212121,2.66792988639632,"global",20,"LB_MISS_CREAT"
"ts_30_autogen_original","717","USA",NA,"own_site_simil_score",0.101180456111357,0.112359550561798,0.00124236747883752,"global",7,"LB_MISS_CREAT"
"ts_30_autogen_original","718","USA",NA,"own_site_simil_score",0.38074424993133,0.2,0.0303129122489407,"global",10,"LB_MISS_CREAT"
"ts_30_autogen_original","704_MISS_CREAT","USA",NA,"autocorr",0.14837337995016,0.210526315789474,0.00389879604590726,"global",19,"LB_MISS_CREAT"
"ts_30_autogen_original","708_MISS_CREAT","USA",NA,"autocorr",0.14837337995016,0.210526315789474,0.00389879604590726,"global",17,"LB_MISS_CREAT"
"ts_31_autogen_original","701_MISS_ALT","USA",NA,"range",0.810095705554809,0.190243902439024,0.108404461882518,"global",41,"LB_MISS_CREAT"
"ts_31_autogen_original","702","USA",NA,"range",0.197810508748917,0.685714285714286,0.0109564850336565,"global",1,"LB_MISS_CREAT"
"ts_31_autogen_original","703","USA",NA,"range",0.513579520625162,0.239130434782609,0.0499822263486836,"global",16,"LB_MISS_CREAT"
"ts_31_autogen_original","704_MISS_CREAT","USA",NA,"range",11.3444051792282,0.718552036199094,8.9311308221427,"global",25,"LB_MISS_CREAT"
"ts_31_autogen_original","705","USA",NA,"range",1.17469076301652,0.344211822660099,0.22222316343517,"global",14,"LB_MISS_CREAT"
"ts_31_autogen_original","706","USA",NA,"range",0.0596271132368011,0.308641975308642,0,"global",3,"LB_MISS_CREAT"
"ts_31_autogen_original","707","USA",NA,"range",0.440848557435212,0.577868852459016,0.039901370867779,"global",2,"LB_MISS_CREAT"
"ts_31_autogen_original","708_MISS_CREAT","USA",NA,"range",11.6119753304429,0.74848898420745,9.16448687282636,"global",23,"LB_MISS_CREAT"
"ts_31_autogen_original","709_MISS_GLUC","USA",NA,"range",0.52751698332972,0.21858407079646,0.0513864651194795,"global",20,"LB_MISS_CREAT"
"ts_31_autogen_original","710_MISS_ALT","USA",NA,"range",0.859190385189086,0.218518518518519,0.121002207120708,"global",30,"LB_MISS_CREAT"
"ts_31_autogen_original","711","USA",NA,"range",0.459047152326106,0.433884297520661,0.0425364591306854,"global",4,"LB_MISS_CREAT"
"ts_31_autogen_original","713","USA",NA,"range",0.536854258356458,0.315049226441632,0.0529214057386147,"global",9,"LB_MISS_CREAT"
"ts_31_autogen_original","714","USA",NA,"range",0.999287496368946,0.475,0.16838645425916,"global",6,"LB_MISS_CREAT"
"ts_31_autogen_original","715","USA",NA,"range",0.416574173639163,0.30672268907563,0.0369063174596457,"global",8,"LB_MISS_CREAT"
"ts_31_autogen_original","716_MISS_GLUC","USA",NA,"range",0.420558296413406,0.188063063063063,0.0374367428487436,"global",24,"LB_MISS_CREAT"
"ts_31_autogen_original","717","USA",NA,"range",0.661927811333396,0.379557680812911,0.0741029150097407,"global",7,"LB_MISS_CREAT"
"ts_31_autogen_original","718","USA",NA,"range",1.45855935374207,0.387916804225817,0.326800416022828,"global",13,"LB_MISS_CREAT"
"ts_31_autogen_original","701_MISS_ALT","USA",NA,"sd",0.810095705554809,0.190243902439024,0.108404461882518,"global",41,"LB_MISS_CREAT"
"ts_31_autogen_original","702","USA",NA,"sd",1.31175386105575,0.979591836734694,0.266506840271285,"global",1,"LB_MISS_CREAT"
"ts_31_autogen_original","703","USA",NA,"sd",0.4580906311282,0.230434782608695,0.0424738511724087,"global",16,"LB_MISS_CREAT"
"ts_31_autogen_original","704_MISS_CREAT","USA",NA,"sd",11.1753742053643,0.714027149321266,8.79988840916817,"global",25,"LB_MISS_CREAT"
"ts_31_autogen_original","705","USA",NA,"sd",0.810610330668151,0.298029556650246,0.108503876022448,"global",14,"LB_MISS_CREAT"
"ts_31_autogen_original","706","USA",NA,"sd",0.0784859338302361,0.320987654320988,0,"global",3,"LB_MISS_CREAT"
"ts_31_autogen_original","707","USA",NA,"sd",0.3539153662234,0.532786885245902,0.0281734382819936,"global",2,"LB_MISS_CREAT"
"ts_31_autogen_original","708_MISS_CREAT","USA",NA,"sd",11.3250600364999,0.740885162799768,8.9247506565788,"global",23,"LB_MISS_CREAT"
"ts_31_autogen_original","709_MISS_GLUC","USA",NA,"sd",0.793006790664702,0.25221238938053,0.105389107024988,"global",20,"LB_MISS_CREAT"
"ts_31_autogen_original","710_MISS_ALT","USA",NA,"sd",0.737266155097169,0.206481481481482,0.091147664093858,"global",30,"LB_MISS_CREAT"
"ts_31_autogen_original","711","USA",NA,"sd",1.01858261230541,0.574380165289257,0.174221442903659,"global",4,"LB_MISS_CREAT"
"ts_31_autogen_original","713","USA",NA,"sd",0.5226981112017,0.312236286919831,0.0510222194507736,"global",9,"LB_MISS_CREAT"
"ts_31_autogen_original","714","USA",NA,"sd",0.33931734256764,0.329166666666666,0.0264002146105215,"global",6,"LB_MISS_CREAT"
"ts_31_autogen_original","715","USA",NA,"sd",0.248479259589538,0.264705882352941,0.0164431198716943,"global",8,"LB_MISS_CREAT"
"ts_31_autogen_original","716_MISS_GLUC","USA",NA,"sd",0.875793393161673,0.242117117117117,0.12450217047898,"global",24,"LB_MISS_CREAT"
"ts_31_autogen_original","717","USA",NA,"sd",1.77009788210473,0.555887627017333,0.477229604148851,"global",7,"LB_MISS_CREAT"
"ts_31_autogen_original","718","USA",NA,"sd",0.139497897758487,0.185209640145262,0.00332195057350819,"global",13,"LB_MISS_CREAT"
"ts_31_autogen_original","701_MISS_ALT","USA",NA,"unique_value_count_relative",1.16812555386959,0.195121951219512,0.219477748554293,"global",41,"LB_MISS_CREAT"
"ts_31_autogen_original","702","USA",NA,"unique_value_count_relative",0.192278020148956,0.359183673469387,0.00933904560619391,"global",1,"LB_MISS_CREAT"
"ts_31_autogen_original","703","USA",NA,"unique_value_count_relative",2.07550268495638,0.384782608695652,0.635820962932566,"global",16,"LB_MISS_CREAT"
"ts_31_autogen_original","704_MISS_CREAT","USA",NA,"unique_value_count_relative",0.00216811367598702,0.00452488687783008,0,"global",25,"LB_MISS_CREAT"
"ts_31_autogen_original","705","USA",NA,"unique_value_count_relative",0.527759830495795,0.202586206896552,0.0513864651194795,"global",14,"LB_MISS_CREAT"
"ts_31_autogen_original","706","USA",NA,"unique_value_count_relative",0.172102783245006,0.222222222222223,0.00721044029916772,"global",3,"LB_MISS_CREAT"
"ts_31_autogen_original","707","USA",NA,"unique_value_count_relative",0.0853556372024582,0.155737704918034,0,"global",2,"LB_MISS_CREAT"
"ts_31_autogen_original","708_MISS_CREAT","USA",NA,"unique_value_count_relative",0,-2.87270207621759e-15,0,"global",23,"LB_MISS_CREAT"
"ts_31_autogen_original","709_MISS_GLUC","USA",NA,"unique_value_count_relative",1.49456595367494,0.295575221238938,0.340928907095208,"global",20,"LB_MISS_CREAT"
"ts_31_autogen_original","710_MISS_ALT","USA",NA,"unique_value_count_relative",1.13122535782011,0.215740740740741,0.20569693309592,"global",30,"LB_MISS_CREAT"
"ts_31_autogen_original","711","USA",NA,"unique_value_count_relative",0.135199658464263,0.169421487603306,0.00332195057350819,"global",4,"LB_MISS_CREAT"
"ts_31_autogen_original","713","USA",NA,"unique_value_count_relative",1.25902679813116,0.388185654008438,0.247410465973218,"global",9,"LB_MISS_CREAT"
"ts_31_autogen_original","714","USA",NA,"unique_value_count_relative",1.10212642641574,0.4375,0.198473534165426,"global",6,"LB_MISS_CREAT"
"ts_31_autogen_original","715","USA",NA,"unique_value_count_relative",0.33728554846124,0.205882352941176,0.0263278049748972,"global",8,"LB_MISS_CREAT"
"ts_31_autogen_original","716_MISS_GLUC","USA",NA,"unique_value_count_relative",1.79166192901735,0.299549549549549,0.484671211014733,"global",24,"LB_MISS_CREAT"
"ts_31_autogen_original","717","USA",NA,"unique_value_count_relative",2.03136604142972,0.551105797967722,0.608780266797446,"global",7,"LB_MISS_CREAT"
"ts_31_autogen_original","718","USA",NA,"unique_value_count_relative",0.75290026981367,0.251568174314955,0.0938650486581982,"global",13,"LB_MISS_CREAT"
"ts_31_autogen_original","701_MISS_ALT","USA",NA,"average",1.66852645053238,0.253658536585365,0.423761011321089,"global",41,"LB_MISS_CREAT"
"ts_31_autogen_original","702","USA",NA,"average",0.0645992461746276,0.571428571428572,0,"global",1,"LB_MISS_CREAT"
"ts_31_autogen_original","703","USA",NA,"average",0.48168508966674,0.234239130434783,0.0450349924425386,"global",16,"LB_MISS_CREAT"
"ts_31_autogen_original","704_MISS_CREAT","USA",NA,"average",12.3986422011079,0.744977375565609,9.92169876415299,"global",25,"LB_MISS_CREAT"
"ts_31_autogen_original","705","USA",NA,"average",0.225737029977236,0.20012315270936,0.014609107552392,"global",14,"LB_MISS_CREAT"
"ts_31_autogen_original","706","USA",NA,"average",0.315382529201859,0.444444444444444,0.0241572908405998,"global",3,"LB_MISS_CREAT"
"ts_31_autogen_original","707","USA",NA,"average",0.263010909880788,0.491803278688524,0.0182505715710939,"global",2,"LB_MISS_CREAT"
"ts_31_autogen_original","708_MISS_CREAT","USA",NA,"average",15.5137910216202,0.83681029440437,12.9042220193907,"global",23,"LB_MISS_CREAT"
"ts_31_autogen_original","709_MISS_GLUC","USA",NA,"average",0.755831952035553,0.247787610619469,0.0940749779063426,"global",20,"LB_MISS_CREAT"
"ts_31_autogen_original","710_MISS_ALT","USA",NA,"average",1.33506525818031,0.260185185185186,0.277468765896005,"global",30,"LB_MISS_CREAT"
"ts_31_autogen_original","711","USA",NA,"average",0.67139703493757,0.489669421487604,0.0767192973345316,"global",4,"LB_MISS_CREAT"
"ts_31_autogen_original","713","USA",NA,"average",0.904328843461177,0.379746835443037,0.132587901651986,"global",9,"LB_MISS_CREAT"
"ts_31_autogen_original","714","USA",NA,"average",0.801121235969206,0.4375,0.107807530591115,"global",6,"LB_MISS_CREAT"
"ts_31_autogen_original","715","USA",NA,"average",0.67465717685301,0.359243697478991,0.0767192973345316,"global",8,"LB_MISS_CREAT"
"ts_31_autogen_original","716_MISS_GLUC","USA",NA,"average",0.429061406043255,0.189189189189189,0.0391151550292751,"global",24,"LB_MISS_CREAT"
"ts_31_autogen_original","717","USA",NA,"average",0.824881984046682,0.410041841004184,0.111281117167158,"global",7,"LB_MISS_CREAT"
"ts_31_autogen_original","718","USA",NA,"average",0.239211026851035,0.210300429184549,0.0161038836745772,"global",13,"LB_MISS_CREAT"
"ts_31_autogen_original","701_MISS_ALT","USA",NA,"lof",0.0386412379662231,0.0926829268292684,0,"global",41,"LB_MISS_CREAT"
"ts_31_autogen_original","702","USA",NA,"lof",0.28372513745551,0.742857142857145,0.0192030838987461,"global",1,"LB_MISS_CREAT"
"ts_31_autogen_original","703","USA",NA,"lof",0.0482742823476898,0.139130434782608,0,"global",16,"LB_MISS_CREAT"
"ts_31_autogen_original","704_MISS_CREAT","USA",NA,"lof",1.42448211829508,0.288325791855204,0.316100836410581,"global",25,"LB_MISS_CREAT"
"ts_31_autogen_original","705","USA",NA,"lof",0.456707247043867,0.244458128078818,0.042048880852773,"global",14,"LB_MISS_CREAT"
"ts_31_autogen_original","706","USA",NA,"lof",0.208877831343163,0.395061728395061,0.0127786261003676,"global",3,"LB_MISS_CREAT"
"ts_31_autogen_original","707","USA",NA,"lof",0.575438679719693,0.639344262295082,0.0584849681011108,"global",2,"LB_MISS_CREAT"
"ts_31_autogen_original","708_MISS_CREAT","USA",NA,"lof",1.42154064024191,0.298498732696432,0.313878177195084,"global",23,"LB_MISS_CREAT"
"ts_31_autogen_original","709_MISS_GLUC","USA",NA,"lof",0.631833102727332,0.232300884955753,0.0708155705928553,"global",20,"LB_MISS_CREAT"
"ts_31_autogen_original","710_MISS_ALT","USA",NA,"lof",0.0296059521066779,0.0990740740740741,0,"global",30,"LB_MISS_CREAT"
"ts_31_autogen_original","711","USA",NA,"lof",0.549921377466127,0.458677685950412,0.0542889065278481,"global",4,"LB_MISS_CREAT"
"ts_31_autogen_original","713","USA",NA,"lof",0.163679332817121,0.226441631504922,0.00599548150165794,"global",9,"LB_MISS_CREAT"
"ts_31_autogen_original","714","USA",NA,"lof",0.176838767982027,0.279166666666667,0.00761862359049177,"global",6,"LB_MISS_CREAT"
"ts_31_autogen_original","715","USA",NA,"lof",0.473943044808874,0.319327731092437,0.0445135771651274,"global",8,"LB_MISS_CREAT"
"ts_31_autogen_original","716_MISS_GLUC","USA",NA,"lof",0.125594363553633,0.138513513513513,0.00310582019373197,"global",24,"LB_MISS_CREAT"
"ts_31_autogen_original","717","USA",NA,"lof",0.0702170239256424,0.215182307232517,0,"global",7,"LB_MISS_CREAT"
"ts_31_autogen_original","718","USA",NA,"lof",0.606462058163315,0.276989105315286,0.0642539338556346,"global",13,"LB_MISS_CREAT"
"ts_31_autogen_original","701_MISS_ALT","USA",NA,"own_site_simil_score",15.3914193514291,0.677427068388329,12.7920695143813,"global",41,"LB_MISS_CREAT"
"ts_31_autogen_original","703","USA",NA,"own_site_simil_score",0.737829026492725,0.227347161572052,0.0911951710286603,"global",16,"LB_MISS_CREAT"
"ts_31_autogen_original","704_MISS_CREAT","USA",NA,"own_site_simil_score",2.86241136378942,0.371818181818181,1.22346707012989,"global",25,"LB_MISS_CREAT"
"ts_31_autogen_original","705","USA",NA,"own_site_simil_score",0.295062054078479,0.149350649350649,0.0203657439761334,"global",14,"LB_MISS_CREAT"
"ts_31_autogen_original","706","USA",NA,"own_site_simil_score",0.041347089223271,0.0785123966942149,0,"global",3,"LB_MISS_CREAT"
"ts_31_autogen_original","707","USA",NA,"own_site_simil_score",0.0358301449076329,0.0740740740740741,0,"global",2,"LB_MISS_CREAT"
"ts_31_autogen_original","708_MISS_CREAT","USA",NA,"own_site_simil_score",8.69290996193063,0.652173913043478,6.47292889400844,"global",23,"LB_MISS_CREAT"
"ts_31_autogen_original","709_MISS_GLUC","USA",NA,"own_site_simil_score",2.52086808686413,0.384444444444444,0.970194870610597,"global",20,"LB_MISS_CREAT"
"ts_31_autogen_original","710_MISS_ALT","USA",NA,"own_site_simil_score",8.80807829193559,0.592248062015502,6.58386017107015,"global",30,"LB_MISS_CREAT"
"ts_31_autogen_original","711","USA",NA,"own_site_simil_score",0.0479764236353413,0.0829875518672199,0,"global",4,"LB_MISS_CREAT"
"ts_31_autogen_original","713","USA",NA,"own_site_simil_score",0.648096702246125,0.275423728813559,0.0734532748620895,"global",9,"LB_MISS_CREAT"
"ts_31_autogen_original","714","USA",NA,"own_site_simil_score",0.0616978489669295,0.0878661087866108,0,"global",6,"LB_MISS_CREAT"
"ts_31_autogen_original","715","USA",NA,"own_site_simil_score",0.0806969110590693,0.0928270042194093,0,"global",8,"LB_MISS_CREAT"
"ts_31_autogen_original","716_MISS_GLUC","USA",NA,"own_site_simil_score",5.92257499644137,0.537518853695324,3.88288130216847,"global",24,"LB_MISS_CREAT"
"ts_31_autogen_original","717","USA",NA,"own_site_simil_score",0.345038337592905,0.222689075630252,0.0276772754455865,"global",7,"LB_MISS_CREAT"
"ts_31_autogen_original","718","USA",NA,"own_site_simil_score",0.306631821397035,0.156498673740053,0.022649991162171,"global",13,"LB_MISS_CREAT"
"ts_31_autogen_original","704_MISS_CREAT","USA",NA,"autocorr",0.542760727650845,0.3375,0.0541480726392301,"global",15,"LB_MISS_CREAT"
"ts_31_autogen_original","708_MISS_CREAT","USA",NA,"autocorr",0.542760727650845,0.3375,0.0541480726392301,"global",16,"LB_MISS_CREAT"
"ts_91_autogen_original","701_MISS_ALT","USA",NA,"range",0.704158851683999,0.228333333333333,0.0817189336031802,"global",24,"LB_NORM_ALT"
"ts_91_autogen_original","702","USA",NA,"range",0.383216751851331,0.797687861271679,0.0303129122489407,"global",1,"LB_NORM_ALT"
"ts_91_autogen_original","703","USA",NA,"range",0.128160174185196,0.191358024691358,0.00310582019373197,"global",12,"LB_NORM_ALT"
"ts_91_autogen_original","704_MISS_CREAT","USA",NA,"range",0.90267965249903,0.269480519480519,0.13251990971958,"global",20,"LB_NORM_ALT"
"ts_91_autogen_original","705","USA",NA,"range",1.08585411091686,0.375348577802566,0.192680122969305,"global",11,"LB_NORM_ALT"
"ts_91_autogen_original","706","USA",NA,"range",0.2405492482826,0.716763005780349,0.0162282125355365,"global",1,"LB_NORM_ALT"
"ts_91_autogen_original","707","USA",NA,"range",0.0821867561873499,0.589595375722544,0,"global",1,"LB_NORM_ALT"
"ts_91_autogen_original","708_MISS_CREAT","USA",NA,"range",0.259751660823428,0.192956163357063,0.0180230384442327,"global",17,"LB_NORM_ALT"
"ts_91_autogen_original","709_MISS_GLUC","USA",NA,"range",0.0535429967475154,0.136752136752137,0,"global",18,"LB_NORM_ALT"
"ts_91_autogen_original","710_MISS_ALT","USA",NA,"range",0.232123459483281,0.219135802469136,0.0158563546609264,"global",12,"LB_NORM_ALT"
"ts_91_autogen_original","711","USA",NA,"range",0.313647978789554,0.511627906976744,0.0237540628356482,"global",2,"LB_NORM_ALT"
"ts_91_autogen_original","713","USA",NA,"range",0.250459280427269,0.266566265060241,0.0164431198716943,"global",8,"LB_NORM_ALT"
"ts_91_autogen_original","714","USA",NA,"range",0.416120241639305,0.379881656804733,0.0367567903800112,"global",5,"LB_NORM_ALT"
"ts_91_autogen_original","715","USA",NA,"range",0.269818548323192,0.337278106508875,0.0187947600197699,"global",5,"LB_NORM_ALT"
"ts_91_autogen_original","716_MISS_GLUC","USA",NA,"range",0.044554833775736,0.126623376623377,0,"global",20,"LB_NORM_ALT"
"ts_91_autogen_original","717","USA",NA,"range",1.41124360128344,0.5098374679213,0.310043973005205,"global",7,"LB_NORM_ALT"
"ts_91_autogen_original","718","USA",NA,"range",0.13087553646453,0.207317073170732,0.00332195057350819,"global",10,"LB_NORM_ALT"
"ts_91_autogen_original","701_MISS_ALT","USA",NA,"sd",0.274079046736316,0.17,0.0187947600197699,"global",24,"LB_NORM_ALT"
"ts_91_autogen_original","702","USA",NA,"sd",0.408040335576364,0.809248554913297,0.0348270707670336,"global",1,"LB_NORM_ALT"
"ts_91_autogen_original","703","USA",NA,"sd",0.0611493885964868,0.166666666666667,0,"global",12,"LB_NORM_ALT"
"ts_91_autogen_original","704_MISS_CREAT","USA",NA,"sd",0.863071126429744,0.264935064935065,0.121474410041667,"global",20,"LB_NORM_ALT"
"ts_91_autogen_original","705","USA",NA,"sd",1.31281791236809,0.404907975460123,0.266506840271285,"global",11,"LB_NORM_ALT"
"ts_91_autogen_original","706","USA",NA,"sd",0.215243383017829,0.699421965317921,0.0132222405597351,"global",1,"LB_NORM_ALT"
"ts_91_autogen_original","707","USA",NA,"sd",0.058705660337827,0.566473988439307,0,"global",1,"LB_NORM_ALT"
"ts_91_autogen_original","708_MISS_CREAT","USA",NA,"sd",0.16652273332582,0.17272386661671,0.00638418644826536,"global",17,"LB_NORM_ALT"
"ts_91_autogen_original","709_MISS_GLUC","USA",NA,"sd",0.00225083395592432,0.0961538461538461,0,"global",18,"LB_NORM_ALT"
"ts_91_autogen_original","710_MISS_ALT","USA",NA,"sd",0.0611493885964868,0.166666666666667,0,"global",12,"LB_NORM_ALT"
"ts_91_autogen_original","711","USA",NA,"sd",0.365990349876821,0.540697674418605,0.029340643165178,"global",2,"LB_NORM_ALT"
"ts_91_autogen_original","713","USA",NA,"sd",0.152695442766999,0.23644578313253,0.00459272143644796,"global",8,"LB_NORM_ALT"
"ts_91_autogen_original","714","USA",NA,"sd",0.73984712820577,0.462721893491124,0.0919872906988645,"global",5,"LB_NORM_ALT"
"ts_91_autogen_original","715","USA",NA,"sd",0.0797108515849284,0.256804733727811,0,"global",5,"LB_NORM_ALT"
"ts_91_autogen_original","716_MISS_GLUC","USA",NA,"sd",0.0302658635671414,0.119480519480519,0,"global",20,"LB_NORM_ALT"
"ts_91_autogen_original","717","USA",NA,"sd",0.733385672827909,0.39606501283148,0.0893991057947559,"global",7,"LB_NORM_ALT"
"ts_91_autogen_original","718","USA",NA,"sd",0.190180971130461,0.225609756097561,0.00933904560619391,"global",10,"LB_NORM_ALT"
"ts_91_autogen_original","701_MISS_ALT","USA",NA,"unique_value_count_relative",0.0032323284261242,0.00666666666666753,0,"global",24,"LB_NORM_ALT"
"ts_91_autogen_original","702","USA",NA,"unique_value_count_relative",0.03372337225075,0.0751445086705166,0,"global",1,"LB_NORM_ALT"
"ts_91_autogen_original","703","USA",NA,"unique_value_count_relative",0.428762983136737,0.197530864197531,0.0391151550292751,"global",12,"LB_NORM_ALT"
"ts_91_autogen_original","704_MISS_CREAT","USA",NA,"unique_value_count_relative",0.696002709904477,0.203246753246753,0.0817189336031802,"global",20,"LB_NORM_ALT"
"ts_91_autogen_original","705","USA",NA,"unique_value_count_relative",0.375556572431045,0.190184049079754,0.0299569082161513,"global",11,"LB_NORM_ALT"
"ts_91_autogen_original","706","USA",NA,"unique_value_count_relative",0.441208698829017,0.641618497109827,0.039901370867779,"global",1,"LB_NORM_ALT"
"ts_91_autogen_original","707","USA",NA,"unique_value_count_relative",0.21116547059739,0.387283236994219,0.0127786261003676,"global",1,"LB_NORM_ALT"
"ts_91_autogen_original","708_MISS_CREAT","USA",NA,"unique_value_count_relative",0.483210273343701,0.179467965530161,0.0455765703987651,"global",17,"LB_NORM_ALT"
"ts_91_autogen_original","709_MISS_GLUC","USA",NA,"unique_value_count_relative",0.154749995375408,0.096153846153846,0.00477184202022172,"global",18,"LB_NORM_ALT"
"ts_91_autogen_original","710_MISS_ALT","USA",NA,"unique_value_count_relative",0.565287703260836,0.228395061728395,0.0567569904181668,"global",12,"LB_NORM_ALT"
"ts_91_autogen_original","711","USA",NA,"unique_value_count_relative",0.0631545533495772,0.122093023255813,0,"global",2,"LB_NORM_ALT"
"ts_91_autogen_original","713","USA",NA,"unique_value_count_relative",0.849607573346969,0.337349397590361,0.117573456717909,"global",8,"LB_NORM_ALT"
"ts_91_autogen_original","714","USA",NA,"unique_value_count_relative",0.584289927214325,0.343195266272189,0.0592972029191958,"global",5,"LB_NORM_ALT"
"ts_91_autogen_original","715","USA",NA,"unique_value_count_relative",0.53303213542108,0.326627218934911,0.0522092273767417,"global",5,"LB_NORM_ALT"
"ts_91_autogen_original","716_MISS_GLUC","USA",NA,"unique_value_count_relative",0.578688238260362,0.184415584415584,0.0588861431838172,"global",20,"LB_NORM_ALT"
"ts_91_autogen_original","717","USA",NA,"unique_value_count_relative",0.658322477874198,0.313088109495295,0.0741029150097407,"global",7,"LB_NORM_ALT"
"ts_91_autogen_original","718","USA",NA,"unique_value_count_relative",0.323262807837962,0.182926829268293,0.0255485363620513,"global",10,"LB_NORM_ALT"
"ts_91_autogen_original","701_MISS_ALT","USA",NA,"autocorr",0.566307995674674,0.211666666666667,0.0568569365851391,"global",24,"LB_NORM_ALT"
"ts_91_autogen_original","702","USA",NA,"autocorr",0.541579243946582,0.861271676300578,0.0541480726392301,"global",1,"LB_NORM_ALT"
"ts_91_autogen_original","703","USA",NA,"autocorr",0.271738133499429,0.228395061728395,0.0187947600197699,"global",12,"LB_NORM_ALT"
"ts_91_autogen_original","704_MISS_CREAT","USA",NA,"autocorr",0.119955231843342,0.150649350649351,0.00261431340245084,"global",20,"LB_NORM_ALT"
"ts_91_autogen_original","705","USA",NA,"autocorr",0.52769553697128,0.288343558282209,0.0513864651194795,"global",11,"LB_NORM_ALT"
"ts_91_autogen_original","706","USA",NA,"autocorr",0.191331225612418,0.682080924855491,0.00933904560619391,"global",1,"LB_NORM_ALT"
"ts_91_autogen_original","707","USA",NA,"autocorr",0.0418921613281772,0.549132947976879,0,"global",1,"LB_NORM_ALT"
"ts_91_autogen_original","708_MISS_CREAT","USA",NA,"autocorr",0.435633996809013,0.223679280629449,0.0395827515758575,"global",17,"LB_NORM_ALT"
"ts_91_autogen_original","709_MISS_GLUC","USA",NA,"autocorr",0.468304715887645,0.224358974358975,0.0438315434183114,"global",18,"LB_NORM_ALT"
"ts_91_autogen_original","710_MISS_ALT","USA",NA,"autocorr",0.615030765796443,0.29320987654321,0.0667885605575378,"global",12,"LB_NORM_ALT"
"ts_91_autogen_original","711","USA",NA,"autocorr",1.26800932650624,0.843023255813955,0.252337612410694,"global",2,"LB_NORM_ALT"
"ts_91_autogen_original","713","USA",NA,"autocorr",0.164983018417251,0.240963855421687,0.00621279485252388,"global",8,"LB_NORM_ALT"
"ts_91_autogen_original","714","USA",NA,"autocorr",0.73984712820577,0.462721893491123,0.0919872906988645,"global",5,"LB_NORM_ALT"
"ts_91_autogen_original","715","USA",NA,"autocorr",0.730174098319328,0.461538461538462,0.0881219488996013,"global",5,"LB_NORM_ALT"
"ts_91_autogen_original","716_MISS_GLUC","USA",NA,"autocorr",1.20435774695618,0.301948051948052,0.229800200091342,"global",20,"LB_NORM_ALT"
"ts_91_autogen_original","717","USA",NA,"autocorr",0.0705193155646379,0.216424294268606,0,"global",7,"LB_NORM_ALT"
"ts_91_autogen_original","718","USA",NA,"autocorr",1.05877127016774,0.38780487804878,0.184576427125835,"global",10,"LB_NORM_ALT"
"ts_91_autogen_original","701_MISS_ALT","USA",NA,"average",0.08650291102229,0.131666666666667,0,"global",24,"LB_NORM_ALT"
"ts_91_autogen_original","702","USA",NA,"average",0.617299957884698,0.884393063583818,0.0678149635508877,"global",1,"LB_NORM_ALT"
"ts_91_autogen_original","703","USA",NA,"average",0.0164522835986734,0.138888888888889,0,"global",12,"LB_NORM_ALT"
"ts_91_autogen_original","704_MISS_CREAT","USA",NA,"average",0.220632323006114,0.172727272727273,0.0141973494549813,"global",20,"LB_NORM_ALT"
"ts_91_autogen_original","705","USA",NA,"average",0.574485015705274,0.296151701059677,0.058254300753606,"global",11,"LB_NORM_ALT"
"ts_91_autogen_original","706","USA",NA,"average",0.0944212126043619,0.601156069364163,0.000978184416973663,"global",1,"LB_NORM_ALT"
"ts_91_autogen_original","707","USA",NA,"average",0.0050208013750507,0.508670520231214,0,"global",1,"LB_NORM_ALT"
"ts_91_autogen_original","708_MISS_CREAT","USA",NA,"average",1.71557514783351,0.374672161858374,0.447958556232065,"global",17,"LB_NORM_ALT"
"ts_91_autogen_original","709_MISS_GLUC","USA",NA,"average",0.136655662056779,0.162393162393163,0.00332195057350819,"global",18,"LB_NORM_ALT"
"ts_91_autogen_original","710_MISS_ALT","USA",NA,"average",0.182626651364283,0.20679012345679,0.00828241527458444,"global",12,"LB_NORM_ALT"
"ts_91_autogen_original","711","USA",NA,"average",0.506207352303922,0.61046511627907,0.0484750663935872,"global",2,"LB_NORM_ALT"
"ts_91_autogen_original","713","USA",NA,"average",0.127444929648491,0.227409638554217,0.00310582019373197,"global",8,"LB_NORM_ALT"
"ts_91_autogen_original","714","USA",NA,"average",0.679360874565007,0.449704142011834,0.0772754747548434,"global",5,"LB_NORM_ALT"
"ts_91_autogen_original","715","USA",NA,"average",0.0425252840817986,0.230769230769231,0,"global",5,"LB_NORM_ALT"
"ts_91_autogen_original","716_MISS_GLUC","USA",NA,"average",0.0462641887495331,0.127272727272727,0,"global",20,"LB_NORM_ALT"
"ts_91_autogen_original","717","USA",NA,"average",0.462805645927095,0.337895637296834,0.0431110484342945,"global",7,"LB_NORM_ALT"
"ts_91_autogen_original","718","USA",NA,"average",0.345144092094426,0.263414634146341,0.0276772754455865,"global",10,"LB_NORM_ALT"
"ts_91_autogen_original","701_MISS_ALT","USA",NA,"lof",0.0378084180278309,0.115,0,"global",24,"LB_NORM_ALT"
"ts_91_autogen_original","702","USA",NA,"lof",0.20712549279565,0.69364161849711,0.0127786261003676,"global",1,"LB_NORM_ALT"
"ts_91_autogen_original","703","USA",NA,"lof",0.232123459483281,0.219135802469136,0.0158563546609264,"global",12,"LB_NORM_ALT"
"ts_91_autogen_original","704_MISS_CREAT","USA",NA,"lof",0.364987668623313,0.198051948051948,0.029340643165178,"global",20,"LB_NORM_ALT"
"ts_91_autogen_original","705","USA",NA,"lof",1.47907679353422,0.425543781372003,0.335986195099562,"global",11,"LB_NORM_ALT"
"ts_91_autogen_original","706","USA",NA,"lof",0.0101003269043256,0.514450867052023,0,"global",1,"LB_NORM_ALT"
"ts_91_autogen_original","707","USA",NA,"lof",0.183644396946127,0.676300578034683,0.00828241527458444,"global",1,"LB_NORM_ALT"
"ts_91_autogen_original","708_MISS_CREAT","USA",NA,"lof",1.48698754300443,0.35256650430873,0.339853053205696,"global",17,"LB_NORM_ALT"
"ts_91_autogen_original","709_MISS_GLUC","USA",NA,"lof",0.662970504254028,0.252136752136752,0.0741029150097407,"global",18,"LB_NORM_ALT"
"ts_91_autogen_original","710_MISS_ALT","USA",NA,"lof",0.159856567271286,0.200617283950617,0.00570793999430908,"global",12,"LB_NORM_ALT"
"ts_91_autogen_original","711","USA",NA,"lof",0.284025512182753,0.5,0.0192580657763126,"global",2,"LB_NORM_ALT"
"ts_91_autogen_original","713","USA",NA,"lof",0.0270111469144838,0.176204819277108,0,"global",8,"LB_NORM_ALT"
"ts_91_autogen_original","714","USA",NA,"lof",1.23999212674614,0.562130177514792,0.23968778518932,"global",5,"LB_NORM_ALT"
"ts_91_autogen_original","715","USA",NA,"lof",0.109007824259319,0.273372781065089,0.00161777943308151,"global",5,"LB_NORM_ALT"
"ts_91_autogen_original","716_MISS_GLUC","USA",NA,"lof",0.138358487954986,0.155194805194805,0.00332195057350819,"global",20,"LB_NORM_ALT"
"ts_91_autogen_original","717","USA",NA,"lof",1.25044167520051,0.485885372112917,0.243707498548971,"global",7,"LB_NORM_ALT"
"ts_91_autogen_original","718","USA",NA,"lof",0.543110147490677,0.303658536585366,0.0541480726392301,"global",10,"LB_NORM_ALT"
"ts_91_autogen_original","701_MISS_ALT","USA",NA,"own_site_simil_score",0.708258592187162,0.19047619047619,0.0817493476530669,"global",24,"LB_NORM_ALT"
"ts_91_autogen_original","703","USA",NA,"own_site_simil_score",0.0750212585678897,0.0754716981132075,0,"global",12,"LB_NORM_ALT"
"ts_91_autogen_original","704_MISS_CREAT","USA",NA,"own_site_simil_score",5.32702136188128,0.562251655629138,3.33724111794021,"global",20,"LB_NORM_ALT"
"ts_91_autogen_original","705","USA",NA,"own_site_simil_score",0.00286867911482647,0.00625,0,"global",11,"LB_NORM_ALT"
"ts_91_autogen_original","708_MISS_CREAT","USA",NA,"own_site_simil_score",5.3527158142686,0.602750190985484,3.35559881157801,"global",17,"LB_NORM_ALT"
"ts_91_autogen_original","709_MISS_GLUC","USA",NA,"own_site_simil_score",0.533161739519878,0.186274509803922,0.0522381349362646,"global",18,"LB_NORM_ALT"
"ts_91_autogen_original","710_MISS_ALT","USA",NA,"own_site_simil_score",0.113935119073544,0.0943396226415094,0.00228520216212808,"global",12,"LB_NORM_ALT"
"ts_91_autogen_original","711","USA",NA,"own_site_simil_score",30,1,30,"global",2,"LB_NORM_ALT"
"ts_91_autogen_original","713","USA",NA,"own_site_simil_score",2.80632252474445,0.608895705521473,1.1788092782582,"global",8,"LB_NORM_ALT"
"ts_91_autogen_original","714","USA",NA,"own_site_simil_score",0.554591883708369,0.333734939759037,0.0542889065278481,"global",5,"LB_NORM_ALT"
"ts_91_autogen_original","715","USA",NA,"own_site_simil_score",0.322017657599975,0.246987951807229,0.0255224920387841,"global",5,"LB_NORM_ALT"
"ts_91_autogen_original","716_MISS_GLUC","USA",NA,"own_site_simil_score",1.82975350439322,0.333443708609271,0.505420230644512,"global",20,"LB_NORM_ALT"
"ts_91_autogen_original","717","USA",NA,"own_site_simil_score",0.75871115195613,0.337108013937283,0.0951496926573801,"global",7,"LB_NORM_ALT"
"ts_91_autogen_original","718","USA",NA,"own_site_simil_score",1.31749680465485,0.382608695652175,0.267612675216695,"global",10,"LB_NORM_ALT"
"ts_92_autogen_original","701_MISS_ALT","USA",NA,"range",0.0982204529501399,0.122499523718804,0.00113196051351849,"global",29,"LB_NORM_ALT"
"ts_92_autogen_original","702","USA",NA,"range",0.544068044350275,0.861244019138759,0.0542889065278481,"global",1,"LB_NORM_ALT"
"ts_92_autogen_original","703","USA",NA,"range",0.777602321516618,0.304568527918782,0.100120356884524,"global",13,"LB_NORM_ALT"
"ts_92_autogen_original","704_MISS_CREAT","USA",NA,"range",0.290693591766139,0.172983027202976,0.0196327455407087,"global",23,"LB_NORM_ALT"
"ts_92_autogen_original","705","USA",NA,"range",0.897539898038248,0.321749316673174,0.131620298253545,"global",13,"LB_NORM_ALT"
"ts_92_autogen_original","706","USA",NA,"range",0.0460764486993125,0.365384615384615,0,"global",2,"LB_NORM_ALT"
"ts_92_autogen_original","707","USA",NA,"range",0.146128035678238,0.645933014354069,0.00348560596506643,"global",1,"LB_NORM_ALT"
"ts_92_autogen_original","708_MISS_CREAT","USA",NA,"range",0.642339751814838,0.232804232804233,0.0724344787518298,"global",21,"LB_NORM_ALT"
"ts_92_autogen_original","709_MISS_GLUC","USA",NA,"range",0.157603200522358,0.161201432901626,0.0053140320126,"global",19,"LB_NORM_ALT"
"ts_92_autogen_original","710_MISS_ALT","USA",NA,"range",1.24341953536199,0.290618955512572,0.241815890697232,"global",22,"LB_NORM_ALT"
"ts_92_autogen_original","711","USA",NA,"range",0.2912310873045,0.434782608695653,0.0196439917218032,"global",3,"LB_NORM_ALT"
"ts_92_autogen_original","713","USA",NA,"range",0.0107964800502605,0.149253731343284,0,"global",9,"LB_NORM_ALT"
"ts_92_autogen_original","714","USA",NA,"range",0.656714907167514,0.44390243902439,0.0741029150097407,"global",5,"LB_NORM_ALT"
"ts_92_autogen_original","715","USA",NA,"range",0.257966942758812,0.285714285714286,0.0180230384442327,"global",7,"LB_NORM_ALT"
"ts_92_autogen_original","716_MISS_GLUC","USA",NA,"range",0.106535882343846,0.13717740060451,0.00143774260880497,"global",23,"LB_NORM_ALT"
"ts_92_autogen_original","717","USA",NA,"range",1.79311146242566,0.561576354679802,0.484671211014733,"global",7,"LB_NORM_ALT"
"ts_92_autogen_original","718","USA",NA,"range",0.448916019598721,0.262626262626262,0.0400933181273282,"global",12,"LB_NORM_ALT"
"ts_92_autogen_original","701_MISS_ALT","USA",NA,"sd",0.0530388671441625,0.110116212611926,0,"global",29,"LB_NORM_ALT"
"ts_92_autogen_original","702","USA",NA,"sd",0.452987575002944,0.827751196172252,0.041396862458701,"global",1,"LB_NORM_ALT"
"ts_92_autogen_original","703","USA",NA,"sd",0.812871115752117,0.309644670050761,0.109141256940446,"global",13,"LB_NORM_ALT"
"ts_92_autogen_original","704_MISS_CREAT","USA",NA,"sd",0.316231504859469,0.176935596372937,0.0241572908405998,"global",23,"LB_NORM_ALT"
"ts_92_autogen_original","705","USA",NA,"sd",0.991217061631592,0.334244435767278,0.164427713967847,"global",13,"LB_NORM_ALT"
"ts_92_autogen_original","706","USA",NA,"sd",0.0695868857968216,0.389423076923077,0,"global",2,"LB_NORM_ALT"
"ts_92_autogen_original","707","USA",NA,"sd",0.0917703733556451,0.598086124401916,0.000753799968844867,"global",1,"LB_NORM_ALT"
"ts_92_autogen_original","708_MISS_CREAT","USA",NA,"sd",1.11217532051946,0.285714285714286,0.201576322626021,"global",21,"LB_NORM_ALT"
"ts_92_autogen_original","709_MISS_GLUC","USA",NA,"sd",0.131223280866534,0.155139156792505,0.00332195057350819,"global",19,"LB_NORM_ALT"
"ts_92_autogen_original","710_MISS_ALT","USA",NA,"sd",0.75931856027838,0.239845261121857,0.0952903326876305,"global",22,"LB_NORM_ALT"
"ts_92_autogen_original","711","USA",NA,"sd",0.209767503466573,0.396135265700483,0.0127786261003676,"global",3,"LB_NORM_ALT"
"ts_92_autogen_original","713","USA",NA,"sd",0.218640949429839,0.243781094527363,0.0138630724348097,"global",9,"LB_NORM_ALT"
"ts_92_autogen_original","714","USA",NA,"sd",0.718977464326322,0.458536585365854,0.083743841503488,"global",5,"LB_NORM_ALT"
"ts_92_autogen_original","715","USA",NA,"sd",0.163476614079125,0.256157635467981,0.00599548150165794,"global",7,"LB_NORM_ALT"
"ts_92_autogen_original","716_MISS_GLUC","USA",NA,"sd",0.132222159890787,0.143222506393862,0.00332195057350819,"global",23,"LB_NORM_ALT"
"ts_92_autogen_original","717","USA",NA,"sd",1.53549809898626,0.527093596059113,0.358349927716492,"global",7,"LB_NORM_ALT"
"ts_92_autogen_original","718","USA",NA,"sd",0.890466429505077,0.333333333333333,0.129526336185007,"global",12,"LB_NORM_ALT"
"ts_92_autogen_original","701_MISS_ALT","USA",NA,"unique_value_count_relative",0.332591299538354,0.116784149361783,0.0257595575184066,"global",29,"LB_NORM_ALT"
"ts_92_autogen_original","702","USA",NA,"unique_value_count_relative",0.0168679252872954,0.0382775119617189,0,"global",1,"LB_NORM_ALT"
"ts_92_autogen_original","703","USA",NA,"unique_value_count_relative",0.185559806490041,0.119875048809059,0.00840991909418577,"global",13,"LB_NORM_ALT"
"ts_92_autogen_original","704_MISS_CREAT","USA",NA,"unique_value_count_relative",1.52438946537952,0.283189955824227,0.353400480046854,"global",23,"LB_NORM_ALT"
"ts_92_autogen_original","705","USA",NA,"unique_value_count_relative",0.37376899389529,0.175322139789145,0.0293475985341998,"global",13,"LB_NORM_ALT"
"ts_92_autogen_original","706","USA",NA,"unique_value_count_relative",0.719536361178325,0.567307692307692,0.0838645563846597,"global",2,"LB_NORM_ALT"
"ts_92_autogen_original","707","USA",NA,"unique_value_count_relative",0.276896315947262,0.473684210526314,0.0187947600197699,"global",1,"LB_NORM_ALT"
"ts_92_autogen_original","708_MISS_CREAT","USA",NA,"unique_value_count_relative",0.36543106888074,0.142857142857143,0.029340643165178,"global",21,"LB_NORM_ALT"
"ts_92_autogen_original","709_MISS_GLUC","USA",NA,"unique_value_count_relative",0.362135373507829,0.145770184623863,0.029340643165178,"global",19,"LB_NORM_ALT"
"ts_92_autogen_original","710_MISS_ALT","USA",NA,"unique_value_count_relative",0,3.40005801291454e-16,0,"global",22,"LB_NORM_ALT"
"ts_92_autogen_original","711","USA",NA,"unique_value_count_relative",0.0259738961839745,0.0531400966183558,0,"global",3,"LB_NORM_ALT"
"ts_92_autogen_original","713","USA",NA,"unique_value_count_relative",0.502945841715159,0.24212271973466,0.048101370081977,"global",9,"LB_NORM_ALT"
"ts_92_autogen_original","714","USA",NA,"unique_value_count_relative",0.211510872875423,0.195121951219512,0.0127786261003676,"global",5,"LB_NORM_ALT"
"ts_92_autogen_original","715","USA",NA,"unique_value_count_relative",0.262364373473122,0.192118226600985,0.0181761559072324,"global",7,"LB_NORM_ALT"
"ts_92_autogen_original","716_MISS_GLUC","USA",NA,"unique_value_count_relative",0.121351672456939,0.0744013020227854,0.00288342099071537,"global",23,"LB_NORM_ALT"
"ts_92_autogen_original","717","USA",NA,"unique_value_count_relative",0.340009711226259,0.221674876847291,0.0266356290641359,"global",7,"LB_NORM_ALT"
"ts_92_autogen_original","718","USA",NA,"unique_value_count_relative",0.352885726940431,0.176767676767677,0.0281734382819936,"global",12,"LB_NORM_ALT"
"ts_92_autogen_original","701_MISS_ALT","USA",NA,"autocorr",0.00429003179127692,0.0833333333333332,0,"global",28,"LB_NORM_ALT"
"ts_92_autogen_original","702","USA",NA,"autocorr",0.178184248561525,0.671497584541063,0.00764164481546719,"global",1,"LB_NORM_ALT"
"ts_92_autogen_original","703","USA",NA,"autocorr",0.0208673641201364,0.138461538461539,0,"global",13,"LB_NORM_ALT"
"ts_92_autogen_original","704_MISS_CREAT","USA",NA,"autocorr",0.102843749029304,0.136545240893067,0.00136064883470355,"global",23,"LB_NORM_ALT"
"ts_92_autogen_original","705","USA",NA,"autocorr",0.518008458467242,0.266666666666667,0.0503468248581905,"global",13,"LB_NORM_ALT"
"ts_92_autogen_original","706","USA",NA,"autocorr",0.337368490158148,0.524271844660194,0.0263278049748972,"global",2,"LB_NORM_ALT"
"ts_92_autogen_original","707","USA",NA,"autocorr",0.354275507617207,0.782608695652176,0.0281734382819936,"global",1,"LB_NORM_ALT"
"ts_92_autogen_original","708_MISS_CREAT","USA",NA,"autocorr",0.218349898712994,0.167048637636873,0.0137297689802274,"global",21,"LB_NORM_ALT"
"ts_92_autogen_original","709_MISS_GLUC","USA",NA,"autocorr",0.510317754315683,0.228070175438596,0.0499822263486836,"global",18,"LB_NORM_ALT"
"ts_92_autogen_original","710_MISS_ALT","USA",NA,"autocorr",0.884973219804989,0.254154447702835,0.127320047543397,"global",22,"LB_NORM_ALT"
"ts_92_autogen_original","711","USA",NA,"autocorr",0.696958108002272,0.569105691056911,0.0817189336031802,"global",3,"LB_NORM_ALT"
"ts_92_autogen_original","713","USA",NA,"autocorr",0.24733344088115,0.250697934115019,0.0164129280235817,"global",9,"LB_NORM_ALT"
"ts_92_autogen_original","714","USA",NA,"autocorr",0.155569547983862,0.294581280788178,0.00492603084116775,"global",5,"LB_NORM_ALT"
"ts_92_autogen_original","715","USA",NA,"autocorr",0.975996100052887,0.439232409381663,0.158617634614437,"global",7,"LB_NORM_ALT"
"ts_92_autogen_original","716_MISS_GLUC","USA",NA,"autocorr",0.628908172947715,0.219976498237368,0.0703279567408237,"global",23,"LB_NORM_ALT"
"ts_92_autogen_original","717","USA",NA,"autocorr",0.197162034133553,0.265103056147833,0.0107134644290376,"global",7,"LB_NORM_ALT"
"ts_92_autogen_original","718","USA",NA,"autocorr",0.634049334448313,0.294217687074829,0.0710789415205932,"global",12,"LB_NORM_ALT"
"ts_92_autogen_original","701_MISS_ALT","USA",NA,"average",0.35592304312941,0.166317393789293,0.0286429757319766,"global",29,"LB_NORM_ALT"
"ts_92_autogen_original","702","USA",NA,"average",0.678766618247733,0.899521531100482,0.0771730637523707,"global",1,"LB_NORM_ALT"
"ts_92_autogen_original","703","USA",NA,"average",0.00632190081148415,0.119484576337368,0,"global",13,"LB_NORM_ALT"
"ts_92_autogen_original","704_MISS_CREAT","USA",NA,"average",0.337261034614085,0.180423157405255,0.0263278049748972,"global",23,"LB_NORM_ALT"
"ts_92_autogen_original","705","USA",NA,"average",0.951877418962354,0.328777821163607,0.150262010891511,"global",13,"LB_NORM_ALT"
"ts_92_autogen_original","706","USA",NA,"average",0.6699775817375,0.677884615384614,0.0761508825169302,"global",2,"LB_NORM_ALT"
"ts_92_autogen_original","707","USA",NA,"average",0.0389180660303698,0.545454545454545,0,"global",1,"LB_NORM_ALT"
"ts_92_autogen_original","708_MISS_CREAT","USA",NA,"average",1.81016816713103,0.349206349206349,0.494855384056212,"global",21,"LB_NORM_ALT"
"ts_92_autogen_original","709_MISS_GLUC","USA",NA,"average",0.602943434184468,0.234775420225958,0.0642539338556346,"global",19,"LB_NORM_ALT"
"ts_92_autogen_original","710_MISS_ALT","USA",NA,"average",0.887097817139971,0.254352030947775,0.12821269727909,"global",22,"LB_NORM_ALT"
"ts_92_autogen_original","711","USA",NA,"average",0.200507064259107,0.391304347826087,0.0116794375098806,"global",3,"LB_NORM_ALT"
"ts_92_autogen_original","713","USA",NA,"average",0.411782291442542,0.290215588723052,0.0353907712854265,"global",9,"LB_NORM_ALT"
"ts_92_autogen_original","714","USA",NA,"average",0.718977464326322,0.458536585365854,0.083743841503488,"global",5,"LB_NORM_ALT"
"ts_92_autogen_original","715","USA",NA,"average",0.465376127182624,0.339901477832513,0.0435318415225767,"global",7,"LB_NORM_ALT"
"ts_92_autogen_original","716_MISS_GLUC","USA",NA,"average",0.0109954021163314,0.0988142292490118,0,"global",23,"LB_NORM_ALT"
"ts_92_autogen_original","717","USA",NA,"average",0.623946035771183,0.374384236453201,0.069657784557829,"global",7,"LB_NORM_ALT"
"ts_92_autogen_original","718","USA",NA,"average",0.383419563189279,0.25,0.0303129122489407,"global",12,"LB_NORM_ALT"
"ts_92_autogen_original","701_MISS_ALT","USA",NA,"lof",0.0898253229322012,0.12059439893313,0.000130500372933727,"global",29,"LB_NORM_ALT"
"ts_92_autogen_original","702","USA",NA,"lof",0.00415595977115795,0.507177033492824,0,"global",1,"LB_NORM_ALT"
"ts_92_autogen_original","703","USA",NA,"lof",0.946364931929052,0.328387348691917,0.147788810740066,"global",13,"LB_NORM_ALT"
"ts_92_autogen_original","704_MISS_CREAT","USA",NA,"lof",0.450794529940783,0.19693094629156,0.0407978826165272,"global",23,"LB_NORM_ALT"
"ts_92_autogen_original","705","USA",NA,"lof",0.0240646018623528,0.138617727450215,0,"global",13,"LB_NORM_ALT"
"ts_92_autogen_original","706","USA",NA,"lof",0.319898188713902,0.514423076923076,0.025002033128459,"global",2,"LB_NORM_ALT"
"ts_92_autogen_original","707","USA",NA,"lof",0.0816700464513193,0.588516746411483,0,"global",1,"LB_NORM_ALT"
"ts_92_autogen_original","708_MISS_CREAT","USA",NA,"lof",0.482762394304046,0.211640211640212,0.045376853678671,"global",21,"LB_NORM_ALT"
"ts_92_autogen_original","709_MISS_GLUC","USA",NA,"lof",0.127167761808005,0.154312482777625,0.00310582019373197,"global",19,"LB_NORM_ALT"
"ts_92_autogen_original","710_MISS_ALT","USA",NA,"lof",0.49553427437513,0.206963249516441,0.0474698061603835,"global",22,"LB_NORM_ALT"
"ts_92_autogen_original","711","USA",NA,"lof",0.361587653159364,0.463768115942029,0.029340643165178,"global",3,"LB_NORM_ALT"
"ts_92_autogen_original","713","USA",NA,"lof",0.0698128648802157,0.192371475953566,0,"global",9,"LB_NORM_ALT"
"ts_92_autogen_original","714","USA",NA,"lof",0.505250277175612,0.404878048780488,0.0481606083812665,"global",5,"LB_NORM_ALT"
"ts_92_autogen_original","715","USA",NA,"lof",0.0172285180388641,0.177339901477833,0,"global",7,"LB_NORM_ALT"
"ts_92_autogen_original","716_MISS_GLUC","USA",NA,"lof",0.0336386936184065,0.113229481515926,0,"global",23,"LB_NORM_ALT"
"ts_92_autogen_original","717","USA",NA,"lof",1.32954405798811,0.497536945812807,0.273599554843231,"global",7,"LB_NORM_ALT"
"ts_92_autogen_original","718","USA",NA,"lof",0.533886736429614,0.277777777777778,0.0525096332519319,"global",12,"LB_NORM_ALT"
"ts_92_autogen_original","701_MISS_ALT","USA",NA,"own_site_simil_score",0.994838660446717,0.206703910614525,0.166169617029052,"global",29,"LB_NORM_ALT"
"ts_92_autogen_original","703","USA",NA,"own_site_simil_score",0.102569459834847,0.0871794871794872,0.00136064883470355,"global",13,"LB_NORM_ALT"
"ts_92_autogen_original","704_MISS_CREAT","USA",NA,"own_site_simil_score",4.05935157750079,0.459224441833137,2.23815299083666,"global",23,"LB_NORM_ALT"
"ts_92_autogen_original","705","USA",NA,"own_site_simil_score",0.00754485022321768,0.0153846153846154,0,"global",13,"LB_NORM_ALT"
"ts_92_autogen_original","706","USA",NA,"own_site_simil_score",3.55485243437205,0.990291262135922,1.79625040582095,"global",2,"LB_NORM_ALT"
"ts_92_autogen_original","708_MISS_CREAT","USA",NA,"own_site_simil_score",8.40673709334859,0.670486376368731,6.20330257840644,"global",21,"LB_NORM_ALT"
"ts_92_autogen_original","709_MISS_GLUC","USA",NA,"own_site_simil_score",0.702709385071927,0.20718462823726,0.0817189336031802,"global",19,"LB_NORM_ALT"
"ts_92_autogen_original","710_MISS_ALT","USA",NA,"own_site_simil_score",1.80329753805179,0.31427174975562,0.490602571715151,"global",22,"LB_NORM_ALT"
"ts_92_autogen_original","711","USA",NA,"own_site_simil_score",1.39125110333618,0.66178861788618,0.302072045983365,"global",3,"LB_NORM_ALT"
"ts_92_autogen_original","713","USA",NA,"own_site_simil_score",0.736732643349189,0.29536571747627,0.0909403802948166,"global",9,"LB_NORM_ALT"
"ts_92_autogen_original","714","USA",NA,"own_site_simil_score",0.519219480172712,0.321182266009851,0.0504608920920322,"global",5,"LB_NORM_ALT"
"ts_92_autogen_original","715","USA",NA,"own_site_simil_score",1.46602650252099,0.47050461975835,0.328636981796895,"global",7,"LB_NORM_ALT"
"ts_92_autogen_original","716_MISS_GLUC","USA",NA,"own_site_simil_score",0.905017775390814,0.216216216216216,0.132796671661055,"global",23,"LB_NORM_ALT"
"ts_92_autogen_original","717","USA",NA,"own_site_simil_score",0.0044144027542946,0.00710732054015528,0,"global",7,"LB_NORM_ALT"
"ts_92_autogen_original","718","USA",NA,"own_site_simil_score",1.21779133753928,0.336734693877551,0.234510990126893,"global",12,"LB_NORM_ALT"
"ts_93_autogen_original","701_MISS_ALT","USA",NA,"range",0.0569497763365293,0.114285714285714,0,"global",28,"LB_NORM_AST"
"ts_93_autogen_original","702","USA",NA,"range",0.467977875279792,0.834224598930483,0.0438315434183114,"global",1,"LB_NORM_AST"
"ts_93_autogen_original","703","USA",NA,"range",0.352138753366503,0.244318181818182,0.0281734382819936,"global",12,"LB_NORM_AST"
"ts_93_autogen_original","704_MISS_CREAT","USA",NA,"range",0.0558966826300148,0.130952380952381,0,"global",20,"LB_NORM_AST"
"ts_93_autogen_original","705","USA",NA,"range",0.236817435112267,0.227529532614279,0.0158563546609264,"global",11,"LB_NORM_AST"
"ts_93_autogen_original","706","USA",NA,"range",0,0.502673796791445,0,"global",1,"LB_NORM_AST"
"ts_93_autogen_original","707","USA",NA,"range",1.07003786660776,0.962566844919789,0.187805360993318,"global",1,"LB_NORM_AST"
"ts_93_autogen_original","708_MISS_CREAT","USA",NA,"range",0.0855209673820966,0.150326797385621,0,"global",17,"LB_NORM_AST"
"ts_93_autogen_original","709_MISS_GLUC","USA",NA,"range",0.911431364369325,0.281699346405229,0.135134228046646,"global",18,"LB_NORM_AST"
"ts_93_autogen_original","710_MISS_ALT","USA",NA,"range",0.0653731048450126,0.128696604600219,0,"global",22,"LB_NORM_AST"
"ts_93_autogen_original","711","USA",NA,"range",0.710689454931117,0.693548387096774,0.0817493476530669,"global",2,"LB_NORM_AST"
"ts_93_autogen_original","713","USA",NA,"range",0.311404706444719,0.283333333333333,0.0233650949408658,"global",8,"LB_NORM_AST"
"ts_93_autogen_original","714","USA",NA,"range",0.407219262324372,0.377049180327869,0.0348270707670336,"global",5,"LB_NORM_AST"
"ts_93_autogen_original","715","USA",NA,"range",0.117233582437403,0.2775956284153,0.00241230830865365,"global",5,"LB_NORM_AST"
"ts_93_autogen_original","716_MISS_GLUC","USA",NA,"range",1.84520159420318,0.359523809523809,0.514930080889811,"global",20,"LB_NORM_AST"
"ts_93_autogen_original","717","USA",NA,"range",0.0545656238262246,0.20678768745067,0,"global",7,"LB_NORM_AST"
"ts_93_autogen_original","718","USA",NA,"range",0.580917929625801,0.310112359550562,0.0592523678217926,"global",10,"LB_NORM_AST"
"ts_93_autogen_original","701_MISS_ALT","USA",NA,"sd",0.143938494253195,0.135714285714286,0.00348560596506643,"global",28,"LB_NORM_AST"
"ts_93_autogen_original","702","USA",NA,"sd",0.510729855700743,0.850267379679147,0.0499822263486836,"global",1,"LB_NORM_AST"
"ts_93_autogen_original","703","USA",NA,"sd",0.390345997255653,0.251893939393939,0.0318023658611554,"global",12,"LB_NORM_AST"
"ts_93_autogen_original","704_MISS_CREAT","USA",NA,"sd",0.110208901182819,0.147619047619048,0.00161777943308151,"global",20,"LB_NORM_AST"
"ts_93_autogen_original","705","USA",NA,"sd",0.236817435112267,0.227529532614279,0.0158563546609264,"global",11,"LB_NORM_AST"
"ts_93_autogen_original","706","USA",NA,"sd",0.0646428347210491,0.572192513368983,0,"global",1,"LB_NORM_AST"
"ts_93_autogen_original","707","USA",NA,"sd",1.12802981358544,0.967914438502676,0.20569693309592,"global",1,"LB_NORM_AST"
"ts_93_autogen_original","708_MISS_CREAT","USA",NA,"sd",0.114103615756924,0.159270725834193,0.00228520216212808,"global",17,"LB_NORM_AST"
"ts_93_autogen_original","709_MISS_GLUC","USA",NA,"sd",1.118755993639,0.305228758169934,0.204626970959381,"global",18,"LB_NORM_AST"
"ts_93_autogen_original","710_MISS_ALT","USA",NA,"sd",0.207809461740282,0.162650602409639,0.0127786261003676,"global",22,"LB_NORM_AST"
"ts_93_autogen_original","711","USA",NA,"sd",0.209379642892741,0.473118279569893,0.0127786261003676,"global",2,"LB_NORM_AST"
"ts_93_autogen_original","713","USA",NA,"sd",0.612933091604103,0.35,0.0661884337352423,"global",8,"LB_NORM_AST"
"ts_93_autogen_original","714","USA",NA,"sd",0.487833230681055,0.398907103825137,0.0474698061603835,"global",5,"LB_NORM_AST"
"ts_93_autogen_original","715","USA",NA,"sd",0.325760887169259,0.354098360655738,0.0257595575184066,"global",5,"LB_NORM_AST"
"ts_93_autogen_original","716_MISS_GLUC","USA",NA,"sd",1.84520159420318,0.359523809523809,0.514930080889811,"global",20,"LB_NORM_AST"
"ts_93_autogen_original","717","USA",NA,"sd",0.148249357814638,0.249408050513022,0.00389879604590726,"global",7,"LB_NORM_AST"
"ts_93_autogen_original","718","USA",NA,"sd",0.205699560009185,0.229213483146067,0.0127786261003676,"global",10,"LB_NORM_AST"
"ts_93_autogen_original","701_MISS_ALT","USA",NA,"unique_value_count_relative",2.53582362936217,0.340178571428571,0.983340850149374,"global",28,"LB_NORM_AST"
"ts_93_autogen_original","702","USA",NA,"unique_value_count_relative",0.014086461278605,0.0320855614973236,0,"global",1,"LB_NORM_AST"
"ts_93_autogen_original","703","USA",NA,"unique_value_count_relative",0.0124754130635648,0.0227272727272732,0,"global",12,"LB_NORM_AST"
"ts_93_autogen_original","704_MISS_CREAT","USA",NA,"unique_value_count_relative",0.0680918707408028,0.0571428571428576,0,"global",20,"LB_NORM_AST"
"ts_93_autogen_original","705","USA",NA,"unique_value_count_relative",0.141349803016473,0.109912686183873,0.00332195057350819,"global",11,"LB_NORM_AST"
"ts_93_autogen_original","706","USA",NA,"unique_value_count_relative",0.742678932221425,0.823529411764706,0.0919872906988645,"global",1,"LB_NORM_AST"
"ts_93_autogen_original","707","USA",NA,"unique_value_count_relative",0.541764089440712,0.716577540106952,0.0541480726392301,"global",1,"LB_NORM_AST"
"ts_93_autogen_original","708_MISS_CREAT","USA",NA,"unique_value_count_relative",0.214288924600957,0.115927072583419,0.0127786261003676,"global",17,"LB_NORM_AST"
"ts_93_autogen_original","709_MISS_GLUC","USA",NA,"unique_value_count_relative",0.328547481186863,0.142483660130719,0.0257595575184066,"global",18,"LB_NORM_AST"
"ts_93_autogen_original","710_MISS_ALT","USA",NA,"unique_value_count_relative",0.205413963183733,0.101861993428259,0.0127786261003676,"global",22,"LB_NORM_AST"
"ts_93_autogen_original","711","USA",NA,"unique_value_count_relative",0.849643067066847,0.629032258064516,0.117573456717909,"global",2,"LB_NORM_AST"
"ts_93_autogen_original","713","USA",NA,"unique_value_count_relative",0.777652612433752,0.322222222222222,0.100120356884524,"global",8,"LB_NORM_AST"
"ts_93_autogen_original","714","USA",NA,"unique_value_count_relative",0.0896675739890557,0.120218579234972,0.000130500372933727,"global",5,"LB_NORM_AST"
"ts_93_autogen_original","715","USA",NA,"unique_value_count_relative",0.899048027783393,0.428415300546448,0.132178705177264,"global",5,"LB_NORM_AST"
"ts_93_autogen_original","716_MISS_GLUC","USA",NA,"unique_value_count_relative",0.397987257890542,0.151190476190476,0.0330014995030569,"global",20,"LB_NORM_AST"
"ts_93_autogen_original","717","USA",NA,"unique_value_count_relative",0.233262447408467,0.177584846093133,0.0158563546609264,"global",7,"LB_NORM_AST"
"ts_93_autogen_original","718","USA",NA,"unique_value_count_relative",0.00489717240943743,0.0067415730337067,0,"global",10,"LB_NORM_AST"
"ts_93_autogen_original","701_MISS_ALT","USA",NA,"autocorr",0.102579720539473,0.126785714285714,0.00136064883470355,"global",28,"LB_NORM_AST"
"ts_93_autogen_original","702","USA",NA,"autocorr",1.12802981358544,0.967914438502674,0.20569693309592,"global",1,"LB_NORM_AST"
"ts_93_autogen_original","703","USA",NA,"autocorr",1.03628445440511,0.354166666666666,0.177664419706831,"global",12,"LB_NORM_AST"
"ts_93_autogen_original","704_MISS_CREAT","USA",NA,"autocorr",0.560903837810432,0.226190476190476,0.055307007737309,"global",20,"LB_NORM_AST"
"ts_93_autogen_original","705","USA",NA,"autocorr",0.750131582782939,0.3256291730868,0.0938650486581982,"global",11,"LB_NORM_AST"
"ts_93_autogen_original","706","USA",NA,"autocorr",0.510729855700743,0.850267379679144,0.0499822263486836,"global",1,"LB_NORM_AST"
"ts_93_autogen_original","707","USA",NA,"autocorr",0.140618940893462,0.641711229946524,0.00332195057350819,"global",1,"LB_NORM_AST"
"ts_93_autogen_original","708_MISS_CREAT","USA",NA,"autocorr",0.103274222116205,0.155830753353973,0.00136064883470355,"global",17,"LB_NORM_AST"
"ts_93_autogen_original","709_MISS_GLUC","USA",NA,"autocorr",0.232061461641609,0.182352941176471,0.0158563546609264,"global",18,"LB_NORM_AST"
"ts_93_autogen_original","710_MISS_ALT","USA",NA,"autocorr",1.01800530411772,0.269989047097481,0.174221442903659,"global",22,"LB_NORM_AST"
"ts_93_autogen_original","711","USA",NA,"autocorr",0.625876129509455,0.661290322580645,0.069878238424601,"global",2,"LB_NORM_AST"
"ts_93_autogen_original","713","USA",NA,"autocorr",0.75899733690027,0.377777777777779,0.0952016303024735,"global",8,"LB_NORM_AST"
"ts_93_autogen_original","714","USA",NA,"autocorr",0.783788954909138,0.472131147540983,0.103080053363819,"global",5,"LB_NORM_AST"
"ts_93_autogen_original","715","USA",NA,"autocorr",0.475606060126899,0.395628415300546,0.044769482139274,"global",5,"LB_NORM_AST"
"ts_93_autogen_original","716_MISS_GLUC","USA",NA,"autocorr",0.824110998605077,0.25952380952381,0.111083085704509,"global",20,"LB_NORM_AST"
"ts_93_autogen_original","717","USA",NA,"autocorr",0.455413397287348,0.337016574585635,0.041719240783962,"global",7,"LB_NORM_AST"
"ts_93_autogen_original","718","USA",NA,"autocorr",0.035738233472334,0.165168539325843,0,"global",10,"LB_NORM_AST"
"ts_93_autogen_original","701_MISS_ALT","USA",NA,"average",0.300385849689907,0.1625,0.0216353356058599,"global",28,"LB_NORM_AST"
"ts_93_autogen_original","702","USA",NA,"average",0.9731278535997,0.951871657754013,0.157674919777268,"global",1,"LB_NORM_AST"
"ts_93_autogen_original","703","USA",NA,"average",1.98037824613464,0.462121212121212,0.573815673101744,"global",12,"LB_NORM_AST"
"ts_93_autogen_original","704_MISS_CREAT","USA",NA,"average",0.927497973547777,0.271428571428571,0.141690520742244,"global",20,"LB_NORM_AST"
"ts_93_autogen_original","705","USA",NA,"average",0.336532249232823,0.250128402670776,0.0262604067981347,"global",11,"LB_NORM_AST"
"ts_93_autogen_original","706","USA",NA,"average",0.209699860036761,0.695187165775401,0.0127786261003676,"global",1,"LB_NORM_AST"
"ts_93_autogen_original","707","USA",NA,"average",0.180736164101444,0.673796791443852,0.00764164481546719,"global",1,"LB_NORM_AST"
"ts_93_autogen_original","708_MISS_CREAT","USA",NA,"average",0.0817645051935314,0.149294805641555,0,"global",17,"LB_NORM_AST"
"ts_93_autogen_original","709_MISS_GLUC","USA",NA,"average",0.494215897867702,0.226797385620915,0.0474698061603835,"global",18,"LB_NORM_AST"
"ts_93_autogen_original","710_MISS_ALT","USA",NA,"average",0.79678509245851,0.245892661555312,0.105920274289386,"global",22,"LB_NORM_AST"
"ts_93_autogen_original","711","USA",NA,"average",0.162112311539789,0.451612903225806,0.00582814682161542,"global",2,"LB_NORM_AST"
"ts_93_autogen_original","713","USA",NA,"average",0.440524824738368,0.313888888888889,0.039901370867779,"global",8,"LB_NORM_AST"
"ts_93_autogen_original","714","USA",NA,"average",0.251779232460485,0.330054644808744,0.0167628869457086,"global",5,"LB_NORM_AST"
"ts_93_autogen_original","715","USA",NA,"average",0.098552195934028,0.26775956284153,0.00113196051351849,"global",5,"LB_NORM_AST"
"ts_93_autogen_original","716_MISS_GLUC","USA",NA,"average",0.33685830802731,0.192857142857143,0.0263278049748972,"global",20,"LB_NORM_AST"
"ts_93_autogen_original","717","USA",NA,"average",0.17694216485815,0.259668508287292,0.00761862359049177,"global",7,"LB_NORM_AST"
"ts_93_autogen_original","718","USA",NA,"average",0.235100604325258,0.237078651685394,0.0158563546609264,"global",10,"LB_NORM_AST"
"ts_93_autogen_original","701_MISS_ALT","USA",NA,"lof",0.0489995366971785,0.111607142857143,0,"global",28,"LB_NORM_AST"
"ts_93_autogen_original","702","USA",NA,"lof",0.310370021918125,0.759358288770055,0.0231680085174966,"global",1,"LB_NORM_AST"
"ts_93_autogen_original","703","USA",NA,"lof",0.846750285047929,0.327651515151515,0.1169050514862,"global",12,"LB_NORM_AST"
"ts_93_autogen_original","704_MISS_CREAT","USA",NA,"lof",0.0730006745099971,0.136904761904762,0,"global",20,"LB_NORM_AST"
"ts_93_autogen_original","705","USA",NA,"lof",0.41947754766169,0.267077555213149,0.0373073564528834,"global",11,"LB_NORM_AST"
"ts_93_autogen_original","706","USA",NA,"lof",0.0810332509092184,0.588235294117647,0,"global",1,"LB_NORM_AST"
"ts_93_autogen_original","707","USA",NA,"lof",1.27415784926368,0.978609625668452,0.252735155249427,"global",1,"LB_NORM_AST"
"ts_93_autogen_original","708_MISS_CREAT","USA",NA,"lof",0.0418780987091156,0.133470932232542,0,"global",17,"LB_NORM_AST"
"ts_93_autogen_original","709_MISS_GLUC","USA",NA,"lof",1.64147966336167,0.357516339869282,0.412982744516948,"global",18,"LB_NORM_AST"
"ts_93_autogen_original","710_MISS_ALT","USA",NA,"lof",0.0808323023199907,0.133625410733844,0,"global",22,"LB_NORM_AST"
"ts_93_autogen_original","711","USA",NA,"lof",0.381052083178337,0.548387096774194,0.0303129122489407,"global",2,"LB_NORM_AST"
"ts_93_autogen_original","713","USA",NA,"lof",0.34505237146094,0.291666666666667,0.0276772754455865,"global",8,"LB_NORM_AST"
"ts_93_autogen_original","714","USA",NA,"lof",0.0936393305767681,0.26448087431694,0.000866646273724741,"global",5,"LB_NORM_AST"
"ts_93_autogen_original","715","USA",NA,"lof",0.897274624911815,0.496174863387978,0.131620298253545,"global",5,"LB_NORM_AST"
"ts_93_autogen_original","716_MISS_GLUC","USA",NA,"lof",0.927497973547777,0.271428571428572,0.141690520742244,"global",20,"LB_NORM_AST"
"ts_93_autogen_original","717","USA",NA,"lof",0.00256487670966099,0.144435674822415,0,"global",7,"LB_NORM_AST"
"ts_93_autogen_original","718","USA",NA,"lof",0.0210637295026274,0.153932584269663,0,"global",10,"LB_NORM_AST"
"ts_93_autogen_original","701_MISS_ALT","USA",NA,"own_site_simil_score",1.18836220845264,0.231801637852593,0.226497161854354,"global",28,"LB_NORM_AST"
"ts_93_autogen_original","703","USA",NA,"own_site_simil_score",2.05754626869384,0.438824662813102,0.623378621511751,"global",12,"LB_NORM_AST"
"ts_93_autogen_original","704_MISS_CREAT","USA",NA,"own_site_simil_score",0.130594467158949,0.0833333333333335,0.00332195057350819,"global",20,"LB_NORM_AST"
"ts_93_autogen_original","705","USA",NA,"own_site_simil_score",0.0125261469842885,0.0229885057471264,0,"global",11,"LB_NORM_AST"
"ts_93_autogen_original","708_MISS_CREAT","USA",NA,"own_site_simil_score",0.270157029972981,0.131652661064426,0.0187947600197699,"global",17,"LB_NORM_AST"
"ts_93_autogen_original","709_MISS_GLUC","USA",NA,"own_site_simil_score",1.61991456062904,0.326347305389221,0.401690050148897,"global",18,"LB_NORM_AST"
"ts_93_autogen_original","710_MISS_ALT","USA",NA,"own_site_simil_score",4.30787182225592,0.486893474623537,2.44980187563867,"global",22,"LB_NORM_AST"
"ts_93_autogen_original","711","USA",NA,"own_site_simil_score",30,1,30,"global",2,"LB_NORM_AST"
"ts_93_autogen_original","713","USA",NA,"own_site_simil_score",1.18034460202912,0.399011299435029,0.224100590503152,"global",8,"LB_NORM_AST"
"ts_93_autogen_original","714","USA",NA,"own_site_simil_score",1.56622034616573,0.566666666666666,0.375107177510043,"global",5,"LB_NORM_AST"
"ts_93_autogen_original","715","USA",NA,"own_site_simil_score",0.825495982707123,0.411111111111111,0.111323214410074,"global",5,"LB_NORM_AST"
"ts_93_autogen_original","716_MISS_GLUC","USA",NA,"own_site_simil_score",0.00639247716885066,0.0121212121212121,0,"global",20,"LB_NORM_AST"
"ts_93_autogen_original","717","USA",NA,"own_site_simil_score",0.193387113521446,0.158105939004815,0.00933904560619391,"global",7,"LB_NORM_AST"
"ts_93_autogen_original","718","USA",NA,"own_site_simil_score",0.391537733715455,0.202857142857143,0.0321794578294333,"global",10,"LB_NORM_AST"
"ts_94_autogen_original","701_MISS_ALT","USA",NA,"range",0.0386412379662231,0.0926829268292683,0,"global",41,"LB_NORM_AST"
"ts_94_autogen_original","702","USA",NA,"range",0.913813852383717,0.942857142857148,0.135619252938603,"global",1,"LB_NORM_AST"
"ts_94_autogen_original","703","USA",NA,"range",0.110765201478395,0.160869565217391,0.00161777943308151,"global",16,"LB_NORM_AST"
"ts_94_autogen_original","704_MISS_CREAT","USA",NA,"range",0.649387579928403,0.212669683257919,0.0734532748620895,"global",25,"LB_NORM_AST"
"ts_94_autogen_original","705","USA",NA,"range",0.135189979917506,0.177955665024631,0.00332195057350819,"global",14,"LB_NORM_AST"
"ts_94_autogen_original","706","USA",NA,"range",0.602679187610435,0.543209876543209,0.0642539338556346,"global",3,"LB_NORM_AST"
"ts_94_autogen_original","707","USA",NA,"range",0.228309747824242,0.479508196721312,0.0151186484294159,"global",2,"LB_NORM_AST"
"ts_94_autogen_original","708_MISS_CREAT","USA",NA,"range",0.17321757772652,0.150711639695847,0.00747014114452971,"global",23,"LB_NORM_AST"
"ts_94_autogen_original","709_MISS_GLUC","USA",NA,"range",0.502584193507137,0.21504424778761,0.048101370081977,"global",20,"LB_NORM_AST"
"ts_94_autogen_original","710_MISS_ALT","USA",NA,"range",0.337499486834485,0.160185185185185,0.0263278049748972,"global",30,"LB_NORM_AST"
"ts_94_autogen_original","711","USA",NA,"range",0.149188351607844,0.322314049586778,0.00398298299092728,"global",4,"LB_NORM_AST"
"ts_94_autogen_original","713","USA",NA,"range",0.220325082309812,0.243319268635724,0.0141973494549813,"global",9,"LB_NORM_AST"
"ts_94_autogen_original","714","USA",NA,"range",0.266963171740923,0.308333333333333,0.0187947600197699,"global",6,"LB_NORM_AST"
"ts_94_autogen_original","715","USA",NA,"range",0.132360919564637,0.227941176470588,0.00332195057350819,"global",8,"LB_NORM_AST"
"ts_94_autogen_original","716_MISS_GLUC","USA",NA,"range",0.235662216011504,0.15990990990991,0.0158563546609264,"global",24,"LB_NORM_AST"
"ts_94_autogen_original","717","USA",NA,"range",0.131846820196417,0.242080095636581,0.00332195057350819,"global",7,"LB_NORM_AST"
"ts_94_autogen_original","718","USA",NA,"range",0.67201751472467,0.288213931990756,0.0767192973345316,"global",13,"LB_NORM_AST"
"ts_94_autogen_original","701_MISS_ALT","USA",NA,"sd",0.0258058291972037,0.0878048780487805,0,"global",41,"LB_NORM_AST"
"ts_94_autogen_original","702","USA",NA,"sd",0.834632606336092,0.930612244897964,0.112679878554167,"global",1,"LB_NORM_AST"
"ts_94_autogen_original","703","USA",NA,"sd",0.0497269177355719,0.139673913043478,0,"global",16,"LB_NORM_AST"
"ts_94_autogen_original","704_MISS_CREAT","USA",NA,"sd",0.223765767761484,0.154570135746606,0.0143801853732146,"global",25,"LB_NORM_AST"
"ts_94_autogen_original","705","USA",NA,"sd",0.105859242276812,0.169334975369458,0.00141344301173679,"global",14,"LB_NORM_AST"
"ts_94_autogen_original","706","USA",NA,"sd",0.422310633641518,0.485596707818929,0.0377716291581111,"global",3,"LB_NORM_AST"
"ts_94_autogen_original","707","USA",NA,"sd",0.228309747824242,0.479508196721312,0.0151186484294159,"global",2,"LB_NORM_AST"
"ts_94_autogen_original","708_MISS_CREAT","USA",NA,"sd",0.0779643553668226,0.12829011503217,0,"global",23,"LB_NORM_AST"
"ts_94_autogen_original","709_MISS_GLUC","USA",NA,"sd",0.525065941465673,0.218141592920353,0.0513864651194795,"global",20,"LB_NORM_AST"
"ts_94_autogen_original","710_MISS_ALT","USA",NA,"sd",0.372225459988768,0.164814814814815,0.029340643165178,"global",30,"LB_NORM_AST"
"ts_94_autogen_original","711","USA",NA,"sd",0.027545389751818,0.239669421487603,0,"global",4,"LB_NORM_AST"
"ts_94_autogen_original","713","USA",NA,"sd",0.216001733833309,0.241912798874824,0.0135853232543233,"global",9,"LB_NORM_AST"
"ts_94_autogen_original","714","USA",NA,"sd",0.0717910869648598,0.233333333333334,0,"global",6,"LB_NORM_AST"
"ts_94_autogen_original","715","USA",NA,"sd",0.109748544022852,0.21953781512605,0.00161777943308151,"global",8,"LB_NORM_AST"
"ts_94_autogen_original","716_MISS_GLUC","USA",NA,"sd",0.0430982954454652,0.114864864864865,0,"global",24,"LB_NORM_AST"
"ts_94_autogen_original","717","USA",NA,"sd",0.241688993551536,0.278541542139869,0.0162282125355365,"global",7,"LB_NORM_AST"
"ts_94_autogen_original","718","USA",NA,"sd",0.390410125922117,0.241003631561572,0.0318023658611554,"global",13,"LB_NORM_AST"
"ts_94_autogen_original","701_MISS_ALT","USA",NA,"unique_value_count_relative",3.48074554293621,0.336585365853658,1.72936987881116,"global",41,"LB_NORM_AST"
"ts_94_autogen_original","702","USA",NA,"unique_value_count_relative",0.109901739855652,0.224489795918365,0.00161777943308151,"global",1,"LB_NORM_AST"
"ts_94_autogen_original","703","USA",NA,"unique_value_count_relative",0.0972453893454001,0.0755434782608693,0.00113196051351849,"global",16,"LB_NORM_AST"
"ts_94_autogen_original","704_MISS_CREAT","USA",NA,"unique_value_count_relative",0.172558969087098,0.0866968325791848,0.00735392651894992,"global",25,"LB_NORM_AST"
"ts_94_autogen_original","705","USA",NA,"unique_value_count_relative",0.100721759970153,0.0818965517241376,0.00115487981511218,"global",14,"LB_NORM_AST"
"ts_94_autogen_original","706","USA",NA,"unique_value_count_relative",0.0757192795276259,0.127572016460907,0,"global",3,"LB_NORM_AST"
"ts_94_autogen_original","707","USA",NA,"unique_value_count_relative",0.515425009319086,0.475409836065573,0.0499822263486836,"global",2,"LB_NORM_AST"
"ts_94_autogen_original","708_MISS_CREAT","USA",NA,"unique_value_count_relative",0.029735247181341,0.0331448625463053,0,"global",23,"LB_NORM_AST"
"ts_94_autogen_original","709_MISS_GLUC","USA",NA,"unique_value_count_relative",0.681801072454298,0.197787610619469,0.0781641433192385,"global",20,"LB_NORM_AST"
"ts_94_autogen_original","710_MISS_ALT","USA",NA,"unique_value_count_relative",0.309136384325102,0.110185185185185,0.022759328306699,"global",30,"LB_NORM_AST"
"ts_94_autogen_original","711","USA",NA,"unique_value_count_relative",0.730389740125169,0.425619834710744,0.0881903957043867,"global",4,"LB_NORM_AST"
"ts_94_autogen_original","713","USA",NA,"unique_value_count_relative",0.343355744301972,0.19690576652602,0.0272715884330714,"global",9,"LB_NORM_AST"
"ts_94_autogen_original","714","USA",NA,"unique_value_count_relative",1.36958132031463,0.4875,0.292910587764511,"global",6,"LB_NORM_AST"
"ts_94_autogen_original","715","USA",NA,"unique_value_count_relative",0.980390803630442,0.360294117647058,0.159042674845963,"global",8,"LB_NORM_AST"
"ts_94_autogen_original","716_MISS_GLUC","USA",NA,"unique_value_count_relative",0.387658053627035,0.136261261261261,0.0315211818239177,"global",24,"LB_NORM_AST"
"ts_94_autogen_original","717","USA",NA,"unique_value_count_relative",0.303991100016195,0.206216377764495,0.0219632516912653,"global",7,"LB_NORM_AST"
"ts_94_autogen_original","718","USA",NA,"unique_value_count_relative",0.0405360767627628,0.0508418620006603,0,"global",13,"LB_NORM_AST"
"ts_94_autogen_original","701_MISS_ALT","USA",NA,"autocorr",0.0792949920843998,0.10792349726776,0,"global",36,"LB_NORM_AST"
"ts_94_autogen_original","702","USA",NA,"autocorr",0.386201605400794,0.798165137614679,0.0312097690578808,"global",1,"LB_NORM_AST"
"ts_94_autogen_original","703","USA",NA,"autocorr",0.0641272822915044,0.160194174757282,0,"global",13,"LB_NORM_AST"
"ts_94_autogen_original","704_MISS_CREAT","USA",NA,"autocorr",0.0462440679207046,0.118456078083407,0,"global",23,"LB_NORM_AST"
"ts_94_autogen_original","705","USA",NA,"autocorr",0.491696812854125,0.259148618371919,0.0474698061603835,"global",13,"LB_NORM_AST"
"ts_94_autogen_original","706","USA",NA,"autocorr",0.577153534498357,0.640552995391704,0.0584849681011108,"global",2,"LB_NORM_AST"
"ts_94_autogen_original","707","USA",NA,"autocorr",0.0100303414909273,0.513761467889907,0,"global",1,"LB_NORM_AST"
"ts_94_autogen_original","708_MISS_CREAT","USA",NA,"autocorr",0.116739029656265,0.145021645021645,0.00235081415099372,"global",21,"LB_NORM_AST"
"ts_94_autogen_original","709_MISS_GLUC","USA",NA,"autocorr",1.43595044218406,0.335820895522388,0.317409446118287,"global",18,"LB_NORM_AST"
"ts_94_autogen_original","710_MISS_ALT","USA",NA,"autocorr",0.926924414050582,0.236689814814815,0.141690520742244,"global",27,"LB_NORM_AST"
"ts_94_autogen_original","711","USA",NA,"autocorr",0.0916522186823247,0.328703703703703,0.000753799968844867,"global",3,"LB_NORM_AST"
"ts_94_autogen_original","713","USA",NA,"autocorr",0.377887646453752,0.282539682539682,0.0303129122489407,"global",9,"LB_NORM_AST"
"ts_94_autogen_original","714","USA",NA,"autocorr",0.783897061035331,0.47196261682243,0.103080053363819,"global",5,"LB_NORM_AST"
"ts_94_autogen_original","715","USA",NA,"autocorr",0.166586984543656,0.274647887323944,0.00638418644826536,"global",6,"LB_NORM_AST"
"ts_94_autogen_original","716_MISS_GLUC","USA",NA,"autocorr",0.161475412970497,0.152514997692663,0.00582814682161542,"global",22,"LB_NORM_AST"
"ts_94_autogen_original","717","USA",NA,"autocorr",0.0110220002286874,0.165768194070081,0,"global",7,"LB_NORM_AST"
"ts_94_autogen_original","718","USA",NA,"autocorr",0.219805755043711,0.213768115942029,0.0139241332817465,"global",12,"LB_NORM_AST"
"ts_94_autogen_original","701_MISS_ALT","USA",NA,"average",0.179444708806782,0.121951219512195,0.00764164481546719,"global",41,"LB_NORM_AST"
"ts_94_autogen_original","702","USA",NA,"average",0.975961759132562,0.95102040816327,0.158617634614437,"global",1,"LB_NORM_AST"
"ts_94_autogen_original","703","USA",NA,"average",0.845926383151358,0.285326086956522,0.11672655208633,"global",16,"LB_NORM_AST"
"ts_94_autogen_original","704_MISS_CREAT","USA",NA,"average",0.360961502299706,0.176108597285068,0.029340643165178,"global",25,"LB_NORM_AST"
"ts_94_autogen_original","705","USA",NA,"average",0.251065411337473,0.205665024630542,0.0164628510810712,"global",14,"LB_NORM_AST"
"ts_94_autogen_original","706","USA",NA,"average",0.0717502388444154,0.316872427983539,0,"global",3,"LB_NORM_AST"
"ts_94_autogen_original","707","USA",NA,"average",0.90134967129491,0.754098360655735,0.13251990971958,"global",2,"LB_NORM_AST"
"ts_94_autogen_original","708_MISS_CREAT","USA",NA,"average",0.703146497224377,0.226944823552348,0.0817189336031802,"global",23,"LB_NORM_AST"
"ts_94_autogen_original","709_MISS_GLUC","USA",NA,"average",0.637667461466786,0.233185840707964,0.0712203584058785,"global",20,"LB_NORM_AST"
"ts_94_autogen_original","710_MISS_ALT","USA",NA,"average",0.572319270324008,0.188888888888889,0.0577801641904329,"global",30,"LB_NORM_AST"
"ts_94_autogen_original","711","USA",NA,"average",0.0319350322988124,0.243801652892563,0,"global",4,"LB_NORM_AST"
"ts_94_autogen_original","713","USA",NA,"average",0.342988528781326,0.274261603375528,0.0272715884330714,"global",9,"LB_NORM_AST"
"ts_94_autogen_original","714","USA",NA,"average",1.04529842574242,0.483333333333333,0.17983605414108,"global",6,"LB_NORM_AST"
"ts_94_autogen_original","715","USA",NA,"average",1.01878687102607,0.419117647058824,0.174221442903659,"global",8,"LB_NORM_AST"
"ts_94_autogen_original","716_MISS_GLUC","USA",NA,"average",0.74054335644308,0.227477477477478,0.0919872906988645,"global",24,"LB_NORM_AST"
"ts_94_autogen_original","717","USA",NA,"average",0.0662792177224689,0.212791392707711,0,"global",7,"LB_NORM_AST"
"ts_94_autogen_original","718","USA",NA,"average",0.162809900328648,0.191152195444041,0.00590938833653396,"global",13,"LB_NORM_AST"
"ts_94_autogen_original","701_MISS_ALT","USA",NA,"lof",0.408130489195441,0.151219512195122,0.0348270707670336,"global",41,"LB_NORM_AST"
"ts_94_autogen_original","702","USA",NA,"lof",0.417807253503681,0.812244897959187,0.0372439476099726,"global",1,"LB_NORM_AST"
"ts_94_autogen_original","703","USA",NA,"lof",0.265829126917815,0.196739130434783,0.0184801259244764,"global",16,"LB_NORM_AST"
"ts_94_autogen_original","704_MISS_CREAT","USA",NA,"lof",0.462304523509793,0.189864253393666,0.0431110484342945,"global",25,"LB_NORM_AST"
"ts_94_autogen_original","705","USA",NA,"lof",0.511487315942618,0.253694581280788,0.0499822263486836,"global",14,"LB_NORM_AST"
"ts_94_autogen_original","706","USA",NA,"lof",0.533940559011462,0.522633744855966,0.0525096332519319,"global",3,"LB_NORM_AST"
"ts_94_autogen_original","707","USA",NA,"lof",0.188457910828944,0.463114754098361,0.00902541801906572,"global",2,"LB_NORM_AST"
"ts_94_autogen_original","708_MISS_CREAT","USA",NA,"lof",0.15134344353851,0.146227334763112,0.00421807806760554,"global",23,"LB_NORM_AST"
"ts_94_autogen_original","709_MISS_GLUC","USA",NA,"lof",0.164323241134585,0.158407079646018,0.00599548150165794,"global",20,"LB_NORM_AST"
"ts_94_autogen_original","710_MISS_ALT","USA",NA,"lof",0.820870434404098,0.214814814814815,0.110590301176497,"global",30,"LB_NORM_AST"
"ts_94_autogen_original","711","USA",NA,"lof",0.108605798153046,0.299586776859505,0.00161777943308151,"global",4,"LB_NORM_AST"
"ts_94_autogen_original","713","USA",NA,"lof",1.34985158143866,0.444444444444444,0.282882780858123,"global",9,"LB_NORM_AST"
"ts_94_autogen_original","714","USA",NA,"lof",0.32451789698278,0.325000000000001,0.0257595575184066,"global",6,"LB_NORM_AST"
"ts_94_autogen_original","715","USA",NA,"lof",0.176543134574185,0.242647058823529,0.00761862359049177,"global",8,"LB_NORM_AST"
"ts_94_autogen_original","716_MISS_GLUC","USA",NA,"lof",0.0692226343210421,0.123873873873874,0,"global",24,"LB_NORM_AST"
"ts_94_autogen_original","717","USA",NA,"lof",0.015391920765883,0.172743574417214,0,"global",7,"LB_NORM_AST"
"ts_94_autogen_original","718","USA",NA,"lof",0.225993748752959,0.206999009574117,0.014609107552392,"global",13,"LB_NORM_AST"
"ts_94_autogen_original","701_MISS_ALT","USA",NA,"own_site_simil_score",2.50218132957892,0.284672405547585,0.955104775553828,"global",41,"LB_NORM_AST"
"ts_94_autogen_original","703","USA",NA,"own_site_simil_score",0.715709334069923,0.223526200873362,0.0835881382891899,"global",16,"LB_NORM_AST"
"ts_94_autogen_original","704_MISS_CREAT","USA",NA,"own_site_simil_score",0,-3.75394160201381e-15,0,"global",25,"LB_NORM_AST"
"ts_94_autogen_original","705","USA",NA,"own_site_simil_score",0.0377274966169815,0.0476190476190476,0,"global",14,"LB_NORM_AST"
"ts_94_autogen_original","706","USA",NA,"own_site_simil_score",0.75448920752349,0.49586776859504,0.0940749779063426,"global",3,"LB_NORM_AST"
"ts_94_autogen_original","707","USA",NA,"own_site_simil_score",0.593286067020456,0.499999999999999,0.0624379556211536,"global",2,"LB_NORM_AST"
"ts_94_autogen_original","708_MISS_CREAT","USA",NA,"own_site_simil_score",0.542734615506847,0.165295730513122,0.0541480726392301,"global",23,"LB_NORM_AST"
"ts_94_autogen_original","709_MISS_GLUC","USA",NA,"own_site_simil_score",0.412430151097546,0.152222222222222,0.0355684020447966,"global",20,"LB_NORM_AST"
"ts_94_autogen_original","710_MISS_ALT","USA",NA,"own_site_simil_score",5.39601395536838,0.469767441860464,3.39108236735469,"global",30,"LB_NORM_AST"
"ts_94_autogen_original","711","USA",NA,"own_site_simil_score",1.8204647376714,0.667012448132779,0.501437445587849,"global",4,"LB_NORM_AST"
"ts_94_autogen_original","713","USA",NA,"own_site_simil_score",1.93106427366374,0.480225988700564,0.557384278330906,"global",9,"LB_NORM_AST"
"ts_94_autogen_original","714","USA",NA,"own_site_simil_score",2.68645147506732,0.670153417015341,1.09112291195247,"global",6,"LB_NORM_AST"
"ts_94_autogen_original","715","USA",NA,"own_site_simil_score",0.634872158292744,0.287447257383967,0.0710789415205932,"global",8,"LB_NORM_AST"
"ts_94_autogen_original","716_MISS_GLUC","USA",NA,"own_site_simil_score",0.627811137369068,0.174962292609352,0.0703279567408237,"global",24,"LB_NORM_AST"
"ts_94_autogen_original","717","USA",NA,"own_site_simil_score",0.0232224435223979,0.042016806722688,0,"global",7,"LB_NORM_AST"
"ts_94_autogen_original","718","USA",NA,"own_site_simil_score",0.022674004834573,0.0344827586206897,0,"global",13,"LB_NORM_AST"
"ts_110_autogen_original","701_MISS_ALT","USA",NA,"range",0.468206952330432,0.187821171634121,0.0438315434183114,"global",28,"LB_NORM_CREAT"
"ts_110_autogen_original","702","USA",NA,"range",0.0956116727827753,0.602409638554217,0.00113196051351849,"global",1,"LB_NORM_CREAT"
"ts_110_autogen_original","703","USA",NA,"range",0.398573285577158,0.253763440860215,0.0330014995030569,"global",12,"LB_NORM_CREAT"
"ts_110_autogen_original","704_MISS_CREAT","USA",NA,"range",0.035050559402491,0.20703933747412,0,"global",6,"LB_NORM_CREAT"
"ts_110_autogen_original","705","USA",NA,"range",0.705497028797396,0.319347319347319,0.0817189336031802,"global",11,"LB_NORM_CREAT"
"ts_110_autogen_original","706","USA",NA,"range",0.158258481920665,0.656626506024096,0.00540555925154543,"global",1,"LB_NORM_CREAT"
"ts_110_autogen_original","707","USA",NA,"range",0.108773118840746,0.614457831325301,0.00161777943308151,"global",1,"LB_NORM_CREAT"
"ts_110_autogen_original","708_MISS_CREAT","USA",NA,"range",0.863670567184303,0.35859872611465,0.12193368798013,"global",10,"LB_NORM_CREAT"
"ts_110_autogen_original","709_MISS_GLUC","USA",NA,"range",0.0133573694027436,0.112975391498881,0,"global",18,"LB_NORM_CREAT"
"ts_110_autogen_original","710_MISS_ALT","USA",NA,"range",0.228557131967619,0.167711598746081,0.0151186484294159,"global",22,"LB_NORM_CREAT"
"ts_110_autogen_original","711","USA",NA,"range",0.268997523534059,0.493939393939393,0.0187947600197699,"global",2,"LB_NORM_CREAT"
"ts_110_autogen_original","713","USA",NA,"range",0.342112688000182,0.290880503144654,0.0272715884330714,"global",8,"LB_NORM_CREAT"
"ts_110_autogen_original","714","USA",NA,"range",0.232417797929464,0.324691358024691,0.0158563546609264,"global",5,"LB_NORM_CREAT"
"ts_110_autogen_original","715","USA",NA,"range",0.162946717804703,0.297530864197531,0.00599548150165794,"global",5,"LB_NORM_CREAT"
"ts_110_autogen_original","716_MISS_GLUC","USA",NA,"range",1.60723992564184,0.341496598639456,0.3968452707958,"global",20,"LB_NORM_CREAT"
"ts_110_autogen_original","717","USA",NA,"range",0.123458306866929,0.240178571428572,0.00310582019373197,"global",7,"LB_NORM_CREAT"
"ts_110_autogen_original","718","USA",NA,"range",0.515098926809191,0.298726114649682,0.0499822263486836,"global",10,"LB_NORM_CREAT"
"ts_110_autogen_original","701_MISS_ALT","USA",NA,"sd",0.0756125383048439,0.120246659815005,0,"global",28,"LB_NORM_CREAT"
"ts_110_autogen_original","702","USA",NA,"sd",0.341902878866792,0.777108433734939,0.0272715884330714,"global",1,"LB_NORM_CREAT"
"ts_110_autogen_original","703","USA",NA,"sd",0.239704408830375,0.220430107526881,0.0161038836745772,"global",12,"LB_NORM_CREAT"
"ts_110_autogen_original","704_MISS_CREAT","USA",NA,"sd",0.229344414305874,0.296066252587992,0.01516909773925,"global",6,"LB_NORM_CREAT"
"ts_110_autogen_original","705","USA",NA,"sd",0.177684226315161,0.212121212121212,0.00761862359049177,"global",11,"LB_NORM_CREAT"
"ts_110_autogen_original","706","USA",NA,"sd",0.599467180749683,0.879518072289157,0.0634378357443272,"global",1,"LB_NORM_CREAT"
"ts_110_autogen_original","707","USA",NA,"sd",0.102142539941733,0.608433734939759,0.00136064883470355,"global",1,"LB_NORM_CREAT"
"ts_110_autogen_original","708_MISS_CREAT","USA",NA,"sd",0.0567821799054653,0.177707006369427,0,"global",10,"LB_NORM_CREAT"
"ts_110_autogen_original","709_MISS_GLUC","USA",NA,"sd",0.821500133446727,0.272557792692021,0.110590301176497,"global",18,"LB_NORM_CREAT"
"ts_110_autogen_original","710_MISS_ALT","USA",NA,"sd",0.115124926709798,0.143887147335423,0.00228520216212808,"global",22,"LB_NORM_CREAT"
"ts_110_autogen_original","711","USA",NA,"sd",0.288278866766728,0.5,0.0195136742015873,"global",2,"LB_NORM_CREAT"
"ts_110_autogen_original","713","USA",NA,"sd",0.162050513788049,0.239779874213837,0.00582814682161542,"global",8,"LB_NORM_CREAT"
"ts_110_autogen_original","714","USA",NA,"sd",0.105437626950469,0.271604938271605,0.00141344301173679,"global",5,"LB_NORM_CREAT"
"ts_110_autogen_original","715","USA",NA,"sd",0.108827971055529,0.27283950617284,0.00161777943308151,"global",5,"LB_NORM_CREAT"
"ts_110_autogen_original","716_MISS_GLUC","USA",NA,"sd",1.39469939480056,0.321428571428572,0.303911787173299,"global",20,"LB_NORM_CREAT"
"ts_110_autogen_original","717","USA",NA,"sd",0.413365722524343,0.326785714285714,0.0359696319803627,"global",7,"LB_NORM_CREAT"
"ts_110_autogen_original","718","USA",NA,"sd",0.15003113176309,0.213375796178344,0.00417713178207221,"global",10,"LB_NORM_CREAT"
"ts_110_autogen_original","701_MISS_ALT","USA",NA,"unique_value_count_relative",0.679621109081448,0.175488180883864,0.077332387880912,"global",28,"LB_NORM_CREAT"
"ts_110_autogen_original","702","USA",NA,"unique_value_count_relative",0.0583636153631462,0.126506024096387,0,"global",1,"LB_NORM_CREAT"
"ts_110_autogen_original","703","USA",NA,"unique_value_count_relative",0.0834717290000923,0.0779569892473117,0,"global",12,"LB_NORM_CREAT"
"ts_110_autogen_original","704_MISS_CREAT","USA",NA,"unique_value_count_relative",0.041982442577322,0.067287784679089,0,"global",6,"LB_NORM_CREAT"
"ts_110_autogen_original","705","USA",NA,"unique_value_count_relative",1.19119493856112,0.347902097902098,0.226497161854354,"global",11,"LB_NORM_CREAT"
"ts_110_autogen_original","706","USA",NA,"unique_value_count_relative",0.437386636136815,0.63855421686747,0.0397638968206807,"global",1,"LB_NORM_CREAT"
"ts_110_autogen_original","707","USA",NA,"unique_value_count_relative",0.490322711324614,0.680722891566265,0.0474698061603835,"global",1,"LB_NORM_CREAT"
"ts_110_autogen_original","708_MISS_CREAT","USA",NA,"unique_value_count_relative",0.03511531924153,0.050955414012739,0,"global",10,"LB_NORM_CREAT"
"ts_110_autogen_original","709_MISS_GLUC","USA",NA,"unique_value_count_relative",0.315230476100994,0.140193885160328,0.0241572908405998,"global",18,"LB_NORM_CREAT"
"ts_110_autogen_original","710_MISS_ALT","USA",NA,"unique_value_count_relative",0.291788251247965,0.123824451410658,0.0197314417946409,"global",22,"LB_NORM_CREAT"
"ts_110_autogen_original","711","USA",NA,"unique_value_count_relative",0.0705755451236827,0.133333333333333,0,"global",2,"LB_NORM_CREAT"
"ts_110_autogen_original","713","USA",NA,"unique_value_count_relative",0.721146563559779,0.309748427672956,0.0843239561276598,"global",8,"LB_NORM_CREAT"
"ts_110_autogen_original","714","USA",NA,"unique_value_count_relative",0.600288713965047,0.346913580246914,0.063739418083219,"global",5,"LB_NORM_CREAT"
"ts_110_autogen_original","715","USA",NA,"unique_value_count_relative",0.0725987005570622,0.104938271604938,0,"global",5,"LB_NORM_CREAT"
"ts_110_autogen_original","716_MISS_GLUC","USA",NA,"unique_value_count_relative",0.498692738677923,0.17108843537415,0.0481011259817699,"global",20,"LB_NORM_CREAT"
"ts_110_autogen_original","717","USA",NA,"unique_value_count_relative",0.358934291885201,0.226785714285714,0.0288801431819268,"global",7,"LB_NORM_CREAT"
"ts_110_autogen_original","718","USA",NA,"unique_value_count_relative",0.0495091527493503,0.0636942675159237,0,"global",10,"LB_NORM_CREAT"
"ts_110_autogen_original","701_MISS_ALT","USA",NA,"autocorr",0.460596082046557,0.192592592592593,0.0430291375124968,"global",27,"LB_NORM_CREAT"
"ts_110_autogen_original","702","USA",NA,"autocorr",0.546757182861056,0.863354037267081,0.0542889065278481,"global",1,"LB_NORM_CREAT"
"ts_110_autogen_original","703","USA",NA,"autocorr",0.0462905773462276,0.16,0,"global",12,"LB_NORM_CREAT"
"ts_110_autogen_original","704_MISS_CREAT","USA",NA,"autocorr",0.462002497319132,0.365384615384616,0.0431110484342945,"global",6,"LB_NORM_CREAT"
"ts_110_autogen_original","705","USA",NA,"autocorr",0.221339718050784,0.224563515954245,0.0141973494549813,"global",11,"LB_NORM_CREAT"
"ts_110_autogen_original","706","USA",NA,"autocorr",0.137633007236506,0.639751552795032,0.00332195057350819,"global",1,"LB_NORM_CREAT"
"ts_110_autogen_original","707","USA",NA,"autocorr",0.653212513775344,0.894409937888199,0.0734532748620895,"global",1,"LB_NORM_CREAT"
"ts_110_autogen_original","708_MISS_CREAT","USA",NA,"autocorr",0.237892683600366,0.238157894736842,0.0159612458748136,"global",10,"LB_NORM_CREAT"
"ts_110_autogen_original","709_MISS_GLUC","USA",NA,"autocorr",0.0424325412290101,0.142857142857143,0,"global",15,"LB_NORM_CREAT"
"ts_110_autogen_original","710_MISS_ALT","USA",NA,"autocorr",0.627726447094612,0.227922077922078,0.0703279567408237,"global",22,"LB_NORM_CREAT"
"ts_110_autogen_original","711","USA",NA,"autocorr",2.63818964019084,0.974999999999998,1.0576176885668,"global",2,"LB_NORM_CREAT"
"ts_110_autogen_original","713","USA",NA,"autocorr",0.698558096151542,0.366883116883117,0.0817189336031802,"global",8,"LB_NORM_CREAT"
"ts_110_autogen_original","714","USA",NA,"autocorr",0.620779042258191,0.434394904458599,0.0688725504420609,"global",5,"LB_NORM_CREAT"
"ts_110_autogen_original","715","USA",NA,"autocorr",0.113220088960475,0.27515923566879,0.00219372160237304,"global",5,"LB_NORM_CREAT"
"ts_110_autogen_original","716_MISS_GLUC","USA",NA,"autocorr",0.16704449124873,0.161971830985915,0.00638418644826536,"global",20,"LB_NORM_CREAT"
"ts_110_autogen_original","717","USA",NA,"autocorr",0.389817066959647,0.346153846153846,0.0317704115165851,"global",6,"LB_NORM_CREAT"
"ts_110_autogen_original","718","USA",NA,"autocorr",0.491112356828531,0.294736842105263,0.0474698061603835,"global",10,"LB_NORM_CREAT"
"ts_110_autogen_original","701_MISS_ALT","USA",NA,"average",1.12422236073143,0.255652620760534,0.20569693309592,"global",28,"LB_NORM_CREAT"
"ts_110_autogen_original","702","USA",NA,"average",0.108773118840746,0.614457831325301,0.00161777943308151,"global",1,"LB_NORM_CREAT"
"ts_110_autogen_original","703","USA",NA,"average",0.475714243299028,0.267741935483871,0.044769482139274,"global",12,"LB_NORM_CREAT"
"ts_110_autogen_original","704_MISS_CREAT","USA",NA,"average",0.497649833231366,0.372670807453416,0.047690303309549,"global",6,"LB_NORM_CREAT"
"ts_110_autogen_original","705","USA",NA,"average",0.180324817235838,0.213286713286713,0.00764164481546719,"global",11,"LB_NORM_CREAT"
"ts_110_autogen_original","706","USA",NA,"average",1.62065647981962,0.993975903614458,0.401938508711882,"global",1,"LB_NORM_CREAT"
"ts_110_autogen_original","707","USA",NA,"average",0.0408728832028106,0.548192771084338,0,"global",1,"LB_NORM_CREAT"
"ts_110_autogen_original","708_MISS_CREAT","USA",NA,"average",1.68333838513977,0.468789808917198,0.42732842985048,"global",10,"LB_NORM_CREAT"
"ts_110_autogen_original","709_MISS_GLUC","USA",NA,"average",0.0896802857692516,0.148769574944072,0.000130500372933727,"global",18,"LB_NORM_CREAT"
"ts_110_autogen_original","710_MISS_ALT","USA",NA,"average",1.37461180229883,0.306896551724139,0.294998409755752,"global",22,"LB_NORM_CREAT"
"ts_110_autogen_original","711","USA",NA,"average",0.157897772197351,0.448484848484848,0.0053140320126,"global",2,"LB_NORM_CREAT"
"ts_110_autogen_original","713","USA",NA,"average",0.827178002004282,0.390723270440252,0.111626167565758,"global",8,"LB_NORM_CREAT"
"ts_110_autogen_original","714","USA",NA,"average",0.0252964781081391,0.21358024691358,0,"global",5,"LB_NORM_CREAT"
"ts_110_autogen_original","715","USA",NA,"average",0.821663451199237,0.481481481481483,0.110590301176497,"global",5,"LB_NORM_CREAT"
"ts_110_autogen_original","716_MISS_GLUC","USA",NA,"average",0.163031794316934,0.160884353741497,0.00599548150165794,"global",20,"LB_NORM_CREAT"
"ts_110_autogen_original","717","USA",NA,"average",0.247808259587423,0.282142857142857,0.0164431198716943,"global",7,"LB_NORM_CREAT"
"ts_110_autogen_original","718","USA",NA,"average",0.112635337907351,0.200636942675159,0.00204426589053558,"global",10,"LB_NORM_CREAT"
"ts_110_autogen_original","701_MISS_ALT","USA",NA,"lof",0.0394878870054529,0.108941418293936,0,"global",28,"LB_NORM_CREAT"
"ts_110_autogen_original","702","USA",NA,"lof",0.523746466811565,0.855421686746986,0.0511069474450018,"global",1,"LB_NORM_CREAT"
"ts_110_autogen_original","703","USA",NA,"lof",0.847501389255597,0.329569892473118,0.116941399061908,"global",12,"LB_NORM_CREAT"
"ts_110_autogen_original","704_MISS_CREAT","USA",NA,"lof",0.206463611131381,0.288819875776398,0.0127786261003676,"global",6,"LB_NORM_CREAT"
"ts_110_autogen_original","705","USA",NA,"lof",0.0478971535088309,0.165501165501165,0,"global",11,"LB_NORM_CREAT"
"ts_110_autogen_original","706","USA",NA,"lof",0.365383974716315,0.789156626506023,0.029340643165178,"global",1,"LB_NORM_CREAT"
"ts_110_autogen_original","707","USA",NA,"lof",0.0828373847463466,0.590361445783132,0,"global",1,"LB_NORM_CREAT"
"ts_110_autogen_original","708_MISS_CREAT","USA",NA,"lof",0.189501979525897,0.22484076433121,0.00927319979408806,"global",10,"LB_NORM_CREAT"
"ts_110_autogen_original","709_MISS_GLUC","USA",NA,"lof",1.27932662061936,0.324384787472036,0.252735155249427,"global",18,"LB_NORM_CREAT"
"ts_110_autogen_original","710_MISS_ALT","USA",NA,"lof",0.22216383366616,0.166457680250784,0.0143801853732146,"global",22,"LB_NORM_CREAT"
"ts_110_autogen_original","711","USA",NA,"lof",0.234114539281237,0.481818181818181,0.0158563546609264,"global",2,"LB_NORM_CREAT"
"ts_110_autogen_original","713","USA",NA,"lof",1.11486554552641,0.436320754716981,0.203438531210742,"global",8,"LB_NORM_CREAT"
"ts_110_autogen_original","714","USA",NA,"lof",0.194204769757387,0.309876543209877,0.00946145018414264,"global",5,"LB_NORM_CREAT"
"ts_110_autogen_original","715","USA",NA,"lof",0.4547147073998,0.390123456790124,0.0417003056085114,"global",5,"LB_NORM_CREAT"
"ts_110_autogen_original","716_MISS_GLUC","USA",NA,"lof",0.431441579930668,0.208503401360544,0.0391151550292751,"global",20,"LB_NORM_CREAT"
"ts_110_autogen_original","717","USA",NA,"lof",1.46359625725501,0.518749999999999,0.328636981796895,"global",7,"LB_NORM_CREAT"
"ts_110_autogen_original","718","USA",NA,"lof",0.0928313320969283,0.192993630573249,0.000753799968844867,"global",10,"LB_NORM_CREAT"
"ts_110_autogen_original","701_MISS_ALT","USA",NA,"own_site_simil_score",0.155268762247834,0.0808823529411765,0.0048408472021893,"global",28,"LB_NORM_CREAT"
"ts_110_autogen_original","703","USA",NA,"own_site_simil_score",0.00647486659428984,0.0131578947368421,0,"global",12,"LB_NORM_CREAT"
"ts_110_autogen_original","704_MISS_CREAT","USA",NA,"own_site_simil_score",2.70140486359736,0.677215189873418,1.1026734387364,"global",6,"LB_NORM_CREAT"
"ts_110_autogen_original","705","USA",NA,"own_site_simil_score",1.35338935712858,0.372549019607843,0.284301076542186,"global",11,"LB_NORM_CREAT"
"ts_110_autogen_original","708_MISS_CREAT","USA",NA,"own_site_simil_score",2.86189281238183,0.559740259740259,1.22346707012989,"global",10,"LB_NORM_CREAT"
"ts_110_autogen_original","709_MISS_GLUC","USA",NA,"own_site_simil_score",1.18898747562411,0.280821917808219,0.226497161854354,"global",18,"LB_NORM_CREAT"
"ts_110_autogen_original","710_MISS_ALT","USA",NA,"own_site_simil_score",0.86006677551356,0.218950064020486,0.121002207120708,"global",22,"LB_NORM_CREAT"
"ts_110_autogen_original","711","USA",NA,"own_site_simil_score",0,3.30291349825984e-15,0,"global",2,"LB_NORM_CREAT"
"ts_110_autogen_original","713","USA",NA,"own_site_simil_score",2.0214520915372,0.522435897435896,0.601547155552696,"global",8,"LB_NORM_CREAT"
"ts_110_autogen_original","714","USA",NA,"own_site_simil_score",0.0962938453464965,0.125786163522013,0.00113196051351849,"global",5,"LB_NORM_CREAT"
"ts_110_autogen_original","715","USA",NA,"own_site_simil_score",8.96831107963444,1,6.73112798160463,"global",5,"LB_NORM_CREAT"
"ts_110_autogen_original","716_MISS_GLUC","USA",NA,"own_site_simil_score",1.08648861918993,0.256944444444444,0.192680122969305,"global",20,"LB_NORM_CREAT"
"ts_110_autogen_original","717","USA",NA,"own_site_simil_score",3.92929642945184,0.748862602365787,2.12623041682688,"global",7,"LB_NORM_CREAT"
"ts_110_autogen_original","718","USA",NA,"own_site_simil_score",0.918392249294278,0.318181818181818,0.137513826032021,"global",10,"LB_NORM_CREAT"
"ts_111_autogen_original","701_MISS_ALT","USA",NA,"range",0.0689927343097608,0.104247104247104,0,"global",37,"LB_NORM_CREAT"
"ts_111_autogen_original","702","USA",NA,"range",0.307020359353169,0.756880733944951,0.022649991162171,"global",1,"LB_NORM_CREAT"
"ts_111_autogen_original","703","USA",NA,"range",0.164662307127406,0.186062717770035,0.00608108681462788,"global",14,"LB_NORM_CREAT"
"ts_111_autogen_original","704_MISS_CREAT","USA",NA,"range",0.294811304124886,0.183668341708542,0.0203657439761334,"global",20,"LB_NORM_CREAT"
"ts_111_autogen_original","705","USA",NA,"range",0.0283753191574643,0.141523525018671,0,"global",13,"LB_NORM_CREAT"
"ts_111_autogen_original","706","USA",NA,"range",0.513953235822881,0.612903225806452,0.0499822263486836,"global",2,"LB_NORM_CREAT"
"ts_111_autogen_original","707","USA",NA,"range",0.738384123512156,0.912844036697248,0.0911951710286603,"global",1,"LB_NORM_CREAT"
"ts_111_autogen_original","708_MISS_CREAT","USA",NA,"range",0.474037477647099,0.222222222222222,0.0445135771651274,"global",18,"LB_NORM_CREAT"
"ts_111_autogen_original","709_MISS_GLUC","USA",NA,"range",0.745749489805521,0.253684210526316,0.0922059454181504,"global",19,"LB_NORM_CREAT"
"ts_111_autogen_original","710_MISS_ALT","USA",NA,"range",0.131738563012965,0.131451009723261,0.00332195057350819,"global",28,"LB_NORM_CREAT"
"ts_111_autogen_original","711","USA",NA,"range",0.0916522186823247,0.328703703703703,0.000753799968844867,"global",3,"LB_NORM_CREAT"
"ts_111_autogen_original","713","USA",NA,"range",0.0199065046230368,0.16031746031746,0,"global",9,"LB_NORM_CREAT"
"ts_111_autogen_original","714","USA",NA,"range",0.190375851628829,0.308411214953271,0.00933904560619391,"global",5,"LB_NORM_CREAT"
"ts_111_autogen_original","715","USA",NA,"range",0.383809832894563,0.318059299191375,0.0303129122489407,"global",7,"LB_NORM_CREAT"
"ts_111_autogen_original","716_MISS_GLUC","USA",NA,"range",0.454396503780859,0.196983141082521,0.0417003056085114,"global",23,"LB_NORM_CREAT"
"ts_111_autogen_original","717","USA",NA,"range",0.529078102651992,0.352425876010782,0.0513864651194795,"global",7,"LB_NORM_CREAT"
"ts_111_autogen_original","718","USA",NA,"range",0.310380197887607,0.234299516908213,0.0231680085174966,"global",12,"LB_NORM_CREAT"
"ts_111_autogen_original","701_MISS_ALT","USA",NA,"sd",0.184769919870286,0.126819126819127,0.00828241527458444,"global",37,"LB_NORM_CREAT"
"ts_111_autogen_original","702","USA",NA,"sd",0.283539263503645,0.743119266055043,0.0192030838987461,"global",1,"LB_NORM_CREAT"
"ts_111_autogen_original","703","USA",NA,"sd",0.230027783373904,0.201742160278745,0.0155270628468265,"global",14,"LB_NORM_CREAT"
"ts_111_autogen_original","704_MISS_CREAT","USA",NA,"sd",2.14686054954807,0.379145728643216,0.686363963643632,"global",20,"LB_NORM_CREAT"
"ts_111_autogen_original","705","USA",NA,"sd",0.00356723535727799,0.113144137415982,0,"global",13,"LB_NORM_CREAT"
"ts_111_autogen_original","706","USA",NA,"sd",0.436259810627108,0.576036866359448,0.0396215755150615,"global",2,"LB_NORM_CREAT"
"ts_111_autogen_original","707","USA",NA,"sd",0.471212395109143,0.834862385321101,0.0442570549388097,"global",1,"LB_NORM_CREAT"
"ts_111_autogen_original","708_MISS_CREAT","USA",NA,"sd",0.101937996657822,0.150912106135987,0.00136064883470355,"global",18,"LB_NORM_CREAT"
"ts_111_autogen_original","709_MISS_GLUC","USA",NA,"sd",0.872987724253776,0.268947368421053,0.123899330626439,"global",19,"LB_NORM_CREAT"
"ts_111_autogen_original","710_MISS_ALT","USA",NA,"sd",0.298751270320249,0.160059835452506,0.0215109549496706,"global",28,"LB_NORM_CREAT"
"ts_111_autogen_original","711","USA",NA,"sd",0.0916522186823247,0.328703703703703,0.000753799968844867,"global",3,"LB_NORM_CREAT"
"ts_111_autogen_original","713","USA",NA,"sd",0.780088005823915,0.36031746031746,0.101152739840429,"global",9,"LB_NORM_CREAT"
"ts_111_autogen_original","714","USA",NA,"sd",0.0314392796471824,0.219626168224299,0,"global",5,"LB_NORM_CREAT"
"ts_111_autogen_original","715","USA",NA,"sd",0.418146399427925,0.326145552560647,0.0372439476099726,"global",7,"LB_NORM_CREAT"
"ts_111_autogen_original","716_MISS_GLUC","USA",NA,"sd",0.126846754129879,0.141748003549246,0.00310582019373197,"global",23,"LB_NORM_CREAT"
"ts_111_autogen_original","717","USA",NA,"sd",0.836306298941094,0.413746630727763,0.113530164110334,"global",7,"LB_NORM_CREAT"
"ts_111_autogen_original","718","USA",NA,"sd",1.0033622094891,0.347826086956522,0.169149269375123,"global",12,"LB_NORM_CREAT"
"ts_111_autogen_original","701_MISS_ALT","USA",NA,"unique_value_count_relative",0.171672683537236,0.0742500742500742,0.00707737025632559,"global",37,"LB_NORM_CREAT"
"ts_111_autogen_original","702","USA",NA,"unique_value_count_relative",0.421366022464044,0.623853211009175,0.0375984204061955,"global",1,"LB_NORM_CREAT"
"ts_111_autogen_original","703","USA",NA,"unique_value_count_relative",1.31012278586943,0.325435540069686,0.265388866957007,"global",14,"LB_NORM_CREAT"
"ts_111_autogen_original","704_MISS_CREAT","USA",NA,"unique_value_count_relative",0.01665676585171,0.0248743718592965,0,"global",20,"LB_NORM_CREAT"
"ts_111_autogen_original","705","USA",NA,"unique_value_count_relative",0.619356996603088,0.228528752800598,0.068322355800411,"global",13,"LB_NORM_CREAT"
"ts_111_autogen_original","706","USA",NA,"unique_value_count_relative",0.70985764113891,0.562211981566821,0.0817493476530669,"global",2,"LB_NORM_CREAT"
"ts_111_autogen_original","707","USA",NA,"unique_value_count_relative",0.659202877464531,0.784403669724771,0.0741029150097407,"global",1,"LB_NORM_CREAT"
"ts_111_autogen_original","708_MISS_CREAT","USA",NA,"unique_value_count_relative",0.0585713864630524,0.0547263681592034,0,"global",18,"LB_NORM_CREAT"
"ts_111_autogen_original","709_MISS_GLUC","USA",NA,"unique_value_count_relative",1.51939174437398,0.306578947368421,0.351171075793816,"global",19,"LB_NORM_CREAT"
"ts_111_autogen_original","710_MISS_ALT","USA",NA,"unique_value_count_relative",0.338561817098411,0.119296933433059,0.0263278049748972,"global",28,"LB_NORM_CREAT"
"ts_111_autogen_original","711","USA",NA,"unique_value_count_relative",0.0699694644182695,0.12037037037037,0,"global",3,"LB_NORM_CREAT"
"ts_111_autogen_original","713","USA",NA,"unique_value_count_relative",0.557419167681521,0.255555555555555,0.0547530774386631,"global",9,"LB_NORM_CREAT"
"ts_111_autogen_original","714","USA",NA,"unique_value_count_relative",0.378367689296271,0.271028037383178,0.0303129122489407,"global",5,"LB_NORM_CREAT"
"ts_111_autogen_original","715","USA",NA,"unique_value_count_relative",0.270560630955974,0.193396226415094,0.0187947600197699,"global",7,"LB_NORM_CREAT"
"ts_111_autogen_original","716_MISS_GLUC","USA",NA,"unique_value_count_relative",0.484552931770926,0.156610470275066,0.0458739949113399,"global",23,"LB_NORM_CREAT"
"ts_111_autogen_original","717","USA",NA,"unique_value_count_relative",0.612443471102188,0.300539083557952,0.0659497494200961,"global",7,"LB_NORM_CREAT"
"ts_111_autogen_original","718","USA",NA,"unique_value_count_relative",0.475358609494858,0.206521739130435,0.044769482139274,"global",12,"LB_NORM_CREAT"
"ts_111_autogen_original","701_MISS_ALT","USA",NA,"autocorr",0.257848081886081,0.149320348955163,0.0180230384442327,"global",31,"LB_NORM_CREAT"
"ts_111_autogen_original","702","USA",NA,"autocorr",0.206871593646704,0.693121693121693,0.0127786261003676,"global",1,"LB_NORM_CREAT"
"ts_111_autogen_original","703","USA",NA,"autocorr",0.0314247463429267,0.143850499782703,0,"global",13,"LB_NORM_CREAT"
"ts_111_autogen_original","704_MISS_CREAT","USA",NA,"autocorr",0.912488118990844,0.288337300238014,0.135134228046646,"global",17,"LB_NORM_CREAT"
"ts_111_autogen_original","705","USA",NA,"autocorr",0.480077013269579,0.278821736922295,0.0448085463376208,"global",11,"LB_NORM_CREAT"
"ts_111_autogen_original","706","USA",NA,"autocorr",0.863780252982011,0.936507936507937,0.12193368798013,"global",1,"LB_NORM_CREAT"
"ts_111_autogen_original","707","USA",NA,"autocorr",0.0639097529051311,0.571428571428571,0,"global",1,"LB_NORM_CREAT"
"ts_111_autogen_original","708_MISS_CREAT","USA",NA,"autocorr",0.199156236437798,0.195616883116883,0.0111507743009588,"global",14,"LB_NORM_CREAT"
"ts_111_autogen_original","709_MISS_GLUC","USA",NA,"autocorr",0.353686440374657,0.214798850574712,0.0281734382819936,"global",16,"LB_NORM_CREAT"
"ts_111_autogen_original","710_MISS_ALT","USA",NA,"autocorr",0.561810550080127,0.206060606060606,0.0557099665957777,"global",25,"LB_NORM_CREAT"
"ts_111_autogen_original","711","USA",NA,"autocorr",1.67440181284528,0.904255319148938,0.423806878652149,"global",2,"LB_NORM_CREAT"
"ts_111_autogen_original","713","USA",NA,"autocorr",0.647058071629577,0.35576923076923,0.0732093240575949,"global",8,"LB_NORM_CREAT"
"ts_111_autogen_original","714","USA",NA,"autocorr",0.56503485270272,0.421621621621622,0.056741044454603,"global",5,"LB_NORM_CREAT"
"ts_111_autogen_original","715","USA",NA,"autocorr",0.464827888696594,0.394594594594595,0.0434948683782901,"global",5,"LB_NORM_CREAT"
"ts_111_autogen_original","716_MISS_GLUC","USA",NA,"autocorr",0.124015610776161,0.145021645021645,0.00310582019373197,"global",22,"LB_NORM_CREAT"
"ts_111_autogen_original","717","USA",NA,"autocorr",0.361637890183803,0.335144927536232,0.029340643165178,"global",6,"LB_NORM_CREAT"
"ts_111_autogen_original","718","USA",NA,"autocorr",0.266489335152573,0.225655430711611,0.0187947600197699,"global",12,"LB_NORM_CREAT"
"ts_111_autogen_original","701_MISS_ALT","USA",NA,"average",1.78972899891279,0.272646272646273,0.483767415235125,"global",37,"LB_NORM_CREAT"
"ts_111_autogen_original","702","USA",NA,"average",0.136324132184194,0.637614678899083,0.00332195057350819,"global",1,"LB_NORM_CREAT"
"ts_111_autogen_original","703","USA",NA,"average",0.354861716696323,0.226829268292683,0.0281734382819936,"global",14,"LB_NORM_CREAT"
"ts_111_autogen_original","704_MISS_CREAT","USA",NA,"average",0.729379673354424,0.246482412060301,0.0879599320083129,"global",20,"LB_NORM_CREAT"
"ts_111_autogen_original","705","USA",NA,"average",0.073812542415851,0.163928304705004,0,"global",13,"LB_NORM_CREAT"
"ts_111_autogen_original","706","USA",NA,"average",0.235762841049435,0.481566820276498,0.0158563546609264,"global",2,"LB_NORM_CREAT"
"ts_111_autogen_original","707","USA",NA,"average",0.10491566793257,0.610091743119264,0.00136064883470355,"global",1,"LB_NORM_CREAT"
"ts_111_autogen_original","708_MISS_CREAT","USA",NA,"average",0.501947834975662,0.22636815920398,0.048101370081977,"global",18,"LB_NORM_CREAT"
"ts_111_autogen_original","709_MISS_GLUC","USA",NA,"average",0.171275544482365,0.16421052631579,0.0070680119406515,"global",19,"LB_NORM_CREAT"
"ts_111_autogen_original","710_MISS_ALT","USA",NA,"average",0.83951700928319,0.224382946896036,0.114162213892964,"global",28,"LB_NORM_CREAT"
"ts_111_autogen_original","711","USA",NA,"average",0.348250477431278,0.458333333333334,0.027813683722718,"global",3,"LB_NORM_CREAT"
"ts_111_autogen_original","713","USA",NA,"average",0.866040307501286,0.374603174603175,0.12254368140311,"global",9,"LB_NORM_CREAT"
"ts_111_autogen_original","714","USA",NA,"average",0.0374522443359195,0.225233644859813,0,"global",5,"LB_NORM_CREAT"
"ts_111_autogen_original","715","USA",NA,"average",0.648881751534694,0.377358490566038,0.0734532748620895,"global",7,"LB_NORM_CREAT"
"ts_111_autogen_original","716_MISS_GLUC","USA",NA,"average",0.0966032776596304,0.134205856255546,0.00113196051351849,"global",23,"LB_NORM_CREAT"
"ts_111_autogen_original","717","USA",NA,"average",0.688255142802352,0.38544474393531,0.079354689908099,"global",7,"LB_NORM_CREAT"
"ts_111_autogen_original","718","USA",NA,"average",0.167076072110311,0.20048309178744,0.00638418644826536,"global",12,"LB_NORM_CREAT"
"ts_111_autogen_original","701_MISS_ALT","USA",NA,"lof",0.541224422512605,0.171517671517672,0.0540782345237562,"global",37,"LB_NORM_CREAT"
"ts_111_autogen_original","702","USA",NA,"lof",0.696991438353932,0.903669724770638,0.0817189336031802,"global",1,"LB_NORM_CREAT"
"ts_111_autogen_original","703","USA",NA,"lof",0.3663556968471,0.229268292682927,0.029340643165178,"global",14,"LB_NORM_CREAT"
"ts_111_autogen_original","704_MISS_CREAT","USA",NA,"lof",0.714321286662204,0.243467336683416,0.0829110545695272,"global",20,"LB_NORM_CREAT"
"ts_111_autogen_original","705","USA",NA,"lof",0.177545829364412,0.195668409260642,0.00761862359049177,"global",13,"LB_NORM_CREAT"
"ts_111_autogen_original","706","USA",NA,"lof",0.14788177623593,0.442396313364055,0.00380184888256846,"global",2,"LB_NORM_CREAT"
"ts_111_autogen_original","707","USA",NA,"lof",1.56229286445647,0.990825688073395,0.374530906350934,"global",1,"LB_NORM_CREAT"
"ts_111_autogen_original","708_MISS_CREAT","USA",NA,"lof",0.0681471208205515,0.140132669983416,0,"global",18,"LB_NORM_CREAT"
"ts_111_autogen_original","709_MISS_GLUC","USA",NA,"lof",0.482672098673272,0.218157894736842,0.045376853678671,"global",19,"LB_NORM_CREAT"
"ts_111_autogen_original","710_MISS_ALT","USA",NA,"lof",0.173220086108937,0.139678384442783,0.00747014114452971,"global",28,"LB_NORM_CREAT"
"ts_111_autogen_original","711","USA",NA,"lof",0.179227839565218,0.37962962962963,0.00764164481546719,"global",3,"LB_NORM_CREAT"
"ts_111_autogen_original","713","USA",NA,"lof",1.29375772701704,0.438095238095238,0.256839086798915,"global",9,"LB_NORM_CREAT"
"ts_111_autogen_original","714","USA",NA,"lof",0.1217765059881,0.278504672897196,0.00293308550593181,"global",5,"LB_NORM_CREAT"
"ts_111_autogen_original","715","USA",NA,"lof",0.204019502676516,0.267520215633423,0.012593895207381,"global",7,"LB_NORM_CREAT"
"ts_111_autogen_original","716_MISS_GLUC","USA",NA,"lof",0.0337135141085174,0.113132209405501,0,"global",23,"LB_NORM_CREAT"
"ts_111_autogen_original","717","USA",NA,"lof",1.40549269938654,0.506738544474393,0.309307296041167,"global",7,"LB_NORM_CREAT"
"ts_111_autogen_original","718","USA",NA,"lof",0.362975426653366,0.245169082125604,0.029340643165178,"global",12,"LB_NORM_CREAT"
"ts_111_autogen_original","701_MISS_ALT","USA",NA,"own_site_simil_score",0.364248700858164,0.111111111111111,0.029340643165178,"global",37,"LB_NORM_CREAT"
"ts_111_autogen_original","703","USA",NA,"own_site_simil_score",0.00756311314655672,0.0147783251231527,0,"global",14,"LB_NORM_CREAT"
"ts_111_autogen_original","704_MISS_CREAT","USA",NA,"own_site_simil_score",3.63487003935604,0.461928934010153,1.86594473571458,"global",20,"LB_NORM_CREAT"
"ts_111_autogen_original","705","USA",NA,"own_site_simil_score",0.852578127283812,0.269607843137255,0.118208237830451,"global",13,"LB_NORM_CREAT"
"ts_111_autogen_original","706","USA",NA,"own_site_simil_score",0,-2.62290189567693e-15,0,"global",2,"LB_NORM_CREAT"
"ts_111_autogen_original","708_MISS_CREAT","USA",NA,"own_site_simil_score",0.512848894095919,0.179229480737018,0.0499822263486836,"global",18,"LB_NORM_CREAT"
"ts_111_autogen_original","709_MISS_GLUC","USA",NA,"own_site_simil_score",1.41169508155637,0.295321637426901,0.310043973005205,"global",19,"LB_NORM_CREAT"
"ts_111_autogen_original","710_MISS_ALT","USA",NA,"own_site_simil_score",0.0219496321786799,0.0264550264550265,0,"global",28,"LB_NORM_CREAT"
"ts_111_autogen_original","711","USA",NA,"own_site_simil_score",0.0129915091587453,0.0280373831775701,0,"global",3,"LB_NORM_CREAT"
"ts_111_autogen_original","713","USA",NA,"own_site_simil_score",2.06570591200093,0.497863247863247,0.630155160204286,"global",9,"LB_NORM_CREAT"
"ts_111_autogen_original","714","USA",NA,"own_site_simil_score",0.0342651021453146,0.0594339622641509,0,"global",5,"LB_NORM_CREAT"
"ts_111_autogen_original","715","USA",NA,"own_site_simil_score",6.92845897935527,0.914285714285712,4.8075094064756,"global",7,"LB_NORM_CREAT"
"ts_111_autogen_original","716_MISS_GLUC","USA",NA,"own_site_simil_score",1.56605229337486,0.28641864634693,0.375107177510043,"global",23,"LB_NORM_CREAT"
"ts_111_autogen_original","717","USA",NA,"own_site_simil_score",3.6000812422283,0.719047619047618,1.8370849655791,"global",7,"LB_NORM_CREAT"
"ts_111_autogen_original","718","USA",NA,"own_site_simil_score",1.26098209826841,0.341056910569106,0.248377796220908,"global",12,"LB_NORM_CREAT"
"ts_158_autogen_original","701_MISS_ALT","USA",NA,"range",0.840354995048825,0.232048374905518,0.114417960515814,"global",27,"RS_OVRLRESP=CR"
"ts_158_autogen_original","702","USA",NA,"range",0.395451208268343,0.803468208092486,0.0326828498084068,"global",1,"RS_OVRLRESP=CR"
"ts_158_autogen_original","703","USA",NA,"range",0.284306757605942,0.239263803680982,0.0192580657763126,"global",11,"RS_OVRLRESP=CR"
"ts_158_autogen_original","704_MISS_CREAT","USA",NA,"range",0.58868942030564,0.253955696202532,0.0608894608002199,"global",16,"RS_OVRLRESP=CR"
"ts_158_autogen_original","705","USA",NA,"range",0.243909339688436,0.229224762967094,0.0162588930396488,"global",11,"RS_OVRLRESP=CR"
"ts_158_autogen_original","706","USA",NA,"range",0.154189417607851,0.653179190751445,0.00477184202022172,"global",1,"RS_OVRLRESP=CR"
"ts_158_autogen_original","707","USA",NA,"range",0.231949076520682,0.710982658959539,0.0158563546609264,"global",1,"RS_OVRLRESP=CR"
"ts_158_autogen_original","708_MISS_CREAT","USA",NA,"range",0.887840175921999,0.30314465408805,0.128362847480574,"global",15,"RS_OVRLRESP=CR"
"ts_158_autogen_original","709_MISS_GLUC","USA",NA,"range",0.314603411939552,0.203072311727239,0.0239420477796826,"global",17,"RS_OVRLRESP=CR"
"ts_158_autogen_original","710_MISS_ALT","USA",NA,"range",0.233694213551026,0.171802054154996,0.0158563546609264,"global",21,"RS_OVRLRESP=CR"
"ts_158_autogen_original","711","USA",NA,"range",0.177131278268095,0.459302325581396,0.00761862359049177,"global",2,"RS_OVRLRESP=CR"
"ts_158_autogen_original","713","USA",NA,"range",0.905489284786712,0.403614457831325,0.132796671661055,"global",8,"RS_OVRLRESP=CR"
"ts_158_autogen_original","714","USA",NA,"range",1.10370892501292,0.534911242603549,0.198774760977649,"global",5,"RS_OVRLRESP=CR"
"ts_158_autogen_original","715","USA",NA,"range",0.00793446557054084,0.188165680473373,0,"global",5,"RS_OVRLRESP=CR"
"ts_158_autogen_original","716_MISS_GLUC","USA",NA,"range",0.527631279677422,0.227164685908319,0.0513864651194795,"global",19,"RS_OVRLRESP=CR"
"ts_158_autogen_original","717","USA",NA,"range",0.0496113479340787,0.236686390532544,0,"global",5,"RS_OVRLRESP=CR"
"ts_158_autogen_original","718","USA",NA,"range",0.122928117914582,0.214141414141414,0.00310582019373197,"global",9,"RS_OVRLRESP=CR"
"ts_158_autogen_original","701_MISS_ALT","USA",NA,"sd",0.0109584231333039,0.0937263794406651,0,"global",27,"RS_OVRLRESP=CR"
"ts_158_autogen_original","702","USA",NA,"sd",0.985276743179293,0.953757225433526,0.162391573883228,"global",1,"RS_OVRLRESP=CR"
"ts_158_autogen_original","703","USA",NA,"sd",0.935517406761422,0.354155047406581,0.143718583619716,"global",11,"RS_OVRLRESP=CR"
"ts_158_autogen_original","704_MISS_CREAT","USA",NA,"sd",0.817378036741871,0.285601265822785,0.109792785101671,"global",16,"RS_OVRLRESP=CR"
"ts_158_autogen_original","705","USA",NA,"sd",0.177449272713077,0.211935303959844,0.00761862359049177,"global",11,"RS_OVRLRESP=CR"
"ts_158_autogen_original","706","USA",NA,"sd",0.267421394682901,0.734104046242775,0.0187947600197699,"global",1,"RS_OVRLRESP=CR"
"ts_158_autogen_original","707","USA",NA,"sd",0.133339278634731,0.635838150289017,0.00332195057350819,"global",1,"RS_OVRLRESP=CR"
"ts_158_autogen_original","708_MISS_CREAT","USA",NA,"sd",1.74786838839365,0.39874213836478,0.463304283129713,"global",15,"RS_OVRLRESP=CR"
"ts_158_autogen_original","709_MISS_GLUC","USA",NA,"sd",0.785422565685394,0.273885350318471,0.103080053363819,"global",17,"RS_OVRLRESP=CR"
"ts_158_autogen_original","710_MISS_ALT","USA",NA,"sd",0.158936815954004,0.156862745098039,0.00551370115574749,"global",21,"RS_OVRLRESP=CR"
"ts_158_autogen_original","711","USA",NA,"sd",0.046267559149791,0.366279069767442,0,"global",2,"RS_OVRLRESP=CR"
"ts_158_autogen_original","713","USA",NA,"sd",0.222712312993594,0.259036144578313,0.0143801853732146,"global",8,"RS_OVRLRESP=CR"
"ts_158_autogen_original","714","USA",NA,"sd",0.77613480029029,0.4698224852071,0.0995915241326591,"global",5,"RS_OVRLRESP=CR"
"ts_158_autogen_original","715","USA",NA,"sd",0.697653703814635,0.45207100591716,0.0817189336031802,"global",5,"RS_OVRLRESP=CR"
"ts_158_autogen_original","716_MISS_GLUC","USA",NA,"sd",0.271277189286063,0.186078098471986,0.0187947600197699,"global",19,"RS_OVRLRESP=CR"
"ts_158_autogen_original","717","USA",NA,"sd",0.269818548323192,0.337278106508876,0.0187947600197699,"global",5,"RS_OVRLRESP=CR"
"ts_158_autogen_original","718","USA",NA,"sd",0.566919508790603,0.323232323232323,0.0568768241760149,"global",9,"RS_OVRLRESP=CR"
"ts_158_autogen_original","701_MISS_ALT","USA",NA,"unique_value_count_relative",0.267071761956114,0.108843537414966,0.0187947600197699,"global",27,"RS_OVRLRESP=CR"
"ts_158_autogen_original","702","USA",NA,"unique_value_count_relative",0.110215479787594,0.225433526011558,0.00161777943308151,"global",1,"RS_OVRLRESP=CR"
"ts_158_autogen_original","703","USA",NA,"unique_value_count_relative",0.51216843323463,0.223647518126046,0.0499822263486836,"global",11,"RS_OVRLRESP=CR"
"ts_158_autogen_original","704_MISS_CREAT","USA",NA,"unique_value_count_relative",0.00655795426010132,0.0126582278481009,0,"global",16,"RS_OVRLRESP=CR"
"ts_158_autogen_original","705","USA",NA,"unique_value_count_relative",0.0977528881674096,0.0892359174567762,0.00113196051351849,"global",11,"RS_OVRLRESP=CR"
"ts_158_autogen_original","706","USA",NA,"unique_value_count_relative",0.316269962220718,0.520231213872833,0.0241572908405998,"global",1,"RS_OVRLRESP=CR"
"ts_158_autogen_original","707","USA",NA,"unique_value_count_relative",0.281507855961507,0.479768786127168,0.0187947600197699,"global",1,"RS_OVRLRESP=CR"
"ts_158_autogen_original","708_MISS_CREAT","USA",NA,"unique_value_count_relative",0.811313187360318,0.249056603773585,0.108822684511044,"global",15,"RS_OVRLRESP=CR"
"ts_158_autogen_original","709_MISS_GLUC","USA",NA,"unique_value_count_relative",0.894562830763116,0.247658298988385,0.131451379106421,"global",17,"RS_OVRLRESP=CR"
"ts_158_autogen_original","710_MISS_ALT","USA",NA,"unique_value_count_relative",0.230276288823874,0.111111111111111,0.0155270628468265,"global",21,"RS_OVRLRESP=CR"
"ts_158_autogen_original","711","USA",NA,"unique_value_count_relative",0.372132467615274,0.412790697674419,0.029340643165178,"global",2,"RS_OVRLRESP=CR"
"ts_158_autogen_original","713","USA",NA,"unique_value_count_relative",0.867665311324799,0.340361445783133,0.12254368140311,"global",8,"RS_OVRLRESP=CR"
"ts_158_autogen_original","714","USA",NA,"unique_value_count_relative",0.26262030326458,0.218934911242605,0.0181761559072324,"global",5,"RS_OVRLRESP=CR"
"ts_158_autogen_original","715","USA",NA,"unique_value_count_relative",0.375933889983014,0.269822485207101,0.0300573033390694,"global",5,"RS_OVRLRESP=CR"
"ts_158_autogen_original","716_MISS_GLUC","USA",NA,"unique_value_count_relative",0.477746505976179,0.170458404074703,0.044769482139274,"global",19,"RS_OVRLRESP=CR"
"ts_158_autogen_original","717","USA",NA,"unique_value_count_relative",1.31529920010203,0.520710059171598,0.2665753221248,"global",5,"RS_OVRLRESP=CR"
"ts_158_autogen_original","718","USA",NA,"unique_value_count_relative",0.0570051306688695,0.0727272727272724,0,"global",9,"RS_OVRLRESP=CR"
"ts_158_autogen_original","701_MISS_ALT","USA",NA,"autocorr",0.460279984432712,0.4,0.0429730291681159,"global",6,"RS_OVRLRESP=CR"
"ts_158_autogen_original","703","USA",NA,"autocorr",0.352365033130609,0.484848484848485,0.0281734382819936,"global",3,"RS_OVRLRESP=CR"
"ts_158_autogen_original","704_MISS_CREAT","USA",NA,"autocorr",1.15394989220715,0.512315270935961,0.211093710539363,"global",7,"RS_OVRLRESP=CR"
"ts_158_autogen_original","705","USA",NA,"autocorr",0.161850819941071,0.470588235294118,0.00582814682161542,"global",2,"RS_OVRLRESP=CR"
"ts_158_autogen_original","709_MISS_GLUC","USA",NA,"autocorr",0.430124692043439,0.515151515151515,0.0391151550292751,"global",3,"RS_OVRLRESP=CR"
"ts_158_autogen_original","710_MISS_ALT","USA",NA,"autocorr",1.10240367744488,0.507389162561577,0.198473534165426,"global",7,"RS_OVRLRESP=CR"
"ts_158_autogen_original","714","USA",NA,"autocorr",0.430124692043439,0.515151515151515,0.0391151550292751,"global",3,"RS_OVRLRESP=CR"
"ts_158_autogen_original","715","USA",NA,"autocorr",0.301029995663981,0.771428571428571,0.0216353356058599,"global",1,"RS_OVRLRESP=CR"
"ts_158_autogen_original","716_MISS_GLUC","USA",NA,"autocorr",0.0511525224473813,0.571428571428571,0,"global",1,"RS_OVRLRESP=CR"
"ts_158_autogen_original","718","USA",NA,"autocorr",0.0133411525728181,0.272727272727273,0,"global",3,"RS_OVRLRESP=CR"
"ts_158_autogen_original","701_MISS_ALT","USA",NA,"average",0.115290826406953,0.132275132275132,0.00228520216212808,"global",27,"RS_OVRLRESP=CR"
"ts_158_autogen_original","702","USA",NA,"average",0.249323172590105,0.722543352601156,0.0164431198716943,"global",1,"RS_OVRLRESP=CR"
"ts_158_autogen_original","703","USA",NA,"average",0.180051619597646,0.213050752928053,0.00764164481546719,"global",11,"RS_OVRLRESP=CR"
"ts_158_autogen_original","704_MISS_CREAT","USA",NA,"average",0.955697649433166,0.303006329113924,0.152453102524203,"global",16,"RS_OVRLRESP=CR"
"ts_158_autogen_original","705","USA",NA,"average",0.5765363812301,0.296709425543781,0.0584849681011108,"global",11,"RS_OVRLRESP=CR"
"ts_158_autogen_original","706","USA",NA,"average",0.176091259055681,0.670520231213874,0.00761862359049177,"global",1,"RS_OVRLRESP=CR"
"ts_158_autogen_original","707","USA",NA,"average",0.898126567460395,0.942196531791908,0.131779917373013,"global",1,"RS_OVRLRESP=CR"
"ts_158_autogen_original","708_MISS_CREAT","USA",NA,"average",1.520481776471,0.376100628930818,0.351372043235053,"global",15,"RS_OVRLRESP=CR"
"ts_158_autogen_original","709_MISS_GLUC","USA",NA,"average",0.295782144599067,0.199700262270513,0.0205273795747613,"global",17,"RS_OVRLRESP=CR"
"ts_158_autogen_original","710_MISS_ALT","USA",NA,"average",0.377117744898828,0.196078431372549,0.0302257920728983,"global",21,"RS_OVRLRESP=CR"
"ts_158_autogen_original","711","USA",NA,"average",0.000721971243675133,0.267441860465117,0,"global",2,"RS_OVRLRESP=CR"
"ts_158_autogen_original","713","USA",NA,"average",0.309838211004146,0.283132530120482,0.022980621954354,"global",8,"RS_OVRLRESP=CR"
"ts_158_autogen_original","714","USA",NA,"average",2.97868443023177,0.792899408284024,1.31524004721946,"global",5,"RS_OVRLRESP=CR"
"ts_158_autogen_original","715","USA",NA,"average",0.532115386196846,0.410650887573965,0.0516528977229867,"global",5,"RS_OVRLRESP=CR"
"ts_158_autogen_original","716_MISS_GLUC","USA",NA,"average",0.912572606648903,0.276400679117148,0.135134228046646,"global",19,"RS_OVRLRESP=CR"
"ts_158_autogen_original","717","USA",NA,"average",0.156668009263829,0.29585798816568,0.00522969641918795,"global",5,"RS_OVRLRESP=CR"
"ts_158_autogen_original","718","USA",NA,"average",1.08028346909826,0.41010101010101,0.189211286263079,"global",9,"RS_OVRLRESP=CR"
"ts_158_autogen_original","701_MISS_ALT","USA",NA,"lof",0.420503445951097,0.18291761148904,0.0374367428487436,"global",27,"RS_OVRLRESP=CR"
"ts_158_autogen_original","702","USA",NA,"lof",0.793391216940381,0.924855491329483,0.105389107024988,"global",1,"RS_OVRLRESP=CR"
"ts_158_autogen_original","703","USA",NA,"lof",0.238158601452123,0.228109313998885,0.0159612458748136,"global",11,"RS_OVRLRESP=CR"
"ts_158_autogen_original","704_MISS_CREAT","USA",NA,"lof",0.00192773784881266,0.0988924050632912,0,"global",16,"RS_OVRLRESP=CR"
"ts_158_autogen_original","705","USA",NA,"lof",0.290457711493135,0.240379252649191,0.0196327455407087,"global",11,"RS_OVRLRESP=CR"
"ts_158_autogen_original","706","USA",NA,"lof",0.709070331240344,0.907514450867056,0.0817493476530669,"global",1,"RS_OVRLRESP=CR"
"ts_158_autogen_original","707","USA",NA,"lof",0.133339278634731,0.635838150289018,0.00332195057350819,"global",1,"RS_OVRLRESP=CR"
"ts_158_autogen_original","708_MISS_CREAT","USA",NA,"lof",0.511450577113758,0.249056603773585,0.0499822263486836,"global",15,"RS_OVRLRESP=CR"
"ts_158_autogen_original","709_MISS_GLUC","USA",NA,"lof",1.325985162318,0.33645560134882,0.270991841555324,"global",17,"RS_OVRLRESP=CR"
"ts_158_autogen_original","710_MISS_ALT","USA",NA,"lof",0.237999796748433,0.172735760971055,0.0159612458748136,"global",21,"RS_OVRLRESP=CR"
"ts_158_autogen_original","711","USA",NA,"lof",1.05306113091313,0.796511627906977,0.182536776250003,"global",2,"RS_OVRLRESP=CR"
"ts_158_autogen_original","713","USA",NA,"lof",0.00339036437617679,0.140060240963855,0,"global",8,"RS_OVRLRESP=CR"
"ts_158_autogen_original","714","USA",NA,"lof",0.227009404352783,0.32189349112426,0.0148866203951175,"global",5,"RS_OVRLRESP=CR"
"ts_158_autogen_original","715","USA",NA,"lof",0.100512189456794,0.268639053254438,0.00113699437853128,"global",5,"RS_OVRLRESP=CR"
"ts_158_autogen_original","716_MISS_GLUC","USA",NA,"lof",1.2192210277484,0.310016977928693,0.235064879820973,"global",19,"RS_OVRLRESP=CR"
"ts_158_autogen_original","717","USA",NA,"lof",0.103231542737441,0.269822485207101,0.00136064883470355,"global",5,"RS_OVRLRESP=CR"
"ts_158_autogen_original","718","USA",NA,"lof",0.765706301215324,0.359595959595959,0.0963690939823743,"global",9,"RS_OVRLRESP=CR"
"ts_158_autogen_original","701_MISS_ALT","USA",NA,"own_site_simil_score",2.51566501447774,0.347222222222222,0.966793852601887,"global",27,"RS_OVRLRESP=CR"
"ts_158_autogen_original","703","USA",NA,"own_site_simil_score",0.543929522531533,0.23125,0.0542288551189147,"global",11,"RS_OVRLRESP=CR"
"ts_158_autogen_original","704_MISS_CREAT","USA",NA,"own_site_simil_score",1.58092660827526,0.340725806451614,0.381934009601208,"global",16,"RS_OVRLRESP=CR"
"ts_158_autogen_original","705","USA",NA,"own_site_simil_score",0.786117445810585,0.280681818181818,0.103160341655167,"global",11,"RS_OVRLRESP=CR"
"ts_158_autogen_original","708_MISS_CREAT","USA",NA,"own_site_simil_score",14.5895130649194,0.935897435897434,12.0001474487782,"global",15,"RS_OVRLRESP=CR"
"ts_158_autogen_original","709_MISS_GLUC","USA",NA,"own_site_simil_score",2.64427695407732,0.427807486631016,1.06146618100313,"global",17,"RS_OVRLRESP=CR"
"ts_158_autogen_original","710_MISS_ALT","USA",NA,"own_site_simil_score",0.239462799607326,0.113333333333333,0.0161038836745772,"global",21,"RS_OVRLRESP=CR"
"ts_158_autogen_original","711","USA",NA,"own_site_simil_score",1.27032043341597,0.775147928994083,0.252735155249427,"global",2,"RS_OVRLRESP=CR"
"ts_158_autogen_original","713","USA",NA,"own_site_simil_score",5.48362683588477,0.815950920245398,3.47352501440499,"global",8,"RS_OVRLRESP=CR"
"ts_158_autogen_original","714","USA",NA,"own_site_simil_score",1.76719490773225,0.6,0.476215911602412,"global",5,"RS_OVRLRESP=CR"
"ts_158_autogen_original","715","USA",NA,"own_site_simil_score",0.248505952994192,0.210843373493976,0.0164431198716943,"global",5,"RS_OVRLRESP=CR"
"ts_158_autogen_original","716_MISS_GLUC","USA",NA,"own_site_simil_score",7.59684961690318,0.677631578947368,5.43957828566835,"global",19,"RS_OVRLRESP=CR"
"ts_158_autogen_original","717","USA",NA,"own_site_simil_score",3.42079236315285,0.807228915662649,1.68212866454393,"global",5,"RS_OVRLRESP=CR"
"ts_158_autogen_original","718","USA",NA,"own_site_simil_score",0.0648646292557833,0.0802469135802469,0,"global",9,"RS_OVRLRESP=CR"
"ts_159_autogen_original","701_MISS_ALT","USA",NA,"range",0.000798188252919193,0.0748299319727891,0,"global",27,"RS_OVRLRESP=PD"
"ts_159_autogen_original","702","USA",NA,"range",1.2405492482826,0.976878612716763,0.239964476769973,"global",1,"RS_OVRLRESP=PD"
"ts_159_autogen_original","703","USA",NA,"range",0.0178701062202647,0.144450641383157,0,"global",11,"RS_OVRLRESP=PD"
"ts_159_autogen_original","704_MISS_CREAT","USA",NA,"range",0.78357736911949,0.280854430379747,0.103080053363819,"global",16,"RS_OVRLRESP=PD"
"ts_159_autogen_original","705","USA",NA,"range",0.523257882113123,0.287785833798104,0.0510594618100574,"global",11,"RS_OVRLRESP=PD"
"ts_159_autogen_original","706","USA",NA,"range",0.296066576132431,0.751445086705202,0.02065141776539,"global",1,"RS_OVRLRESP=PD"
"ts_159_autogen_original","707","USA",NA,"range",0.168667240976474,0.664739884393065,0.00683621256132044,"global",1,"RS_OVRLRESP=PD"
"ts_159_autogen_original","708_MISS_CREAT","USA",NA,"range",0.13156704922549,0.173584905660377,0.00332195057350819,"global",15,"RS_OVRLRESP=PD"
"ts_159_autogen_original","709_MISS_GLUC","USA",NA,"range",0.899065936255107,0.288497564630948,0.132178705177264,"global",17,"RS_OVRLRESP=PD"
"ts_159_autogen_original","710_MISS_ALT","USA",NA,"range",0.019713904815568,0.111111111111111,0,"global",21,"RS_OVRLRESP=PD"
"ts_159_autogen_original","711","USA",NA,"range",0.165149980984981,0.453488372093023,0.00621281107824427,"global",2,"RS_OVRLRESP=PD"
"ts_159_autogen_original","713","USA",NA,"range",0.0240718151231284,0.173192771084337,0,"global",8,"RS_OVRLRESP=PD"
"ts_159_autogen_original","714","USA",NA,"range",0.615404512024865,0.433136094674556,0.0669065767752584,"global",5,"RS_OVRLRESP=PD"
"ts_159_autogen_original","715","USA",NA,"range",0.0843857488059146,0.260355029585799,0,"global",5,"RS_OVRLRESP=PD"
"ts_159_autogen_original","716_MISS_GLUC","USA",NA,"range",0.5213028352838,0.226146010186757,0.0510222194507736,"global",19,"RS_OVRLRESP=PD"
"ts_159_autogen_original","717","USA",NA,"range",0.114821532282026,0.275739644970414,0.00228520216212808,"global",5,"RS_OVRLRESP=PD"
"ts_159_autogen_original","718","USA",NA,"range",0.494890134027282,0.309090909090909,0.0474698061603835,"global",9,"RS_OVRLRESP=PD"
"ts_159_autogen_original","701_MISS_ALT","USA",NA,"sd",1.59246470173284,0.300075585789871,0.388217661798018,"global",27,"RS_OVRLRESP=PD"
"ts_159_autogen_original","702","USA",NA,"sd",0.985276743179293,0.953757225433526,0.162391573883228,"global",1,"RS_OVRLRESP=PD"
"ts_159_autogen_original","703","USA",NA,"sd",0.0361708602755919,0.158951477969883,0,"global",11,"RS_OVRLRESP=PD"
"ts_159_autogen_original","704_MISS_CREAT","USA",NA,"sd",0.444742279147365,0.231012658227849,0.039901370867779,"global",16,"RS_OVRLRESP=PD"
"ts_159_autogen_original","705","USA",NA,"sd",0.410543255313197,0.26547685443391,0.0351122573463744,"global",11,"RS_OVRLRESP=PD"
"ts_159_autogen_original","706","USA",NA,"sd",0.231949076520682,0.710982658959539,0.0158563546609264,"global",1,"RS_OVRLRESP=PD"
"ts_159_autogen_original","707","USA",NA,"sd",0.0821867561873499,0.589595375722544,0,"global",1,"RS_OVRLRESP=PD"
"ts_159_autogen_original","708_MISS_CREAT","USA",NA,"sd",0.977203686670137,0.314465408805031,0.15885734367208,"global",15,"RS_OVRLRESP=PD"
"ts_159_autogen_original","709_MISS_GLUC","USA",NA,"sd",0.0568082206335462,0.14050206069689,0,"global",17,"RS_OVRLRESP=PD"
"ts_159_autogen_original","710_MISS_ALT","USA",NA,"sd",0.445298731572197,0.206349206349206,0.039901370867779,"global",21,"RS_OVRLRESP=PD"
"ts_159_autogen_original","711","USA",NA,"sd",0.0627542819093501,0.383720930232558,0,"global",2,"RS_OVRLRESP=PD"
"ts_159_autogen_original","713","USA",NA,"sd",0.222712312993594,0.259036144578313,0.0143801853732146,"global",8,"RS_OVRLRESP=PD"
"ts_159_autogen_original","714","USA",NA,"sd",0.894682958326398,0.497041420118344,0.131451379106421,"global",5,"RS_OVRLRESP=PD"
"ts_159_autogen_original","715","USA",NA,"sd",0.837829858203911,0.485207100591715,0.113675928629493,"global",5,"RS_OVRLRESP=PD"
"ts_159_autogen_original","716_MISS_GLUC","USA",NA,"sd",0.639504687901767,0.242444821731748,0.0717423811464205,"global",19,"RS_OVRLRESP=PD"
"ts_159_autogen_original","717","USA",NA,"sd",0.136828638783326,0.286390532544379,0.00332195057350819,"global",5,"RS_OVRLRESP=PD"
"ts_159_autogen_original","718","USA",NA,"sd",0.788746147414695,0.363636363636363,0.10444011112837,"global",9,"RS_OVRLRESP=PD"
"ts_159_autogen_original","701_MISS_ALT","USA",NA,"unique_value_count_relative",0.493297681569595,0.150415721844294,0.0474698061603835,"global",27,"RS_OVRLRESP=PD"
"ts_159_autogen_original","702","USA",NA,"unique_value_count_relative",0.383216751851331,0.589595375722544,0.0303129122489407,"global",1,"RS_OVRLRESP=PD"
"ts_159_autogen_original","703","USA",NA,"unique_value_count_relative",0.347072055636146,0.181260457334077,0.0276772754455865,"global",11,"RS_OVRLRESP=PD"
"ts_159_autogen_original","704_MISS_CREAT","USA",NA,"unique_value_count_relative",0.212861847269646,0.118670886075949,0.0127786261003676,"global",16,"RS_OVRLRESP=PD"
"ts_159_autogen_original","705","USA",NA,"unique_value_count_relative",0.258575909633504,0.155047406581149,0.0180230384442327,"global",11,"RS_OVRLRESP=PD"
"ts_159_autogen_original","706","USA",NA,"unique_value_count_relative",0.684246747515312,0.797687861271676,0.0786372885404652,"global",1,"RS_OVRLRESP=PD"
"ts_159_autogen_original","707","USA",NA,"unique_value_count_relative",0.532979072184663,0.710982658959538,0.0522092273767417,"global",1,"RS_OVRLRESP=PD"
"ts_159_autogen_original","708_MISS_CREAT","USA",NA,"unique_value_count_relative",1.42194988898949,0.332075471698113,0.313961745775986,"global",15,"RS_OVRLRESP=PD"
"ts_159_autogen_original","709_MISS_GLUC","USA",NA,"unique_value_count_relative",0.234250259872484,0.121393780442113,0.0158563546609264,"global",17,"RS_OVRLRESP=PD"
"ts_159_autogen_original","710_MISS_ALT","USA",NA,"unique_value_count_relative",0.894186392986034,0.226890756302521,0.131451379106421,"global",21,"RS_OVRLRESP=PD"
"ts_159_autogen_original","711","USA",NA,"unique_value_count_relative",0.383007604492652,0.418604651162791,0.0303129122489407,"global",2,"RS_OVRLRESP=PD"
"ts_159_autogen_original","713","USA",NA,"unique_value_count_relative",1.94799916140833,0.512048192771084,0.564097502571159,"global",8,"RS_OVRLRESP=PD"
"ts_159_autogen_original","714","USA",NA,"unique_value_count_relative",0.071291421275998,0.101775147928994,0,"global",5,"RS_OVRLRESP=PD"
"ts_159_autogen_original","715","USA",NA,"unique_value_count_relative",0.0142240361684768,0.0272189349112425,0,"global",5,"RS_OVRLRESP=PD"
"ts_159_autogen_original","716_MISS_GLUC","USA",NA,"unique_value_count_relative",0.0284503014924466,0.034295415959253,0,"global",19,"RS_OVRLRESP=PD"
"ts_159_autogen_original","717","USA",NA,"unique_value_count_relative",1.40976084509986,0.53846153846154,0.309412109175904,"global",5,"RS_OVRLRESP=PD"
"ts_159_autogen_original","718","USA",NA,"unique_value_count_relative",0.27383382830218,0.175757575757575,0.0187947600197699,"global",9,"RS_OVRLRESP=PD"
"ts_159_autogen_original","701_MISS_ALT","USA",NA,"autocorr",0.0562653860086363,0.133644859813084,0,"global",20,"RS_OVRLRESP=PD"
"ts_159_autogen_original","703","USA",NA,"autocorr",0.552930096614044,0.361904761904762,0.0542889065278481,"global",7,"RS_OVRLRESP=PD"
"ts_159_autogen_original","704_MISS_CREAT","USA",NA,"autocorr",0.639195818553808,0.289473684210526,0.0717346110426561,"global",13,"RS_OVRLRESP=PD"
"ts_159_autogen_original","705","USA",NA,"autocorr",0.130627300604424,0.230042016806723,0.00332195057350819,"global",8,"RS_OVRLRESP=PD"
"ts_159_autogen_original","706","USA",NA,"autocorr",0.460351044469769,0.833333333333331,0.0429776680867591,"global",1,"RS_OVRLRESP=PD"
"ts_159_autogen_original","707","USA",NA,"autocorr",0.404833716619938,0.809523809523808,0.0348270707670336,"global",1,"RS_OVRLRESP=PD"
"ts_159_autogen_original","708_MISS_CREAT","USA",NA,"autocorr",0.114135848045864,0.211864406779661,0.00228520216212808,"global",9,"RS_OVRLRESP=PD"
"ts_159_autogen_original","709_MISS_GLUC","USA",NA,"autocorr",0.75727021179247,0.308367071524966,0.0941710474384057,"global",13,"RS_OVRLRESP=PD"
"ts_159_autogen_original","710_MISS_ALT","USA",NA,"autocorr",0.336962674838865,0.236167341430499,0.0263278049748972,"global",13,"RS_OVRLRESP=PD"
"ts_159_autogen_original","711","USA",NA,"autocorr",0.626682466236294,0.888888888888887,0.0699172982608054,"global",1,"RS_OVRLRESP=PD"
"ts_159_autogen_original","713","USA",NA,"autocorr",0.598035136441858,0.396694214876033,0.0627577729738794,"global",6,"RS_OVRLRESP=PD"
"ts_159_autogen_original","714","USA",NA,"autocorr",0.17243878766318,0.30327868852459,0.00733841895147999,"global",5,"RS_OVRLRESP=PD"
"ts_159_autogen_original","715","USA",NA,"autocorr",0.210726332762871,0.318032786885246,0.0127786261003676,"global",5,"RS_OVRLRESP=PD"
"ts_159_autogen_original","716_MISS_GLUC","USA",NA,"autocorr",0.489857340038508,0.243806306306307,0.0474698061603835,"global",16,"RS_OVRLRESP=PD"
"ts_159_autogen_original","717","USA",NA,"autocorr",0.532283440379078,0.524193548387096,0.0517336358037906,"global",3,"RS_OVRLRESP=PD"
"ts_159_autogen_original","718","USA",NA,"autocorr",0.444786440194207,0.360881542699724,0.039901370867779,"global",6,"RS_OVRLRESP=PD"
"ts_159_autogen_original","701_MISS_ALT","USA",NA,"average",0.255936758162586,0.158730158730159,0.0180230384442327,"global",27,"RS_OVRLRESP=PD"
"ts_159_autogen_original","702","USA",NA,"average",1.46239799789896,0.988439306358386,0.328636981796895,"global",1,"RS_OVRLRESP=PD"
"ts_159_autogen_original","703","USA",NA,"average",0.0122849200298472,0.138315672058003,0,"global",11,"RS_OVRLRESP=PD"
"ts_159_autogen_original","704_MISS_CREAT","USA",NA,"average",0.240922205444229,0.19382911392405,0.0162282125355365,"global",16,"RS_OVRLRESP=PD"
"ts_159_autogen_original","705","USA",NA,"average",0.799041488584024,0.333519241494702,0.107178004882797,"global",11,"RS_OVRLRESP=PD"
"ts_159_autogen_original","706","USA",NA,"average",0.161368002234975,0.658959537572254,0.00582814682161542,"global",1,"RS_OVRLRESP=PD"
"ts_159_autogen_original","707","USA",NA,"average",0.183644396946127,0.676300578034683,0.00828241527458444,"global",1,"RS_OVRLRESP=PD"
"ts_159_autogen_original","708_MISS_CREAT","USA",NA,"average",1.59556633618815,0.383647798742138,0.389281308084084,"global",15,"RS_OVRLRESP=PD"
"ts_159_autogen_original","709_MISS_GLUC","USA",NA,"average",0.0600822697395663,0.142000749344324,0,"global",17,"RS_OVRLRESP=PD"
"ts_159_autogen_original","710_MISS_ALT","USA",NA,"average",0.552096701477353,0.221288515406162,0.0542889065278481,"global",21,"RS_OVRLRESP=PD"
"ts_159_autogen_original","711","USA",NA,"average",0.0754748302355776,0.395348837209303,0,"global",2,"RS_OVRLRESP=PD"
"ts_159_autogen_original","713","USA",NA,"average",0.202997907437947,0.253012048192771,0.0123218256951274,"global",8,"RS_OVRLRESP=PD"
"ts_159_autogen_original","714","USA",NA,"average",0.803337296239699,0.475739644970414,0.107807530591115,"global",5,"RS_OVRLRESP=PD"
"ts_159_autogen_original","715","USA",NA,"average",0.837829858203911,0.485207100591716,0.113675928629493,"global",5,"RS_OVRLRESP=PD"
"ts_159_autogen_original","716_MISS_GLUC","USA",NA,"average",0.0474858019666431,0.130390492359932,0,"global",19,"RS_OVRLRESP=PD"
"ts_159_autogen_original","717","USA",NA,"average",0.379737723897243,0.369230769230768,0.0303129122489407,"global",5,"RS_OVRLRESP=PD"
"ts_159_autogen_original","718","USA",NA,"average",0.177791433739154,0.232323232323233,0.00761862359049177,"global",9,"RS_OVRLRESP=PD"
"ts_159_autogen_original","701_MISS_ALT","USA",NA,"lof",0.659790490496099,0.212396069538927,0.0741029150097407,"global",27,"RS_OVRLRESP=PD"
"ts_159_autogen_original","702","USA",NA,"lof",0.11997531707675,0.624277456647399,0.00261431340245084,"global",1,"RS_OVRLRESP=PD"
"ts_159_autogen_original","703","USA",NA,"lof",0.382871725504272,0.259899609592861,0.0303129122489407,"global",11,"RS_OVRLRESP=PD"
"ts_159_autogen_original","704_MISS_CREAT","USA",NA,"lof",0.080514061879496,0.153481012658228,0,"global",16,"RS_OVRLRESP=PD"
"ts_159_autogen_original","705","USA",NA,"lof",0.260832571476243,0.233686558839933,0.0180230384442327,"global",11,"RS_OVRLRESP=PD"
"ts_159_autogen_original","706","USA",NA,"lof",1.09442121260436,0.965317919075145,0.195654360323893,"global",1,"RS_OVRLRESP=PD"
"ts_159_autogen_original","707","USA",NA,"lof",0.559308010907013,0.867052023121387,0.054843500300881,"global",1,"RS_OVRLRESP=PD"
"ts_159_autogen_original","708_MISS_CREAT","USA",NA,"lof",0.342054851321572,0.220125786163522,0.0272715884330714,"global",15,"RS_OVRLRESP=PD"
"ts_159_autogen_original","709_MISS_GLUC","USA",NA,"lof",0.174404593374657,0.174597227426002,0.00747014114452971,"global",17,"RS_OVRLRESP=PD"
"ts_159_autogen_original","710_MISS_ALT","USA",NA,"lof",0.026937640485378,0.11577964519141,0,"global",21,"RS_OVRLRESP=PD"
"ts_159_autogen_original","711","USA",NA,"lof",0.265768765310162,0.494186046511628,0.0184801259244764,"global",2,"RS_OVRLRESP=PD"
"ts_159_autogen_original","713","USA",NA,"lof",0.147019908332251,0.234939759036145,0.00352459550326491,"global",8,"RS_OVRLRESP=PD"
"ts_159_autogen_original","714","USA",NA,"lof",1.48079738083185,0.603550295857989,0.337101842700197,"global",5,"RS_OVRLRESP=PD"
"ts_159_autogen_original","715","USA",NA,"lof",2.03282788541017,0.681656804733728,0.609010337635438,"global",5,"RS_OVRLRESP=PD"
"ts_159_autogen_original","716_MISS_GLUC","USA",NA,"lof",0.284668369330311,0.188455008488964,0.0193649218462703,"global",19,"RS_OVRLRESP=PD"
"ts_159_autogen_original","717","USA",NA,"lof",0.0160242909847669,0.201183431952663,0,"global",5,"RS_OVRLRESP=PD"
"ts_159_autogen_original","718","USA",NA,"lof",0.183390332932891,0.234343434343435,0.00828241527458444,"global",9,"RS_OVRLRESP=PD"
"ts_159_autogen_original","701_MISS_ALT","USA",NA,"own_site_simil_score",1.06014866066331,0.224537037037037,0.184576427125835,"global",27,"RS_OVRLRESP=PD"
"ts_159_autogen_original","703","USA",NA,"own_site_simil_score",0.152568010929841,0.115340909090909,0.00454040971038608,"global",11,"RS_OVRLRESP=PD"
"ts_159_autogen_original","704_MISS_CREAT","USA",NA,"own_site_simil_score",0.0777159307278883,0.0665322580645162,0,"global",16,"RS_OVRLRESP=PD"
"ts_159_autogen_original","705","USA",NA,"own_site_simil_score",2.92845584274867,0.543181818181817,1.27996877448884,"global",11,"RS_OVRLRESP=PD"
"ts_159_autogen_original","708_MISS_CREAT","USA",NA,"own_site_simil_score",5.95408116771759,0.662820512820511,3.91159457326052,"global",15,"RS_OVRLRESP=PD"
"ts_159_autogen_original","709_MISS_GLUC","USA",NA,"own_site_simil_score",0.189154568437639,0.108861726508785,0.0091159361199191,"global",17,"RS_OVRLRESP=PD"
"ts_159_autogen_original","710_MISS_ALT","USA",NA,"own_site_simil_score",1.10681467458345,0.253333333333333,0.199904408625961,"global",21,"RS_OVRLRESP=PD"
"ts_159_autogen_original","711","USA",NA,"own_site_simil_score",0,1.5629858518551e-15,0,"global",2,"RS_OVRLRESP=PD"
"ts_159_autogen_original","713","USA",NA,"own_site_simil_score",0.555973370329538,0.269938650306748,0.0544000286256315,"global",8,"RS_OVRLRESP=PD"
"ts_159_autogen_original","714","USA",NA,"own_site_simil_score",0.466989076968089,0.304819277108434,0.0437147741607697,"global",5,"RS_OVRLRESP=PD"
"ts_159_autogen_original","715","USA",NA,"own_site_simil_score",0.241812824766149,0.207228915662651,0.0162282125355365,"global",5,"RS_OVRLRESP=PD"
"ts_159_autogen_original","716_MISS_GLUC","USA",NA,"own_site_simil_score",0.184512303721927,0.105263157894737,0.00828241527458444,"global",19,"RS_OVRLRESP=PD"
"ts_159_autogen_original","717","USA",NA,"own_site_simil_score",3.18433510850402,0.783132530120481,1.48299573291891,"global",5,"RS_OVRLRESP=PD"
"ts_159_autogen_original","718","USA",NA,"own_site_simil_score",0.144569270931975,0.123456790123457,0.00348560596506643,"global",9,"RS_OVRLRESP=PD"
"ts_160_autogen_original","701_MISS_ALT","USA",NA,"range",0.0789681356296088,0.123204837490552,0,"global",27,"RS_OVRLRESP=PR"
"ts_160_autogen_original","702","USA",NA,"range",1.03642926562668,0.959537572254335,0.177664419706831,"global",1,"RS_OVRLRESP=PR"
"ts_160_autogen_original","703","USA",NA,"range",0.0166604339087191,0.143335192414947,0,"global",11,"RS_OVRLRESP=PR"
"ts_160_autogen_original","704_MISS_CREAT","USA",NA,"range",1.13608770508956,0.324367088607595,0.20868588540935,"global",16,"RS_OVRLRESP=PR"
"ts_160_autogen_original","705","USA",NA,"range",0.461910502887568,0.276073619631902,0.0431110484342945,"global",11,"RS_OVRLRESP=PR"
"ts_160_autogen_original","706","USA",NA,"range",0.231949076520682,0.710982658959539,0.0158563546609264,"global",1,"RS_OVRLRESP=PR"
"ts_160_autogen_original","707","USA",NA,"range",0.371317528551624,0.791907514450867,0.029340643165178,"global",1,"RS_OVRLRESP=PR"
"ts_160_autogen_original","708_MISS_CREAT","USA",NA,"range",0.420555151660839,0.233962264150943,0.0374367428487436,"global",15,"RS_OVRLRESP=PR"
"ts_160_autogen_original","709_MISS_GLUC","USA",NA,"range",0.180567191667409,0.176095916073436,0.00764164481546719,"global",17,"RS_OVRLRESP=PR"
"ts_160_autogen_original","710_MISS_ALT","USA",NA,"range",0.335869764670478,0.189542483660131,0.0261227676149065,"global",21,"RS_OVRLRESP=PR"
"ts_160_autogen_original","711","USA",NA,"range",0.0215616863570157,0.33139534883721,0,"global",2,"RS_OVRLRESP=PR"
"ts_160_autogen_original","713","USA",NA,"range",1.04575759329629,0.426204819277109,0.17983605414108,"global",8,"RS_OVRLRESP=PR"
"ts_160_autogen_original","714","USA",NA,"range",0.538599127107629,0.414201183431952,0.0536163789163827,"global",5,"RS_OVRLRESP=PR"
"ts_160_autogen_original","715","USA",NA,"range",0.866005812413649,0.491124260355029,0.12254368140311,"global",5,"RS_OVRLRESP=PR"
"ts_160_autogen_original","716_MISS_GLUC","USA",NA,"range",0.335009143968133,0.197283531409168,0.0261080744538785,"global",19,"RS_OVRLRESP=PR"
"ts_160_autogen_original","717","USA",NA,"range",0.495418253288868,0.402366863905326,0.0474698061603835,"global",5,"RS_OVRLRESP=PR"
"ts_160_autogen_original","718","USA",NA,"range",0.080297652630377,0.197979797979798,0,"global",9,"RS_OVRLRESP=PR"
"ts_160_autogen_original","701_MISS_ALT","USA",NA,"sd",0.775986695388734,0.225245653817082,0.0995915241326591,"global",27,"RS_OVRLRESP=PR"
"ts_160_autogen_original","702","USA",NA,"sd",0.296066576132431,0.751445086705202,0.02065141776539,"global",1,"RS_OVRLRESP=PR"
"ts_160_autogen_original","703","USA",NA,"sd",0.210979564775933,0.221416620189626,0.0127786261003676,"global",11,"RS_OVRLRESP=PR"
"ts_160_autogen_original","704_MISS_CREAT","USA",NA,"sd",0.243493678609269,0.194620253164557,0.0162588930396488,"global",16,"RS_OVRLRESP=PR"
"ts_160_autogen_original","705","USA",NA,"sd",1.1750083299947,0.387060791968768,0.222300116285249,"global",11,"RS_OVRLRESP=PR"
"ts_160_autogen_original","706","USA",NA,"sd",0.898126567460395,0.942196531791911,0.131779917373013,"global",1,"RS_OVRLRESP=PR"
"ts_160_autogen_original","707","USA",NA,"sd",0.559308010907013,0.867052023121387,0.054843500300881,"global",1,"RS_OVRLRESP=PR"
"ts_160_autogen_original","708_MISS_CREAT","USA",NA,"sd",0.464968262081875,0.241509433962264,0.0434948683782901,"global",15,"RS_OVRLRESP=PR"
"ts_160_autogen_original","709_MISS_GLUC","USA",NA,"sd",0.07894424141952,0.148744848257774,0,"global",17,"RS_OVRLRESP=PR"
"ts_160_autogen_original","710_MISS_ALT","USA",NA,"sd",0.335869764670478,0.189542483660131,0.0261227676149065,"global",21,"RS_OVRLRESP=PR"
"ts_160_autogen_original","711","USA",NA,"sd",0.232589447335366,0.482558139534885,0.0158563546609264,"global",2,"RS_OVRLRESP=PR"
"ts_160_autogen_original","713","USA",NA,"sd",0.113806432293504,0.22289156626506,0.00228520216212808,"global",8,"RS_OVRLRESP=PR"
"ts_160_autogen_original","714","USA",NA,"sd",0.346820742880049,0.36094674556213,0.0276772754455865,"global",5,"RS_OVRLRESP=PR"
"ts_160_autogen_original","715","USA",NA,"sd",1.04532972583596,0.52662721893491,0.17983605414108,"global",5,"RS_OVRLRESP=PR"
"ts_160_autogen_original","716_MISS_GLUC","USA",NA,"sd",0.362534691475863,0.20169779286927,0.029340643165178,"global",19,"RS_OVRLRESP=PR"
"ts_160_autogen_original","717","USA",NA,"sd",0.182830542630783,0.305325443786982,0.00828241527458444,"global",5,"RS_OVRLRESP=PR"
"ts_160_autogen_original","718","USA",NA,"sd",0.0298074699996288,0.16969696969697,0,"global",9,"RS_OVRLRESP=PR"
"ts_160_autogen_original","701_MISS_ALT","USA",NA,"unique_value_count_relative",1.19322516932777,0.237339380196523,0.226497161854354,"global",27,"RS_OVRLRESP=PR"
"ts_160_autogen_original","702","USA",NA,"unique_value_count_relative",0.168667240976474,0.323699421965317,0.00683621256132044,"global",1,"RS_OVRLRESP=PR"
"ts_160_autogen_original","703","USA",NA,"unique_value_count_relative",0.435814660411381,0.205242610150586,0.0396215755150615,"global",11,"RS_OVRLRESP=PR"
"ts_160_autogen_original","704_MISS_CREAT","USA",NA,"unique_value_count_relative",0.11415854113328,0.0838607594936708,0.00228520216212808,"global",16,"RS_OVRLRESP=PR"
"ts_160_autogen_original","705","USA",NA,"unique_value_count_relative",0.110859913196201,0.0948131622978249,0.00161777943308151,"global",11,"RS_OVRLRESP=PR"
"ts_160_autogen_original","706","USA",NA,"unique_value_count_relative",0.0913301356272198,0.190751445086703,0.000688295915977846,"global",1,"RS_OVRLRESP=PR"
"ts_160_autogen_original","707","USA",NA,"unique_value_count_relative",0.684246747515312,0.797687861271676,0.0786372885404652,"global",1,"RS_OVRLRESP=PR"
"ts_160_autogen_original","708_MISS_CREAT","USA",NA,"unique_value_count_relative",0.440809055884126,0.181132075471698,0.039901370867779,"global",15,"RS_OVRLRESP=PR"
"ts_160_autogen_original","709_MISS_GLUC","USA",NA,"unique_value_count_relative",0.100752441202378,0.0764331210191084,0.00115487981511218,"global",17,"RS_OVRLRESP=PR"
"ts_160_autogen_original","710_MISS_ALT","USA",NA,"unique_value_count_relative",0.557308466786868,0.177404295051354,0.0547530774386631,"global",21,"RS_OVRLRESP=PR"
"ts_160_autogen_original","711","USA",NA,"unique_value_count_relative",0.139462045441516,0.226744186046511,0.00332195057350819,"global",2,"RS_OVRLRESP=PR"
"ts_160_autogen_original","713","USA",NA,"unique_value_count_relative",0.581735629146662,0.27710843373494,0.0592523678217926,"global",8,"RS_OVRLRESP=PR"
"ts_160_autogen_original","714","USA",NA,"unique_value_count_relative",0.86165161027915,0.420118343195267,0.121002207120708,"global",5,"RS_OVRLRESP=PR"
"ts_160_autogen_original","715","USA",NA,"unique_value_count_relative",0,8.04911692853238e-16,0,"global",5,"RS_OVRLRESP=PR"
"ts_160_autogen_original","716_MISS_GLUC","USA",NA,"unique_value_count_relative",0.304062322679528,0.134125636672326,0.0219632516912653,"global",19,"RS_OVRLRESP=PR"
"ts_160_autogen_original","717","USA",NA,"unique_value_count_relative",0.752355507411223,0.390532544378699,0.0938650486581982,"global",5,"RS_OVRLRESP=PR"
"ts_160_autogen_original","718","USA",NA,"unique_value_count_relative",0.0739186189619529,0.0848484848484847,0,"global",9,"RS_OVRLRESP=PR"
"ts_160_autogen_original","701_MISS_ALT","USA",NA,"average",0.03814682510123,0.109599395313681,0,"global",27,"RS_OVRLRESP=PR"
"ts_160_autogen_original","702","USA",NA,"average",0.735399269962695,0.913294797687861,0.0905163259716908,"global",1,"RS_OVRLRESP=PR"
"ts_160_autogen_original","703","USA",NA,"average",0.0791780064847343,0.179587283881762,0,"global",11,"RS_OVRLRESP=PR"
"ts_160_autogen_original","704_MISS_CREAT","USA",NA,"average",1.05494161504353,0.314873417721519,0.183473346768436,"global",16,"RS_OVRLRESP=PR"
"ts_160_autogen_original","705","USA",NA,"average",2.45385764310019,0.525934188510876,0.917395739206162,"global",11,"RS_OVRLRESP=PR"
"ts_160_autogen_original","706","USA",NA,"average",0.638489256954638,0.890173410404628,0.071533264530433,"global",1,"RS_OVRLRESP=PR"
"ts_160_autogen_original","707","USA",NA,"average",0.231949076520682,0.710982658959538,0.0158563546609264,"global",1,"RS_OVRLRESP=PR"
"ts_160_autogen_original","708_MISS_CREAT","USA",NA,"average",0.694061785394295,0.276729559748428,0.0810275884714244,"global",15,"RS_OVRLRESP=PR"
"ts_160_autogen_original","709_MISS_GLUC","USA",NA,"average",0.157562444811069,0.170850505807418,0.0053140320126,"global",17,"RS_OVRLRESP=PR"
"ts_160_autogen_original","710_MISS_ALT","USA",NA,"average",0.296420158553727,0.183006535947712,0.0206949956676701,"global",21,"RS_OVRLRESP=PR"
"ts_160_autogen_original","711","USA",NA,"average",0.153819192594938,0.447674418604652,0.00477184202022172,"global",2,"RS_OVRLRESP=PR"
"ts_160_autogen_original","713","USA",NA,"average",0.140363266371227,0.231927710843373,0.00332195057350819,"global",8,"RS_OVRLRESP=PR"
"ts_160_autogen_original","714","USA",NA,"average",0.388082014645418,0.372781065088758,0.0315970511044379,"global",5,"RS_OVRLRESP=PR"
"ts_160_autogen_original","715","USA",NA,"average",1.17368717453229,0.550295857988165,0.221674810298596,"global",5,"RS_OVRLRESP=PR"
"ts_160_autogen_original","716_MISS_GLUC","USA",NA,"average",0.362534691475863,0.20169779286927,0.029340643165178,"global",19,"RS_OVRLRESP=PR"
"ts_160_autogen_original","717","USA",NA,"average",0.0478522042147261,0.234319526627219,0,"global",5,"RS_OVRLRESP=PR"
"ts_160_autogen_original","718","USA",NA,"average",0.254085750782831,0.254545454545454,0.0175691161125611,"global",9,"RS_OVRLRESP=PR"
"ts_160_autogen_original","701_MISS_ALT","USA",NA,"lof",0.211108625329074,0.151171579743008,0.0127786261003676,"global",27,"RS_OVRLRESP=PR"
"ts_160_autogen_original","702","USA",NA,"lof",0.359735656001809,0.78612716763006,0.0291911941721303,"global",1,"RS_OVRLRESP=PR"
"ts_160_autogen_original","703","USA",NA,"lof",0.205533692506585,0.220301171221417,0.0127786261003676,"global",11,"RS_OVRLRESP=PR"
"ts_160_autogen_original","704_MISS_CREAT","USA",NA,"lof",0.574206373370389,0.251582278481012,0.0582173821409051,"global",16,"RS_OVRLRESP=PR"
"ts_160_autogen_original","705","USA",NA,"lof",1.35721003935895,0.410485220301172,0.284860277850627,"global",11,"RS_OVRLRESP=PR"
"ts_160_autogen_original","706","USA",NA,"lof",1.46239799789896,0.988439306358386,0.328636981796895,"global",1,"RS_OVRLRESP=PR"
"ts_160_autogen_original","707","USA",NA,"lof",0.421005312740731,0.815028901734104,0.0374835609480974,"global",1,"RS_OVRLRESP=PR"
"ts_160_autogen_original","708_MISS_CREAT","USA",NA,"lof",0.0655785284367069,0.152201257861635,0,"global",15,"RS_OVRLRESP=PR"
"ts_160_autogen_original","709_MISS_GLUC","USA",NA,"lof",0.285634114781417,0.197826901461221,0.0193649218462703,"global",17,"RS_OVRLRESP=PR"
"ts_160_autogen_original","710_MISS_ALT","USA",NA,"lof",0.213311256828623,0.168067226890757,0.0127786261003676,"global",21,"RS_OVRLRESP=PR"
"ts_160_autogen_original","711","USA",NA,"lof",0.0974441562379336,0.412790697674419,0.00113196051351849,"global",2,"RS_OVRLRESP=PR"
"ts_160_autogen_original","713","USA",NA,"lof",0.283040675908553,0.275602409638554,0.0192030838987461,"global",8,"RS_OVRLRESP=PR"
"ts_160_autogen_original","714","USA",NA,"lof",0.0820997744849786,0.257988165680473,0,"global",5,"RS_OVRLRESP=PR"
"ts_160_autogen_original","715","USA",NA,"lof",0.0554362824682654,0.240236686390533,0,"global",5,"RS_OVRLRESP=PR"
"ts_160_autogen_original","716_MISS_GLUC","USA",NA,"lof",1.2363859232653,0.312054329371817,0.238608248775343,"global",19,"RS_OVRLRESP=PR"
"ts_160_autogen_original","717","USA",NA,"lof",0.326822435730121,0.355029585798816,0.0257595575184066,"global",5,"RS_OVRLRESP=PR"
"ts_160_autogen_original","718","USA",NA,"lof",0.0909675986027524,0.202020202020202,0.00060134604173263,"global",9,"RS_OVRLRESP=PR"
"ts_160_autogen_original","701_MISS_ALT","USA",NA,"own_site_simil_score",1.91853503108244,0.303240740740741,0.552594552792583,"global",27,"RS_OVRLRESP=PR"
"ts_160_autogen_original","703","USA",NA,"own_site_simil_score",0.912404089966812,0.302840909090909,0.135134228046646,"global",11,"RS_OVRLRESP=PR"
"ts_160_autogen_original","704_MISS_CREAT","USA",NA,"own_site_simil_score",2.46734003675325,0.425403225806452,0.926486846893249,"global",16,"RS_OVRLRESP=PR"
"ts_160_autogen_original","705","USA",NA,"own_site_simil_score",2.55264353843128,0.507954545454544,0.993767244438004,"global",11,"RS_OVRLRESP=PR"
"ts_160_autogen_original","708_MISS_CREAT","USA",NA,"own_site_simil_score",7.11849862440351,0.717948717948716,4.98948405273211,"global",15,"RS_OVRLRESP=PR"
"ts_160_autogen_original","709_MISS_GLUC","USA",NA,"own_site_simil_score",0.286222824574419,0.13598166539343,0.0193649218462703,"global",17,"RS_OVRLRESP=PR"
"ts_160_autogen_original","710_MISS_ALT","USA",NA,"own_site_simil_score",4.00828511822129,0.481904761904761,2.19663205764436,"global",21,"RS_OVRLRESP=PR"
"ts_160_autogen_original","711","USA",NA,"own_site_simil_score",0,-1.9897278269454e-15,0,"global",2,"RS_OVRLRESP=PR"
"ts_160_autogen_original","713","USA",NA,"own_site_simil_score",0.268257611382033,0.182515337423314,0.0187947600197699,"global",8,"RS_OVRLRESP=PR"
"ts_160_autogen_original","714","USA",NA,"own_site_simil_score",0.170880580520999,0.174698795180723,0.0070680119406515,"global",5,"RS_OVRLRESP=PR"
"ts_160_autogen_original","715","USA",NA,"own_site_simil_score",0.657234981886308,0.363855421686747,0.0741029150097407,"global",5,"RS_OVRLRESP=PR"
"ts_160_autogen_original","716_MISS_GLUC","USA",NA,"own_site_simil_score",0.0654148623224596,0.0592105263157895,0,"global",19,"RS_OVRLRESP=PR"
"ts_160_autogen_original","717","USA",NA,"own_site_simil_score",0.548447133604901,0.331325301204819,0.0542889065278481,"global",5,"RS_OVRLRESP=PR"
"ts_160_autogen_original","718","USA",NA,"own_site_simil_score",2.6054567496109,0.56172839506173,1.0344511425208,"global",9,"RS_OVRLRESP=PR"
"ts_160_autogen_original","701_MISS_ALT","USA",NA,"autocorr",0.0280768483890669,0.142857142857143,0,"global",14,"RS_OVRLRESP=PR"
"ts_160_autogen_original","703","USA",NA,"autocorr",0.0709099904628553,0.258823529411765,0,"global",5,"RS_OVRLRESP=PR"
"ts_160_autogen_original","704_MISS_CREAT","USA",NA,"autocorr",0.280100129928766,0.321428571428572,0.0187947600197699,"global",6,"RS_OVRLRESP=PR"
"ts_160_autogen_original","705","USA",NA,"autocorr",0.607633514106012,0.376936316695353,0.0642539338556346,"global",7,"RS_OVRLRESP=PR"
"ts_160_autogen_original","706","USA",NA,"autocorr",1.05115252244738,0.966292134831462,0.181143254678275,"global",1,"RS_OVRLRESP=PR"
"ts_160_autogen_original","708_MISS_CREAT","USA",NA,"autocorr",0.756207701164514,0.44047619047619,0.0941657773319023,"global",6,"RS_OVRLRESP=PR"
"ts_160_autogen_original","709_MISS_GLUC","USA",NA,"autocorr",0.494819642176047,0.320987654320988,0.0474698061603835,"global",9,"RS_OVRLRESP=PR"
"ts_160_autogen_original","710_MISS_ALT","USA",NA,"autocorr",0.0399415049211148,0.185185185185185,0,"global",9,"RS_OVRLRESP=PR"
"ts_160_autogen_original","711","USA",NA,"autocorr",0.330993219041424,0.775280898876406,0.0257595575184066,"global",1,"RS_OVRLRESP=PR"
"ts_160_autogen_original","713","USA",NA,"autocorr",0.205214662369237,0.297619047619047,0.0127786261003676,"global",6,"RS_OVRLRESP=PR"
"ts_160_autogen_original","714","USA",NA,"autocorr",1.33778469741072,0.645348837209303,0.277468765896005,"global",4,"RS_OVRLRESP=PR"
"ts_160_autogen_original","715","USA",NA,"autocorr",0.498713235831531,0.411764705882353,0.0481011259817699,"global",5,"RS_OVRLRESP=PR"
"ts_160_autogen_original","716_MISS_GLUC","USA",NA,"autocorr",0.264113468510151,0.240506329113924,0.0182505715710939,"global",11,"RS_OVRLRESP=PR"
"ts_160_autogen_original","717","USA",NA,"autocorr",0.0187239219216303,0.329545454545455,0,"global",2,"RS_OVRLRESP=PR"
"ts_160_autogen_original","718","USA",NA,"autocorr",0.193324115842315,0.348837209302326,0.00933904560619391,"global",4,"RS_OVRLRESP=PR"
"ts_161_autogen_original","701_MISS_ALT","USA",NA,"range",0.0789681356296088,0.123204837490552,0,"global",27,"RS_OVRLRESP=SD"
"ts_161_autogen_original","702","USA",NA,"range",0.985276743179293,0.953757225433526,0.162391573883228,"global",1,"RS_OVRLRESP=SD"
"ts_161_autogen_original","703","USA",NA,"range",0.565673941102825,0.295036252091467,0.0567569904181668,"global",11,"RS_OVRLRESP=SD"
"ts_161_autogen_original","704_MISS_CREAT","USA",NA,"range",0.859725730803666,0.291139240506329,0.121002207120708,"global",16,"RS_OVRLRESP=SD"
"ts_161_autogen_original","705","USA",NA,"range",0.772982898424165,0.329615170105968,0.0982747251123047,"global",11,"RS_OVRLRESP=SD"
"ts_161_autogen_original","706","USA",NA,"range",0.0530285274461366,0.560693641618497,0,"global",1,"RS_OVRLRESP=SD"
"ts_161_autogen_original","707","USA",NA,"range",0.296066576132431,0.751445086705204,0.02065141776539,"global",1,"RS_OVRLRESP=SD"
"ts_161_autogen_original","708_MISS_CREAT","USA",NA,"range",0.329836077240415,0.217610062893082,0.0257595575184066,"global",15,"RS_OVRLRESP=SD"
"ts_161_autogen_original","709_MISS_GLUC","USA",NA,"range",1.0318332561937,0.304233795429,0.175902915313028,"global",17,"RS_OVRLRESP=SD"
"ts_161_autogen_original","710_MISS_ALT","USA",NA,"range",0.147012241133911,0.15406162464986,0.00352459550326491,"global",21,"RS_OVRLRESP=SD"
"ts_161_autogen_original","711","USA",NA,"range",0.232589447335366,0.482558139534885,0.0158563546609264,"global",2,"RS_OVRLRESP=SD"
"ts_161_autogen_original","713","USA",NA,"range",0.409387693446731,0.307228915662651,0.0348270707670336,"global",8,"RS_OVRLRESP=SD"
"ts_161_autogen_original","714","USA",NA,"range",0.326822435730121,0.355029585798816,0.0257595575184066,"global",5,"RS_OVRLRESP=SD"
"ts_161_autogen_original","715","USA",NA,"range",0.538599127107629,0.414201183431952,0.0536163789163827,"global",5,"RS_OVRLRESP=SD"
"ts_161_autogen_original","716_MISS_GLUC","USA",NA,"range",0.289720653264564,0.189473684210526,0.0196327455407087,"global",19,"RS_OVRLRESP=SD"
"ts_161_autogen_original","717","USA",NA,"range",1.10873084943587,0.538461538461538,0.200812053860827,"global",5,"RS_OVRLRESP=SD"
"ts_161_autogen_original","718","USA",NA,"range",0.525173268078727,0.315151515151515,0.0513864651194795,"global",9,"RS_OVRLRESP=SD"
"ts_161_autogen_original","701_MISS_ALT","USA",NA,"sd",0.376002472255403,0.17687074829932,0.0300695386140517,"global",27,"RS_OVRLRESP=SD"
"ts_161_autogen_original","702","USA",NA,"sd",0.348454645592119,0.780346820809249,0.0279115634635709,"global",1,"RS_OVRLRESP=SD"
"ts_161_autogen_original","703","USA",NA,"sd",0.0393785205641332,0.160624651422197,0,"global",11,"RS_OVRLRESP=SD"
"ts_161_autogen_original","704_MISS_CREAT","USA",NA,"sd",0.222782130423002,0.190664556962025,0.0143801853732146,"global",16,"RS_OVRLRESP=SD"
"ts_161_autogen_original","705","USA",NA,"sd",0.852728510281795,0.341885108756274,0.118220771444035,"global",11,"RS_OVRLRESP=SD"
"ts_161_autogen_original","706","USA",NA,"sd",0.0644579892269187,0.572254335260116,0,"global",1,"RS_OVRLRESP=SD"
"ts_161_autogen_original","707","USA",NA,"sd",0.183644396946127,0.676300578034683,0.00828241527458444,"global",1,"RS_OVRLRESP=SD"
"ts_161_autogen_original","708_MISS_CREAT","USA",NA,"sd",0.551189104054207,0.255345911949686,0.0542889065278481,"global",15,"RS_OVRLRESP=SD"
"ts_161_autogen_original","709_MISS_GLUC","USA",NA,"sd",0.940562233147633,0.293368302735107,0.145805733633966,"global",17,"RS_OVRLRESP=SD"
"ts_161_autogen_original","710_MISS_ALT","USA",NA,"sd",0.171803494687488,0.159663865546218,0.00713394303342167,"global",21,"RS_OVRLRESP=SD"
"ts_161_autogen_original","711","USA",NA,"sd",0.18980973900889,0.465116279069767,0.00933904560619391,"global",2,"RS_OVRLRESP=SD"
"ts_161_autogen_original","713","USA",NA,"sd",0.399872531243293,0.30421686746988,0.0330014995030569,"global",8,"RS_OVRLRESP=SD"
"ts_161_autogen_original","714","USA",NA,"sd",0.495418253288868,0.402366863905325,0.0474698061603835,"global",5,"RS_OVRLRESP=SD"
"ts_161_autogen_original","715","USA",NA,"sd",0.150285712873598,0.292307692307692,0.00417713178207221,"global",5,"RS_OVRLRESP=SD"
"ts_161_autogen_original","716_MISS_GLUC","USA",NA,"sd",0.273557851241569,0.18641765704584,0.0187947600197699,"global",19,"RS_OVRLRESP=SD"
"ts_161_autogen_original","717","USA",NA,"sd",0.367257145409397,0.366863905325444,0.029340643165178,"global",5,"RS_OVRLRESP=SD"
"ts_161_autogen_original","718","USA",NA,"sd",0.837646436781244,0.371717171717172,0.113627109557789,"global",9,"RS_OVRLRESP=SD"
"ts_161_autogen_original","701_MISS_ALT","USA",NA,"unique_value_count_relative",0.696030839108295,0.17989417989418,0.0817189336031802,"global",27,"RS_OVRLRESP=SD"
"ts_161_autogen_original","702","USA",NA,"unique_value_count_relative",0.389290899563525,0.595375722543353,0.0316401023217475,"global",1,"RS_OVRLRESP=SD"
"ts_161_autogen_original","703","USA",NA,"unique_value_count_relative",0.0277013811961788,0.0418293363078639,0,"global",11,"RS_OVRLRESP=SD"
"ts_161_autogen_original","704_MISS_CREAT","USA",NA,"unique_value_count_relative",0.237635433487969,0.126582278481013,0.0158798355903431,"global",16,"RS_OVRLRESP=SD"
"ts_161_autogen_original","705","USA",NA,"unique_value_count_relative",0.752777317125623,0.274400446179588,0.0938650486581982,"global",11,"RS_OVRLRESP=SD"
"ts_161_autogen_original","706","USA",NA,"unique_value_count_relative",0.401700157545344,0.606936416184971,0.0335773161187589,"global",1,"RS_OVRLRESP=SD"
"ts_161_autogen_original","707","USA",NA,"unique_value_count_relative",0.123277952626836,0.248554913294796,0.00310582019373197,"global",1,"RS_OVRLRESP=SD"
"ts_161_autogen_original","708_MISS_CREAT","USA",NA,"unique_value_count_relative",0.564682031039675,0.206289308176101,0.0567128260417004,"global",15,"RS_OVRLRESP=SD"
"ts_161_autogen_original","709_MISS_GLUC","USA",NA,"unique_value_count_relative",0.0602684946633941,0.0573248407643315,0,"global",17,"RS_OVRLRESP=SD"
"ts_161_autogen_original","710_MISS_ALT","USA",NA,"unique_value_count_relative",0.771090474929942,0.210084033613445,0.0982747251123047,"global",21,"RS_OVRLRESP=SD"
"ts_161_autogen_original","711","USA",NA,"unique_value_count_relative",0.361589354775429,0.406976744186047,0.029340643165178,"global",2,"RS_OVRLRESP=SD"
"ts_161_autogen_original","713","USA",NA,"unique_value_count_relative",0.535505395809673,0.265060240963855,0.0525096332519319,"global",8,"RS_OVRLRESP=SD"
"ts_161_autogen_original","714","USA",NA,"unique_value_count_relative",0.318399092454067,0.244970414201183,0.0245505970495972,"global",5,"RS_OVRLRESP=SD"
"ts_161_autogen_original","715","USA",NA,"unique_value_count_relative",0.0625845107132774,0.0946745562130179,0,"global",5,"RS_OVRLRESP=SD"
"ts_161_autogen_original","716_MISS_GLUC","USA",NA,"unique_value_count_relative",0.120426793205466,0.0808149405772495,0.00271953608245316,"global",19,"RS_OVRLRESP=SD"
"ts_161_autogen_original","717","USA",NA,"unique_value_count_relative",0.948859511484285,0.440236686390533,0.148585197440925,"global",5,"RS_OVRLRESP=SD"
"ts_161_autogen_original","718","USA",NA,"unique_value_count_relative",0.876991686945432,0.325252525252525,0.12450217047898,"global",9,"RS_OVRLRESP=SD"
"ts_161_autogen_original","701_MISS_ALT","USA",NA,"autocorr",0.256781988467716,0.214285714285714,0.0180230384442327,"global",15,"RS_OVRLRESP=SD"
"ts_161_autogen_original","703","USA",NA,"autocorr",0.240245389115057,0.367283950617284,0.0162282125355365,"global",4,"RS_OVRLRESP=SD"
"ts_161_autogen_original","704_MISS_CREAT","USA",NA,"autocorr",0.514172197488704,0.337662337662337,0.0499822263486836,"global",8,"RS_OVRLRESP=SD"
"ts_161_autogen_original","705","USA",NA,"autocorr",0.321779375088506,0.451219512195122,0.0255224920387841,"global",3,"RS_OVRLRESP=SD"
"ts_161_autogen_original","706","USA",NA,"autocorr",0.397940008672038,0.809523809523809,0.0330014995030569,"global",1,"RS_OVRLRESP=SD"
"ts_161_autogen_original","707","USA",NA,"autocorr",0.850237679666669,0.940476190476189,0.117573456717909,"global",1,"RS_OVRLRESP=SD"
"ts_161_autogen_original","708_MISS_CREAT","USA",NA,"autocorr",0.0137057585415273,0.173992673992674,0,"global",7,"RS_OVRLRESP=SD"
"ts_161_autogen_original","709_MISS_GLUC","USA",NA,"autocorr",0.440201499650659,0.281326781326781,0.039901370867779,"global",11,"RS_OVRLRESP=SD"
"ts_161_autogen_original","710_MISS_ALT","USA",NA,"autocorr",0.0041557998574524,0.138888888888889,0,"global",9,"RS_OVRLRESP=SD"
"ts_161_autogen_original","713","USA",NA,"autocorr",0.20933346595144,0.325,0.0127786261003676,"global",5,"RS_OVRLRESP=SD"
"ts_161_autogen_original","714","USA",NA,"autocorr",0.830569761875154,0.609756097560975,0.112386769897496,"global",3,"RS_OVRLRESP=SD"
"ts_161_autogen_original","715","USA",NA,"autocorr",0.308999739600514,0.447154471544716,0.022759328306699,"global",3,"RS_OVRLRESP=SD"
"ts_161_autogen_original","716_MISS_GLUC","USA",NA,"autocorr",0.25014469718971,0.238329238329238,0.0164431198716943,"global",11,"RS_OVRLRESP=SD"
"ts_161_autogen_original","717","USA",NA,"autocorr",0.359543617757732,0.542168674698795,0.0291633813290367,"global",2,"RS_OVRLRESP=SD"
"ts_161_autogen_original","718","USA",NA,"autocorr",1.35954361775773,0.867469879518073,0.286893618088884,"global",2,"RS_OVRLRESP=SD"
"ts_161_autogen_original","701_MISS_ALT","USA",NA,"average",0.245940368204163,0.157218442932729,0.0162588930396488,"global",27,"RS_OVRLRESP=SD"
"ts_161_autogen_original","702","USA",NA,"average",0.684246747515312,0.901734104046243,0.0786372885404652,"global",1,"RS_OVRLRESP=SD"
"ts_161_autogen_original","703","USA",NA,"average",0.213644023219915,0.221974344673731,0.0127786261003676,"global",11,"RS_OVRLRESP=SD"
"ts_161_autogen_original","704_MISS_CREAT","USA",NA,"average",0.00154936233313194,0.0973101265822785,0,"global",16,"RS_OVRLRESP=SD"
"ts_161_autogen_original","705","USA",NA,"average",0.361872816927286,0.255995538204127,0.029340643165178,"global",11,"RS_OVRLRESP=SD"
"ts_161_autogen_original","706","USA",NA,"average",0.0204411602425447,0.526011560693642,0,"global",1,"RS_OVRLRESP=SD"
"ts_161_autogen_original","707","USA",NA,"average",0.147127563120365,0.647398843930637,0.00352459550326491,"global",1,"RS_OVRLRESP=SD"
"ts_161_autogen_original","708_MISS_CREAT","USA",NA,"average",0.174574882388374,0.184905660377358,0.00747014114452971,"global",15,"RS_OVRLRESP=SD"
"ts_161_autogen_original","709_MISS_GLUC","USA",NA,"average",0.691340927079338,0.261521168977145,0.0802779068812992,"global",17,"RS_OVRLRESP=SD"
"ts_161_autogen_original","710_MISS_ALT","USA",NA,"average",0.623245109592378,0.23062558356676,0.069657784557829,"global",21,"RS_OVRLRESP=SD"
"ts_161_autogen_original","711","USA",NA,"average",0.0326177220770406,0.348837209302326,0,"global",2,"RS_OVRLRESP=SD"
"ts_161_autogen_original","713","USA",NA,"average",0.378926373634577,0.299698795180723,0.0303129122489407,"global",8,"RS_OVRLRESP=SD"
"ts_161_autogen_original","714","USA",NA,"average",0.111935486328497,0.274556213017752,0.00182444801948498,"global",5,"RS_OVRLRESP=SD"
"ts_161_autogen_original","715","USA",NA,"average",0.227009404352783,0.32189349112426,0.0148866203951175,"global",5,"RS_OVRLRESP=SD"
"ts_161_autogen_original","716_MISS_GLUC","USA",NA,"average",0.384257600775992,0.205432937181664,0.0305351876487045,"global",19,"RS_OVRLRESP=SD"
"ts_161_autogen_original","717","USA",NA,"average",0.45221403998367,0.390532544378698,0.0413675649983529,"global",5,"RS_OVRLRESP=SD"
"ts_161_autogen_original","718","USA",NA,"average",0.337353757050651,0.274747474747474,0.0263278049748972,"global",9,"RS_OVRLRESP=SD"
"ts_161_autogen_original","701_MISS_ALT","USA",NA,"lof",0.0134930751282812,0.0959939531368103,0,"global",27,"RS_OVRLRESP=SD"
"ts_161_autogen_original","702","USA",NA,"lof",0.088260903899543,0.595375722543353,0,"global",1,"RS_OVRLRESP=SD"
"ts_161_autogen_original","703","USA",NA,"lof",0.25786953031224,0.233128834355828,0.0180230384442327,"global",11,"RS_OVRLRESP=SD"
"ts_161_autogen_original","704_MISS_CREAT","USA",NA,"lof",0.0209757072753286,0.125,0,"global",16,"RS_OVRLRESP=SD"
"ts_161_autogen_original","705","USA",NA,"lof",0.920487287695487,0.351924149470161,0.138533687447893,"global",11,"RS_OVRLRESP=SD"
"ts_161_autogen_original","706","USA",NA,"lof",0.0821867561873499,0.589595375722544,0,"global",1,"RS_OVRLRESP=SD"
"ts_161_autogen_original","707","USA",NA,"lof",0.684246747515312,0.901734104046243,0.0786372885404652,"global",1,"RS_OVRLRESP=SD"
"ts_161_autogen_original","708_MISS_CREAT","USA",NA,"lof",1.45031272230732,0.368553459119497,0.32313225016506,"global",15,"RS_OVRLRESP=SD"
"ts_161_autogen_original","709_MISS_GLUC","USA",NA,"lof",0.426631555178793,0.222180591982016,0.0383663047421031,"global",17,"RS_OVRLRESP=SD"
"ts_161_autogen_original","710_MISS_ALT","USA",NA,"lof",0.0107829094136204,0.103641456582633,0,"global",21,"RS_OVRLRESP=SD"
"ts_161_autogen_original","711","USA",NA,"lof",0.421690500074922,0.569767441860465,0.0376769084993657,"global",2,"RS_OVRLRESP=SD"
"ts_161_autogen_original","713","USA",NA,"lof",0.640099395909285,0.355421686746988,0.0717423811464205,"global",8,"RS_OVRLRESP=SD"
"ts_161_autogen_original","714","USA",NA,"lof",0.615404512024865,0.433136094674556,0.0669065767752584,"global",5,"RS_OVRLRESP=SD"
"ts_161_autogen_original","715","USA",NA,"lof",0.569065146779858,0.421301775147928,0.0574163430726295,"global",5,"RS_OVRLRESP=SD"
"ts_161_autogen_original","716_MISS_GLUC","USA",NA,"lof",0.456778097049359,0.216638370118846,0.042048880852773,"global",19,"RS_OVRLRESP=SD"
"ts_161_autogen_original","717","USA",NA,"lof",0.524612760098139,0.409467455621302,0.0513276103929132,"global",5,"RS_OVRLRESP=SD"
"ts_161_autogen_original","718","USA",NA,"lof",0.231518082682389,0.248484848484849,0.0158563067327168,"global",9,"RS_OVRLRESP=SD"
"ts_161_autogen_original","701_MISS_ALT","USA",NA,"own_site_simil_score",1.48173464489206,0.266203703703704,0.337101842700197,"global",27,"RS_OVRLRESP=SD"
"ts_161_autogen_original","703","USA",NA,"own_site_simil_score",0.280829034529934,0.1625,0.0187947600197699,"global",11,"RS_OVRLRESP=SD"
"ts_161_autogen_original","704_MISS_CREAT","USA",NA,"own_site_simil_score",5.2080891208213,0.608467741935485,3.22569083050283,"global",16,"RS_OVRLRESP=SD"
"ts_161_autogen_original","705","USA",NA,"own_site_simil_score",6.80970534142375,0.790340909090907,4.7039918471612,"global",11,"RS_OVRLRESP=SD"
"ts_161_autogen_original","708_MISS_CREAT","USA",NA,"own_site_simil_score",1.49711092727328,0.34102564102564,0.341163971781099,"global",15,"RS_OVRLRESP=SD"
"ts_161_autogen_original","709_MISS_GLUC","USA",NA,"own_site_simil_score",0.061872531747181,0.0584415584415585,0,"global",17,"RS_OVRLRESP=SD"
"ts_161_autogen_original","710_MISS_ALT","USA",NA,"own_site_simil_score",5.77865097654087,0.572380952380952,3.74722980823396,"global",21,"RS_OVRLRESP=SD"
"ts_161_autogen_original","711","USA",NA,"own_site_simil_score",0.517976446638608,0.476331360946744,0.0503468248581905,"global",2,"RS_OVRLRESP=SD"
"ts_161_autogen_original","713","USA",NA,"own_site_simil_score",0,1.74339709335669e-15,0,"global",8,"RS_OVRLRESP=SD"
"ts_161_autogen_original","714","USA",NA,"own_site_simil_score",0.0478703540002552,0.0783132530120482,0,"global",5,"RS_OVRLRESP=SD"
"ts_161_autogen_original","715","USA",NA,"own_site_simil_score",0.00266958582492123,0.00602409638554217,0,"global",5,"RS_OVRLRESP=SD"
"ts_161_autogen_original","716_MISS_GLUC","USA",NA,"own_site_simil_score",0.336835934387862,0.144736842105263,0.0263278049748972,"global",19,"RS_OVRLRESP=SD"
"ts_161_autogen_original","717","USA",NA,"own_site_simil_score",4.6396594119813,0.897590361445781,2.72064153573957,"global",5,"RS_OVRLRESP=SD"
"ts_161_autogen_original","718","USA",NA,"own_site_simil_score",6.20601108837941,0.82098765432099,4.14637906416433,"global",9,"RS_OVRLRESP=SD"
"ts_162_autogen_original","701_MISS_ALT","USA",NA,"range",0.318538207244008,0.149013417521705,0.0245505970495972,"global",35,"VS_DIABP"
"ts_162_autogen_original","702","USA",NA,"range",0.0696359281413944,0.576744186046513,0,"global",1,"VS_DIABP"
"ts_162_autogen_original","703","USA",NA,"range",2.42660978401578,0.468882602545968,0.894495208533439,"global",14,"VS_DIABP"
"ts_162_autogen_original","704_MISS_CREAT","USA",NA,"range",5.32338045625909,0.537958999774723,3.33607483144588,"global",23,"VS_DIABP"
"ts_162_autogen_original","705","USA",NA,"range",0.0613254070895276,0.166666666666667,0,"global",12,"VS_DIABP"
"ts_162_autogen_original","706","USA",NA,"range",0.140036223940662,0.439252336448598,0.00332195057350819,"global",2,"VS_DIABP"
"ts_162_autogen_original","707","USA",NA,"range",0.188325715472693,0.679069767441859,0.00897002777078796,"global",1,"VS_DIABP"
"ts_162_autogen_original","708_MISS_CREAT","USA",NA,"range",3.07027517334757,0.445918367346939,1.38890687869308,"global",20,"VS_DIABP"
"ts_162_autogen_original","709_MISS_GLUC","USA",NA,"range",0.176724161936516,0.171717171717172,0.00761862359049177,"global",18,"VS_DIABP"
"ts_162_autogen_original","710_MISS_ALT","USA",NA,"range",1.83078064051653,0.323141361256544,0.505420230644512,"global",25,"VS_DIABP"
"ts_162_autogen_original","711","USA",NA,"range",0.76321409257958,0.586854460093897,0.0960075248542782,"global",3,"VS_DIABP"
"ts_162_autogen_original","713","USA",NA,"range",0.619930479382402,0.333333333333333,0.0686642955332687,"global",9,"VS_DIABP"
"ts_162_autogen_original","714","USA",NA,"range",0.541142993514695,0.412322274881517,0.0540782345237562,"global",5,"VS_DIABP"
"ts_162_autogen_original","715","USA",NA,"range",3.2745057138326,0.76190476190476,1.55490502127318,"global",6,"VS_DIABP"
"ts_162_autogen_original","716_MISS_GLUC","USA",NA,"range",2.0521104580852,0.351655778328453,0.618632714911425,"global",23,"VS_DIABP"
"ts_162_autogen_original","717","USA",NA,"range",0.696024277027313,0.38755980861244,0.0817189336031802,"global",7,"VS_DIABP"
"ts_162_autogen_original","718","USA",NA,"range",1.73133344694248,0.43627450980392,0.455163733520328,"global",12,"VS_DIABP"
"ts_162_autogen_original","701_MISS_ALT","USA",NA,"sd",0.266461469951297,0.142067876874507,0.0187947600197699,"global",35,"VS_DIABP"
"ts_162_autogen_original","702","USA",NA,"sd",0.00811789022217925,0.511627906976745,0,"global",1,"VS_DIABP"
"ts_162_autogen_original","703","USA",NA,"sd",2.33339463386994,0.461103253182461,0.823267062104122,"global",14,"VS_DIABP"
"ts_162_autogen_original","704_MISS_CREAT","USA",NA,"sd",3.75977256160537,0.460238792520837,1.97099906489609,"global",23,"VS_DIABP"
"ts_162_autogen_original","705","USA",NA,"sd",0.112919461537382,0.186274509803921,0.00212403578071436,"global",12,"VS_DIABP"
"ts_162_autogen_original","706","USA",NA,"sd",0.0149167840650758,0.317757009345794,0,"global",2,"VS_DIABP"
"ts_162_autogen_original","707","USA",NA,"sd",0.325853579389014,0.767441860465114,0.0257595575184066,"global",1,"VS_DIABP"
"ts_162_autogen_original","708_MISS_CREAT","USA",NA,"sd",4.28739625023498,0.51734693877551,2.43115491466413,"global",20,"VS_DIABP"
"ts_162_autogen_original","709_MISS_GLUC","USA",NA,"sd",0.636186832802389,0.247474747474747,0.0711363129127611,"global",18,"VS_DIABP"
"ts_162_autogen_original","710_MISS_ALT","USA",NA,"sd",0.688509590868773,0.218848167539267,0.079354689908099,"global",25,"VS_DIABP"
"ts_162_autogen_original","711","USA",NA,"sd",1.34040321385908,0.72300469483568,0.277468765896005,"global",3,"VS_DIABP"
"ts_162_autogen_original","713","USA",NA,"sd",1.66945513277069,0.48792270531401,0.423761011321089,"global",9,"VS_DIABP"
"ts_162_autogen_original","714","USA",NA,"sd",0.673018465251132,0.445497630331754,0.0767192973345316,"global",5,"VS_DIABP"
"ts_162_autogen_original","715","USA",NA,"sd",2.40880909157572,0.676190476190475,0.882930645798743,"global",6,"VS_DIABP"
"ts_162_autogen_original","716_MISS_GLUC","USA",NA,"sd",1.36134987963055,0.295562063527821,0.286893618088884,"global",23,"VS_DIABP"
"ts_162_autogen_original","717","USA",NA,"sd",0.659550666002565,0.379357484620643,0.0741029150097407,"global",7,"VS_DIABP"
"ts_162_autogen_original","718","USA",NA,"sd",1.13879061971446,0.367647058823529,0.209168384507587,"global",12,"VS_DIABP"
"ts_162_autogen_original","701_MISS_ALT","USA",NA,"unique_value_count_relative",0.00278438982003605,0.00552486187845538,0,"global",35,"VS_DIABP"
"ts_162_autogen_original","702","USA",NA,"unique_value_count_relative",0.15836249209525,0.306976744186048,0.00540555925154543,"global",1,"VS_DIABP"
"ts_162_autogen_original","703","USA",NA,"unique_value_count_relative",1.67731173014042,0.368458274398868,0.424215769565139,"global",14,"VS_DIABP"
"ts_162_autogen_original","704_MISS_CREAT","USA",NA,"unique_value_count_relative",0.607031589278949,0.176165803108808,0.0642539338556346,"global",23,"VS_DIABP"
"ts_162_autogen_original","705","USA",NA,"unique_value_count_relative",4.07028654022809,0.607843137254903,2.2424013596713,"global",12,"VS_DIABP"
"ts_162_autogen_original","706","USA",NA,"unique_value_count_relative",0.238044980922281,0.322429906542056,0.0159612458748136,"global",2,"VS_DIABP"
"ts_162_autogen_original","707","USA",NA,"unique_value_count_relative",0.610177881550143,0.758139534883721,0.0656405888492274,"global",1,"VS_DIABP"
"ts_162_autogen_original","708_MISS_CREAT","USA",NA,"unique_value_count_relative",0.291408203862969,0.127551020408163,0.0197314417946409,"global",20,"VS_DIABP"
"ts_162_autogen_original","709_MISS_GLUC","USA",NA,"unique_value_count_relative",1.13409260921905,0.272727272727273,0.207892125765607,"global",18,"VS_DIABP"
"ts_162_autogen_original","710_MISS_ALT","USA",NA,"unique_value_count_relative",1.51878324036686,0.272251308900523,0.351171075793816,"global",25,"VS_DIABP"
"ts_162_autogen_original","711","USA",NA,"unique_value_count_relative",0.530418206150761,0.408450704225352,0.0515067476225393,"global",3,"VS_DIABP"
"ts_162_autogen_original","713","USA",NA,"unique_value_count_relative",6.72038703512716,0.840579710144927,4.62110765087002,"global",9,"VS_DIABP"
"ts_162_autogen_original","714","USA",NA,"unique_value_count_relative",1.09945048464825,0.4739336492891,0.197844136329266,"global",5,"VS_DIABP"
"ts_162_autogen_original","715","USA",NA,"unique_value_count_relative",0,2.19269047363468e-15,0,"global",6,"VS_DIABP"
"ts_162_autogen_original","716_MISS_GLUC","USA",NA,"unique_value_count_relative",1.02600027038421,0.231133138094166,0.174221442903659,"global",23,"VS_DIABP"
"ts_162_autogen_original","717","USA",NA,"unique_value_count_relative",0.749845373303103,0.334928229665072,0.0938650486581982,"global",7,"VS_DIABP"
"ts_162_autogen_original","718","USA",NA,"unique_value_count_relative",0.00448636091904661,0.00980392156862989,0,"global",12,"VS_DIABP"
"ts_162_autogen_original","701_MISS_ALT","USA",NA,"autocorr",4.57646572372598,0.42509865824783,2.66792988639632,"global",35,"VS_DIABP"
"ts_162_autogen_original","702","USA",NA,"autocorr",0.352182518111363,0.781395348837207,0.0281734382819936,"global",1,"VS_DIABP"
"ts_162_autogen_original","703","USA",NA,"autocorr",0.0857192569962493,0.163366336633664,0,"global",14,"VS_DIABP"
"ts_162_autogen_original","704_MISS_CREAT","USA",NA,"autocorr",0.0981997073392117,0.134715025906736,0.00113196051351849,"global",23,"VS_DIABP"
"ts_162_autogen_original","705","USA",NA,"autocorr",3.49044160070479,0.588235294117645,1.73763025103458,"global",12,"VS_DIABP"
"ts_162_autogen_original","706","USA",NA,"autocorr",0.102936746070723,0.41588785046729,0.00136064883470355,"global",2,"VS_DIABP"
"ts_162_autogen_original","707","USA",NA,"autocorr",1.13033376849501,0.967441860465114,0.20569693309592,"global",1,"VS_DIABP"
"ts_162_autogen_original","708_MISS_CREAT","USA",NA,"autocorr",0.49372691829261,0.21530612244898,0.0474698061603835,"global",20,"VS_DIABP"
"ts_162_autogen_original","709_MISS_GLUC","USA",NA,"autocorr",0.154627656123954,0.166666666666667,0.00477184202022172,"global",18,"VS_DIABP"
"ts_162_autogen_original","710_MISS_ALT","USA",NA,"autocorr",1.52709013854894,0.299267015706807,0.354591874609864,"global",25,"VS_DIABP"
"ts_162_autogen_original","711","USA",NA,"autocorr",0.76321409257958,0.586854460093897,0.0960075248542782,"global",3,"VS_DIABP"
"ts_162_autogen_original","713","USA",NA,"autocorr",0.00362880457212984,0.135265700483092,0,"global",9,"VS_DIABP"
"ts_162_autogen_original","714","USA",NA,"autocorr",0.141898642213991,0.288151658767773,0.00332195057350819,"global",5,"VS_DIABP"
"ts_162_autogen_original","715","USA",NA,"autocorr",1.30337347731959,0.52857142857143,0.263122638028777,"global",6,"VS_DIABP"
"ts_162_autogen_original","716_MISS_GLUC","USA",NA,"autocorr",0.942297327091947,0.255012390177968,0.14594191528267,"global",23,"VS_DIABP"
"ts_162_autogen_original","717","USA",NA,"autocorr",0.544614657082025,0.355434039644566,0.0542889065278481,"global",7,"VS_DIABP"
"ts_162_autogen_original","718","USA",NA,"autocorr",2.12295320985907,0.475490196078431,0.669731408489534,"global",12,"VS_DIABP"
"ts_162_autogen_original","701_MISS_ALT","USA",NA,"average",2.57642125186258,0.327545382794003,1.0147758019503,"global",35,"VS_DIABP"
"ts_162_autogen_original","702","USA",NA,"average",0.802974834108677,0.925581395348837,0.107807530591115,"global",1,"VS_DIABP"
"ts_162_autogen_original","703","USA",NA,"average",0.242580184245379,0.204384724186705,0.0162282125355365,"global",14,"VS_DIABP"
"ts_162_autogen_original","704_MISS_CREAT","USA",NA,"average",0.629616122153975,0.219869339941428,0.0703279567408237,"global",23,"VS_DIABP"
"ts_162_autogen_original","705","USA",NA,"average",1.4207804086589,0.401960784313725,0.313768574171064,"global",12,"VS_DIABP"
"ts_162_autogen_original","706","USA",NA,"average",0.03780896514987,0.355140186915888,0,"global",2,"VS_DIABP"
"ts_162_autogen_original","707","USA",NA,"average",0.084033748842037,0.590697674418603,0,"global",1,"VS_DIABP"
"ts_162_autogen_original","708_MISS_CREAT","USA",NA,"average",0.899776965049017,0.266326530612245,0.132178705177264,"global",20,"VS_DIABP"
"ts_162_autogen_original","709_MISS_GLUC","USA",NA,"average",0.751967552198797,0.262626262626263,0.0938650486581982,"global",18,"VS_DIABP"
"ts_162_autogen_original","710_MISS_ALT","USA",NA,"average",3.603506980477,0.435811518324608,1.83903601826179,"global",25,"VS_DIABP"
"ts_162_autogen_original","711","USA",NA,"average",0.880746055296077,0.615023474178403,0.126061190769234,"global",3,"VS_DIABP"
"ts_162_autogen_original","713","USA",NA,"average",1.15512951251985,0.420289855072464,0.211145633122593,"global",9,"VS_DIABP"
"ts_162_autogen_original","714","USA",NA,"average",0.384404542402152,0.369668246445498,0.0306247550120288,"global",5,"VS_DIABP"
"ts_162_autogen_original","715","USA",NA,"average",2.05008988476518,0.633333333333334,0.617300951381951,"global",6,"VS_DIABP"
"ts_162_autogen_original","716_MISS_GLUC","USA",NA,"average",0.215925335259275,0.159945933768867,0.0135853232543233,"global",23,"VS_DIABP"
"ts_162_autogen_original","717","USA",NA,"average",0.475257341709456,0.340396445659604,0.044769482139274,"global",7,"VS_DIABP"
"ts_162_autogen_original","718","USA",NA,"average",1.21656268153466,0.377450980392157,0.233723705278614,"global",12,"VS_DIABP"
"ts_162_autogen_original","701_MISS_ALT","USA",NA,"lof",0.155370581026991,0.124704025256511,0.00487081050767085,"global",35,"VS_DIABP"
"ts_162_autogen_original","702","USA",NA,"lof",0.141329152796469,0.64186046511628,0.00332195057350819,"global",1,"VS_DIABP"
"ts_162_autogen_original","703","USA",NA,"lof",1.61460292462447,0.393917963224893,0.399652350960612,"global",14,"VS_DIABP"
"ts_162_autogen_original","704_MISS_CREAT","USA",NA,"lof",5.35037100107657,0.539085379589997,3.35559881157801,"global",23,"VS_DIABP"
"ts_162_autogen_original","705","USA",NA,"lof",0.0985217581096732,0.181372549019608,0.00113196051351849,"global",12,"VS_DIABP"
"ts_162_autogen_original","706","USA",NA,"lof",0.352940669857995,0.532710280373832,0.0281734382819936,"global",2,"VS_DIABP"
"ts_162_autogen_original","707","USA",NA,"lof",0.269995761924012,0.734883720930231,0.0187947600197699,"global",1,"VS_DIABP"
"ts_162_autogen_original","708_MISS_CREAT","USA",NA,"lof",3.03903687748722,0.443877551020409,1.36252108562715,"global",20,"VS_DIABP"
"ts_162_autogen_original","709_MISS_GLUC","USA",NA,"lof",0.176724161936516,0.171717171717171,0.00761862359049177,"global",18,"VS_DIABP"
"ts_162_autogen_original","710_MISS_ALT","USA",NA,"lof",0.248278927517083,0.15979057591623,0.0164431198716943,"global",25,"VS_DIABP"
"ts_162_autogen_original","711","USA",NA,"lof",1.06601087751834,0.657276995305164,0.186502441484756,"global",3,"VS_DIABP"
"ts_162_autogen_original","713","USA",NA,"lof",1.29260623493106,0.43961352657005,0.256621844642699,"global",9,"VS_DIABP"
"ts_162_autogen_original","714","USA",NA,"lof",0.812184944068447,0.477725118483413,0.109141256940446,"global",5,"VS_DIABP"
"ts_162_autogen_original","715","USA",NA,"lof",1.45648412334023,0.552380952380952,0.325955384172081,"global",6,"VS_DIABP"
"ts_162_autogen_original","716_MISS_GLUC","USA",NA,"lof",1.6154134150663,0.317413831944132,0.399652350960612,"global",23,"VS_DIABP"
"ts_162_autogen_original","717","USA",NA,"lof",0.501184595200023,0.345864661654135,0.048101370081977,"global",7,"VS_DIABP"
"ts_162_autogen_original","718","USA",NA,"lof",1.10073651661912,0.362745098039215,0.198140551495813,"global",12,"VS_DIABP"
"ts_162_autogen_original","701_MISS_ALT","USA",NA,"own_site_simil_score",0.264339804107492,0.0957701516360729,0.0182505715710939,"global",35,"VS_DIABP"
"ts_162_autogen_original","703","USA",NA,"own_site_simil_score",2.23385764907714,0.425,0.749227383455984,"global",14,"VS_DIABP"
"ts_162_autogen_original","704_MISS_CREAT","USA",NA,"own_site_simil_score",3.67398408210086,0.438652401547918,1.8990476862075,"global",23,"VS_DIABP"
"ts_162_autogen_original","705","USA",NA,"own_site_simil_score",0.569730074600337,0.226897689768977,0.0574163430726295,"global",12,"VS_DIABP"
"ts_162_autogen_original","706","USA",NA,"own_site_simil_score",0,5.4973386953705e-15,0,"global",2,"VS_DIABP"
"ts_162_autogen_original","708_MISS_CREAT","USA",NA,"own_site_simil_score",0.179482250393864,0.0979381443298969,0.00764164481546719,"global",20,"VS_DIABP"
"ts_162_autogen_original","709_MISS_GLUC","USA",NA,"own_site_simil_score",0.812494930958092,0.227891156462585,0.109141256940446,"global",18,"VS_DIABP"
"ts_162_autogen_original","710_MISS_ALT","USA",NA,"own_site_simil_score",2.95001497657055,0.38010582010582,1.29698028056,"global",25,"VS_DIABP"
"ts_162_autogen_original","711","USA",NA,"own_site_simil_score",3.64587660368398,0.947867298578203,1.87545630895558,"global",3,"VS_DIABP"
"ts_162_autogen_original","713","USA",NA,"own_site_simil_score",0.0221475091182452,0.0357723577235778,0,"global",9,"VS_DIABP"
"ts_162_autogen_original","714","USA",NA,"own_site_simil_score",4.64541478921725,0.894736842105266,2.72222666401579,"global",5,"VS_DIABP"
"ts_162_autogen_original","715","USA",NA,"own_site_simil_score",1.00885973012969,0.41826923076923,0.172051080208728,"global",6,"VS_DIABP"
"ts_162_autogen_original","716_MISS_GLUC","USA",NA,"own_site_simil_score",0.573540088190627,0.171181424994309,0.0580361530097416,"global",23,"VS_DIABP"
"ts_162_autogen_original","717","USA",NA,"own_site_simil_score",1.40858524469186,0.461007591442375,0.309340620987125,"global",7,"VS_DIABP"
"ts_162_autogen_original","718","USA",NA,"own_site_simil_score",0.0106401492047152,0.0198019801980198,0,"global",12,"VS_DIABP"
"ts_163_autogen_original","701_MISS_ALT","USA",NA,"range",0.0533736518418405,0.0945837627390358,0,"global",41,"VS_HEIGHT"
"ts_163_autogen_original","702","USA",NA,"range",0.723592479244351,0.909090909090909,0.0850780461582008,"global",1,"VS_HEIGHT"
"ts_163_autogen_original","703","USA",NA,"range",0.260525700105578,0.185499058380414,0.0180230384442327,"global",18,"VS_HEIGHT"
"ts_163_autogen_original","704_MISS_CREAT","USA",NA,"range",0.0159015867247232,0.098515283842795,0,"global",25,"VS_HEIGHT"
"ts_163_autogen_original","705","USA",NA,"range",1.19033106844577,0.32563025210084,0.226497161854354,"global",16,"VS_HEIGHT"
"ts_163_autogen_original","706","USA",NA,"range",0.284144618978945,0.430278884462152,0.0192580657763126,"global",3,"VS_HEIGHT"
"ts_163_autogen_original","707","USA",NA,"range",0.468701603763056,0.59126984126984,0.0438315434183114,"global",2,"VS_HEIGHT"
"ts_163_autogen_original","708_MISS_CREAT","USA",NA,"range",0.300070981344578,0.166812227074236,0.0216353356058599,"global",25,"VS_HEIGHT"
"ts_163_autogen_original","709_MISS_GLUC","USA",NA,"range",0.021656994306301,0.110157367668098,0,"global",21,"VS_HEIGHT"
"ts_163_autogen_original","710_MISS_ALT","USA",NA,"range",0.382113504367243,0.163026182554607,0.0303129122489407,"global",31,"VS_HEIGHT"
"ts_163_autogen_original","711","USA",NA,"range",0.115110640998846,0.304,0.00228520216212808,"global",4,"VS_HEIGHT"
"ts_163_autogen_original","713","USA",NA,"range",0.360832621217733,0.277551020408163,0.029340643165178,"global",9,"VS_HEIGHT"
"ts_163_autogen_original","714","USA",NA,"range",0.194711950501651,0.283602150537634,0.00971348569088456,"global",6,"VS_HEIGHT"
"ts_163_autogen_original","715","USA",NA,"range",0.489737872622985,0.322154471544716,0.0474698061603835,"global",8,"VS_HEIGHT"
"ts_163_autogen_original","716_MISS_GLUC","USA",NA,"range",0.409903070052625,0.185869565217392,0.0349804351064522,"global",24,"VS_HEIGHT"
"ts_163_autogen_original","717","USA",NA,"range",0.127483396376542,0.240601503759399,0.00310582019373197,"global",7,"VS_HEIGHT"
"ts_163_autogen_original","718","USA",NA,"range",0.906185659245744,0.321097989147782,0.132796671661055,"global",13,"VS_HEIGHT"
"ts_163_autogen_original","701_MISS_ALT","USA",NA,"sd",0.0285011445477479,0.0864536814382228,0,"global",41,"VS_HEIGHT"
"ts_163_autogen_original","702","USA",NA,"sd",0.656645689613737,0.893280632411064,0.0741029150097407,"global",1,"VS_HEIGHT"
"ts_163_autogen_original","703","USA",NA,"sd",0.335313793761599,0.198681732580038,0.0261227676149065,"global",18,"VS_HEIGHT"
"ts_163_autogen_original","704_MISS_CREAT","USA",NA,"sd",0.309099329682893,0.1682096069869,0.022759328306699,"global",25,"VS_HEIGHT"
"ts_163_autogen_original","705","USA",NA,"sd",0.205048294033185,0.183823529411765,0.0127786261003676,"global",16,"VS_HEIGHT"
"ts_163_autogen_original","706","USA",NA,"sd",0.119621724200871,0.342629482071713,0.00255178659066423,"global",3,"VS_HEIGHT"
"ts_163_autogen_original","707","USA",NA,"sd",0.0115186789855812,0.309523809523809,0,"global",2,"VS_HEIGHT"
"ts_163_autogen_original","708_MISS_CREAT","USA",NA,"sd",0.279435718786675,0.163493449781659,0.0187947600197699,"global",25,"VS_HEIGHT"
"ts_163_autogen_original","709_MISS_GLUC","USA",NA,"sd",0.0834019426708061,0.135090946249745,0,"global",21,"VS_HEIGHT"
"ts_163_autogen_original","710_MISS_ALT","USA",NA,"sd",0.394360687217077,0.164617387530739,0.0324268174729729,"global",31,"VS_HEIGHT"
"ts_163_autogen_original","711","USA",NA,"sd",0.425278426544461,0.424,0.0377716291581111,"global",4,"VS_HEIGHT"
"ts_163_autogen_original","713","USA",NA,"sd",0.17650738749051,0.229931972789116,0.00761862359049177,"global",9,"VS_HEIGHT"
"ts_163_autogen_original","714","USA",NA,"sd",0.327162246458355,0.323924731182796,0.0257595575184066,"global",6,"VS_HEIGHT"
"ts_163_autogen_original","715","USA",NA,"sd",0.405968324729,0.303861788617887,0.0348270707670336,"global",8,"VS_HEIGHT"
"ts_163_autogen_original","716_MISS_GLUC","USA",NA,"sd",0.404724683174182,0.185144927536232,0.0348270707670336,"global",24,"VS_HEIGHT"
"ts_163_autogen_original","717","USA",NA,"sd",0.293248792111475,0.293233082706767,0.0198350847628196,"global",7,"VS_HEIGHT"
"ts_163_autogen_original","718","USA",NA,"sd",0.267713208710244,0.215767634854772,0.0187947600197699,"global",13,"VS_HEIGHT"
"ts_163_autogen_original","701_MISS_ALT","USA",NA,"unique_value_count_relative",1.17043760742561,0.192602771098133,0.219788093102891,"global",41,"VS_HEIGHT"
"ts_163_autogen_original","702","USA",NA,"unique_value_count_relative",0.12380034937221,0.249011857707513,0.00310582019373197,"global",1,"VS_HEIGHT"
"ts_163_autogen_original","703","USA",NA,"unique_value_count_relative",0.119707420471209,0.0814500941619586,0.00255178659066423,"global",18,"VS_HEIGHT"
"ts_163_autogen_original","704_MISS_CREAT","USA",NA,"unique_value_count_relative",1.77426300180552,0.292052401746725,0.478962601195509,"global",25,"VS_HEIGHT"
"ts_163_autogen_original","705","USA",NA,"unique_value_count_relative",0.307316578033631,0.143382352941177,0.0226957275841519,"global",16,"VS_HEIGHT"
"ts_163_autogen_original","706","USA",NA,"unique_value_count_relative",0.254263329876709,0.274900398406375,0.0176063306173558,"global",3,"VS_HEIGHT"
"ts_163_autogen_original","707","USA",NA,"unique_value_count_relative",0.026026615197387,0.0555555555555585,0,"global",2,"VS_HEIGHT"
"ts_163_autogen_original","708_MISS_CREAT","USA",NA,"unique_value_count_relative",0.42452841494639,0.139737991266376,0.0377716291581111,"global",25,"VS_HEIGHT"
"ts_163_autogen_original","709_MISS_GLUC","USA",NA,"unique_value_count_relative",0.654860707018235,0.188841201716738,0.0741029150097407,"global",21,"VS_HEIGHT"
"ts_163_autogen_original","710_MISS_ALT","USA",NA,"unique_value_count_relative",0.0347307318041564,0.0321134095182989,0,"global",31,"VS_HEIGHT"
"ts_163_autogen_original","711","USA",NA,"unique_value_count_relative",0.206301195750425,0.214,0.0127786261003676,"global",4,"VS_HEIGHT"
"ts_163_autogen_original","713","USA",NA,"unique_value_count_relative",0.0856401777741566,0.090702947845805,0,"global",9,"VS_HEIGHT"
"ts_163_autogen_original","714","USA",NA,"unique_value_count_relative",0.531524686968014,0.298387096774194,0.0515067476225393,"global",6,"VS_HEIGHT"
"ts_163_autogen_original","715","USA",NA,"unique_value_count_relative",0.0534574555286753,0.0721544715447154,0,"global",8,"VS_HEIGHT"
"ts_163_autogen_original","716_MISS_GLUC","USA",NA,"unique_value_count_relative",0.307550553230577,0.119927536231884,0.0226957275841519,"global",24,"VS_HEIGHT"
"ts_163_autogen_original","717","USA",NA,"unique_value_count_relative",0.702934385053753,0.32272990167727,0.0817189336031802,"global",7,"VS_HEIGHT"
"ts_163_autogen_original","718","USA",NA,"unique_value_count_relative",0.37772065872303,0.175231407596553,0.0303129122489407,"global",13,"VS_HEIGHT"
"ts_163_autogen_original","701_MISS_ALT","USA",NA,"autocorr",0.0298032083819624,0.0869117141875642,0,"global",41,"VS_HEIGHT"
"ts_163_autogen_original","702","USA",NA,"autocorr",0.0952035491940397,0.60079051383399,0.00113196051351849,"global",1,"VS_HEIGHT"
"ts_163_autogen_original","703","USA",NA,"autocorr",1.09205822425393,0.298493408662901,0.194697832315959,"global",18,"VS_HEIGHT"
"ts_163_autogen_original","704_MISS_CREAT","USA",NA,"autocorr",0.0522496757226653,0.115633187772925,0,"global",25,"VS_HEIGHT"
"ts_163_autogen_original","705","USA",NA,"autocorr",0.179250724379476,0.178046218487395,0.00764164481546719,"global",16,"VS_HEIGHT"
"ts_163_autogen_original","706","USA",NA,"autocorr",0.213192433650077,0.395750332005312,0.0127786261003676,"global",3,"VS_HEIGHT"
"ts_163_autogen_original","707","USA",NA,"autocorr",0.396940947311882,0.555555555555557,0.0327467282315666,"global",2,"VS_HEIGHT"
"ts_163_autogen_original","708_MISS_CREAT","USA",NA,"autocorr",0.279435718786675,0.163493449781659,0.0187947600197699,"global",25,"VS_HEIGHT"
"ts_163_autogen_original","709_MISS_GLUC","USA",NA,"autocorr",0.0209520496612046,0.109748620478235,0,"global",21,"VS_HEIGHT"
"ts_163_autogen_original","710_MISS_ALT","USA",NA,"autocorr",0.470668775653114,0.174019962389701,0.0440304570096405,"global",31,"VS_HEIGHT"
"ts_163_autogen_original","711","USA",NA,"autocorr",0.186994242703446,0.34,0.00879717196895571,"global",4,"VS_HEIGHT"
"ts_163_autogen_original","713","USA",NA,"autocorr",1.17167102434079,0.419501133786847,0.220567701740728,"global",9,"VS_HEIGHT"
"ts_163_autogen_original","714","USA",NA,"autocorr",0.219025963700116,0.291666666666667,0.0139241332817465,"global",6,"VS_HEIGHT"
"ts_163_autogen_original","715","USA",NA,"autocorr",0.174998865171125,0.241869918699187,0.00747014114452971,"global",8,"VS_HEIGHT"
"ts_163_autogen_original","716_MISS_GLUC","USA",NA,"autocorr",0.0535007225841308,0.118115942028986,0,"global",24,"VS_HEIGHT"
"ts_163_autogen_original","717","USA",NA,"autocorr",0.162941149144762,0.253325621746675,0.00599548150165794,"global",7,"VS_HEIGHT"
"ts_163_autogen_original","718","USA",NA,"autocorr",0.19938588818966,0.200446856048516,0.011224928797166,"global",13,"VS_HEIGHT"
"ts_163_autogen_original","701_MISS_ALT","USA",NA,"average",0.177543724207348,0.118974006641475,0.00761862359049177,"global",41,"VS_HEIGHT"
"ts_163_autogen_original","702","USA",NA,"average",0.43170586302024,0.818181818181818,0.0391151550292751,"global",1,"VS_HEIGHT"
"ts_163_autogen_original","703","USA",NA,"average",0.0721061626876651,0.140772128060264,0,"global",18,"VS_HEIGHT"
"ts_163_autogen_original","704_MISS_CREAT","USA",NA,"average",1.0713151160869,0.2564192139738,0.187805360993318,"global",25,"VS_HEIGHT"
"ts_163_autogen_original","705","USA",NA,"average",1.31806871964422,0.339285714285715,0.267665079451413,"global",16,"VS_HEIGHT"
"ts_163_autogen_original","706","USA",NA,"average",0.144907871488899,0.358565737051793,0.00348560596506643,"global",3,"VS_HEIGHT"
"ts_163_autogen_original","707","USA",NA,"average",0.02106091253444,0.32936507936508,0,"global",2,"VS_HEIGHT"
"ts_163_autogen_original","708_MISS_CREAT","USA",NA,"average",0.808124904585834,0.230043668122271,0.107807530591115,"global",25,"VS_HEIGHT"
"ts_163_autogen_original","709_MISS_GLUC","USA",NA,"average",0.328899587297782,0.184344982628245,0.0257595575184066,"global",21,"VS_HEIGHT"
"ts_163_autogen_original","710_MISS_ALT","USA",NA,"average",0.596453770112453,0.188051497179228,0.0624379556211536,"global",31,"VS_HEIGHT"
"ts_163_autogen_original","711","USA",NA,"average",0.160988838095906,0.328,0.00582814682161542,"global",4,"VS_HEIGHT"
"ts_163_autogen_original","713","USA",NA,"average",2.11685288283397,0.53469387755102,0.664351902346759,"global",9,"VS_HEIGHT"
"ts_163_autogen_original","714","USA",NA,"average",0.349035541836667,0.330645161290323,0.0281734382819936,"global",6,"VS_HEIGHT"
"ts_163_autogen_original","715","USA",NA,"average",0.0952276968186006,0.213414634146341,0.00113196051351849,"global",8,"VS_HEIGHT"
"ts_163_autogen_original","716_MISS_GLUC","USA",NA,"average",1.87063850460948,0.328985507246377,0.525999705900442,"global",24,"VS_HEIGHT"
"ts_163_autogen_original","717","USA",NA,"average",0.0737908326468071,0.216888374783112,0,"global",7,"VS_HEIGHT"
"ts_163_autogen_original","718","USA",NA,"average",0.28731226202198,0.219917012448133,0.0195136742015873,"global",13,"VS_HEIGHT"
"ts_163_autogen_original","701_MISS_ALT","USA",NA,"lof",0.197722877984307,0.122065727699531,0.0109564850336565,"global",41,"VS_HEIGHT"
"ts_163_autogen_original","702","USA",NA,"lof",0.641405723057001,0.889328063241107,0.0720999008447968,"global",1,"VS_HEIGHT"
"ts_163_autogen_original","703","USA",NA,"lof",0.454657536224683,0.217984934086629,0.0417003056085114,"global",18,"VS_HEIGHT"
"ts_163_autogen_original","704_MISS_CREAT","USA",NA,"lof",0.813044771530009,0.230393013100437,0.109141256940446,"global",25,"VS_HEIGHT"
"ts_163_autogen_original","705","USA",NA,"lof",0.197879749683745,0.182247899159664,0.0109564850336565,"global",16,"VS_HEIGHT"
"ts_163_autogen_original","706","USA",NA,"lof",0.193895096629766,0.386454183266933,0.00942137080004779,"global",3,"VS_HEIGHT"
"ts_163_autogen_original","707","USA",NA,"lof",0.412383240674936,0.563492063492062,0.0355684020447966,"global",2,"VS_HEIGHT"
"ts_163_autogen_original","708_MISS_CREAT","USA",NA,"lof",0.0899511147065006,0.126812227074236,0.000130500372933727,"global",25,"VS_HEIGHT"
"ts_163_autogen_original","709_MISS_GLUC","USA",NA,"lof",0.275519785778319,0.175556918046189,0.0187947600197699,"global",21,"VS_HEIGHT"
"ts_163_autogen_original","710_MISS_ALT","USA",NA,"lof",1.33606573372218,0.255894691161579,0.277468765896005,"global",31,"VS_HEIGHT"
"ts_163_autogen_original","711","USA",NA,"lof",1.67703069060875,0.692,0.424215769565139,"global",4,"VS_HEIGHT"
"ts_163_autogen_original","713","USA",NA,"lof",0.65495226593946,0.336961451247165,0.0741029150097407,"global",9,"VS_HEIGHT"
"ts_163_autogen_original","714","USA",NA,"lof",0.355935202787303,0.331989247311828,0.0286429757319766,"global",6,"VS_HEIGHT"
"ts_163_autogen_original","715","USA",NA,"lof",0.190567019870554,0.246951219512195,0.00933904560619391,"global",8,"VS_HEIGHT"
"ts_163_autogen_original","716_MISS_GLUC","USA",NA,"lof",0.289027691725493,0.168115942028985,0.0196327455407087,"global",24,"VS_HEIGHT"
"ts_163_autogen_original","717","USA",NA,"lof",0.352707816682492,0.309427414690572,0.0281734382819936,"global",7,"VS_HEIGHT"
"ts_163_autogen_original","718","USA",NA,"lof",0.14935558200499,0.187679540376636,0.00398298299092728,"global",13,"VS_HEIGHT"
"ts_163_autogen_original","701_MISS_ALT","USA",NA,"own_site_simil_score",2.67985467318787,0.292452830188679,1.0865228698291,"global",41,"VS_HEIGHT"
"ts_163_autogen_original","703","USA",NA,"own_site_simil_score",0.472266096592474,0.170212765957447,0.0443541268058333,"global",18,"VS_HEIGHT"
"ts_163_autogen_original","704_MISS_CREAT","USA",NA,"own_site_simil_score",1.66322329158326,0.282631578947369,0.422809294944228,"global",25,"VS_HEIGHT"
"ts_163_autogen_original","705","USA",NA,"own_site_simil_score",1.76060977438057,0.353902953586499,0.473260066885027,"global",16,"VS_HEIGHT"
"ts_163_autogen_original","706","USA",NA,"own_site_simil_score",1.41529000954034,0.666666666666667,0.310788603444969,"global",3,"VS_HEIGHT"
"ts_163_autogen_original","707","USA",NA,"own_site_simil_score",0,-8.60422844084496e-16,0,"global",2,"VS_HEIGHT"
"ts_163_autogen_original","708_MISS_CREAT","USA",NA,"own_site_simil_score",1.78420745797125,0.29280701754386,0.482511063054538,"global",25,"VS_HEIGHT"
"ts_163_autogen_original","709_MISS_GLUC","USA",NA,"own_site_simil_score",0.504960237691355,0.165435139573071,0.0481606083812665,"global",21,"VS_HEIGHT"
"ts_163_autogen_original","710_MISS_ALT","USA",NA,"own_site_simil_score",0.263071025522547,0.0990990990990991,0.0182505715710939,"global",31,"VS_HEIGHT"
"ts_163_autogen_original","711","USA",NA,"own_site_simil_score",0.521002143641682,0.356425702811244,0.0510222194507736,"global",4,"VS_HEIGHT"
"ts_163_autogen_original","713","USA",NA,"own_site_simil_score",8.85026780144588,0.913934426229503,6.62177088260117,"global",9,"VS_HEIGHT"
"ts_163_autogen_original","714","USA",NA,"own_site_simil_score",0.00560778617278088,0.0121457489878543,0,"global",6,"VS_HEIGHT"
"ts_163_autogen_original","715","USA",NA,"own_site_simil_score",0.385420109600598,0.220408163265306,0.0308937662230333,"global",8,"VS_HEIGHT"
"ts_163_autogen_original","716_MISS_GLUC","USA",NA,"own_site_simil_score",4.436550957816,0.467794759825329,2.55591518330001,"global",24,"VS_HEIGHT"
"ts_163_autogen_original","717","USA",NA,"own_site_simil_score",0.0199683599412027,0.0365853658536585,0,"global",7,"VS_HEIGHT"
"ts_163_autogen_original","718","USA",NA,"own_site_simil_score",1.94307294409595,0.408333333333333,0.562734645105447,"global",13,"VS_HEIGHT"
"ts_164_autogen_original","701_MISS_ALT","USA",NA,"range",0.484831995961003,0.16921862667719,0.0458741567809258,"global",35,"VS_PULSE"
"ts_164_autogen_original","702","USA",NA,"range",0.325853579389014,0.767441860465114,0.0257595575184066,"global",1,"VS_PULSE"
"ts_164_autogen_original","703","USA",NA,"range",0.0347133124597382,0.140735502121641,0,"global",14,"VS_PULSE"
"ts_164_autogen_original","704_MISS_CREAT","USA",NA,"range",3.8759532856585,0.46654651948637,2.0792976400719,"global",23,"VS_PULSE"
"ts_164_autogen_original","705","USA",NA,"range",0.989926889153815,0.348039215686274,0.16398926657558,"global",12,"VS_PULSE"
"ts_164_autogen_original","706","USA",NA,"range",0.396819248096742,0.55607476635514,0.0327467282315666,"global",2,"VS_PULSE"
"ts_164_autogen_original","707","USA",NA,"range",1.18832571547269,0.972093023255814,0.226497161854354,"global",1,"VS_PULSE"
"ts_164_autogen_original","708_MISS_CREAT","USA",NA,"range",1.08763309362376,0.286734693877552,0.192680122969305,"global",20,"VS_PULSE"
"ts_164_autogen_original","709_MISS_GLUC","USA",NA,"range",3.1674766880592,0.474747474747473,1.46893934736546,"global",18,"VS_PULSE"
"ts_164_autogen_original","710_MISS_ALT","USA",NA,"range",1.10057981603927,0.261570680628272,0.198140551495813,"global",25,"VS_PULSE"
"ts_164_autogen_original","711","USA",NA,"range",0.0748246716466299,0.31924882629108,0,"global",3,"VS_PULSE"
"ts_164_autogen_original","713","USA",NA,"range",0.594326713317831,0.328502415458937,0.0624379556211536,"global",9,"VS_PULSE"
"ts_164_autogen_original","714","USA",NA,"range",0.68048974346117,0.448341232227488,0.077895861586242,"global",5,"VS_PULSE"
"ts_164_autogen_original","715","USA",NA,"range",0.193689625371282,0.285714285714286,0.00942137080004779,"global",6,"VS_PULSE"
"ts_164_autogen_original","716_MISS_GLUC","USA",NA,"range",0.0565323463717624,0.122324847938725,0,"global",23,"VS_PULSE"
"ts_164_autogen_original","717","USA",NA,"range",0.223040715888257,0.273410799726589,0.0143801853732146,"global",7,"VS_PULSE"
"ts_164_autogen_original","718","USA",NA,"range",0.378002941849926,0.25,0.0303129122489407,"global",12,"VS_PULSE"
"ts_164_autogen_original","701_MISS_ALT","USA",NA,"sd",0.132470724886821,0.120441988950276,0.00332195057350819,"global",35,"VS_PULSE"
"ts_164_autogen_original","702","USA",NA,"sd",0.164192035755974,0.660465116279068,0.00599548150165794,"global",1,"VS_PULSE"
"ts_164_autogen_original","703","USA",NA,"sd",0.00501885931687713,0.113154172560113,0,"global",14,"VS_PULSE"
"ts_164_autogen_original","704_MISS_CREAT","USA",NA,"sd",6.28697159253909,0.579409776976796,4.21850615569616,"global",23,"VS_PULSE"
"ts_164_autogen_original","705","USA",NA,"sd",0.0508220057462237,0.161764705882353,0,"global",12,"VS_PULSE"
"ts_164_autogen_original","706","USA",NA,"sd",0.327639577033837,0.518691588785047,0.0257595575184066,"global",2,"VS_PULSE"
"ts_164_autogen_original","707","USA",NA,"sd",1.73239375982297,0.995348837209302,0.455743897670972,"global",1,"VS_PULSE"
"ts_164_autogen_original","708_MISS_CREAT","USA",NA,"sd",2.7933025075383,0.427551020408164,1.16901024848814,"global",20,"VS_PULSE"
"ts_164_autogen_original","709_MISS_GLUC","USA",NA,"sd",1.71101771324621,0.363636363636363,0.445201093936388,"global",18,"VS_PULSE"
"ts_164_autogen_original","710_MISS_ALT","USA",NA,"sd",1.20846427367155,0.271623036649215,0.231215585851538,"global",25,"VS_PULSE"
"ts_164_autogen_original","711","USA",NA,"sd",0.46911559979515,0.502347417840377,0.0438315434183114,"global",3,"VS_PULSE"
"ts_164_autogen_original","713","USA",NA,"sd",0.6723111303645,0.342995169082126,0.0767192973345316,"global",9,"VS_PULSE"
"ts_164_autogen_original","714","USA",NA,"sd",0.874540244239234,0.490995260663507,0.12450217047898,"global",5,"VS_PULSE"
"ts_164_autogen_original","715","USA",NA,"sd",0.0793355760380129,0.238095238095239,0,"global",6,"VS_PULSE"
"ts_164_autogen_original","716_MISS_GLUC","USA",NA,"sd",0.0453781957870597,0.11826988060374,0,"global",23,"VS_PULSE"
"ts_164_autogen_original","717","USA",NA,"sd",0.0905963252304457,0.225563909774436,0.00039950052323304,"global",7,"VS_PULSE"
"ts_164_autogen_original","718","USA",NA,"sd",0.128313052042253,0.191176470588235,0.00310582019373197,"global",12,"VS_PULSE"
"ts_164_autogen_original","701_MISS_ALT","USA",NA,"unique_value_count_relative",0,2.42167397246362e-15,0,"global",35,"VS_PULSE"
"ts_164_autogen_original","702","USA",NA,"unique_value_count_relative",0.453640158870139,0.651162790697675,0.0414173627872693,"global",1,"VS_PULSE"
"ts_164_autogen_original","703","USA",NA,"unique_value_count_relative",0.19321343141607,0.118811881188119,0.00933904560619391,"global",14,"VS_PULSE"
"ts_164_autogen_original","704_MISS_CREAT","USA",NA,"unique_value_count_relative",1.39931741827005,0.2707817075918,0.306063391818544,"global",23,"VS_PULSE"
"ts_164_autogen_original","705","USA",NA,"unique_value_count_relative",0.867183953533376,0.284313725490196,0.12254368140311,"global",12,"VS_PULSE"
"ts_164_autogen_original","706","USA",NA,"unique_value_count_relative",0.315405120616825,0.378504672897197,0.0241572908405998,"global",2,"VS_PULSE"
"ts_164_autogen_original","707","USA",NA,"unique_value_count_relative",1.10400482977266,0.925581395348837,0.198774760977649,"global",1,"VS_PULSE"
"ts_164_autogen_original","708_MISS_CREAT","USA",NA,"unique_value_count_relative",0.386134081836429,0.147959183673469,0.0312097690578808,"global",20,"VS_PULSE"
"ts_164_autogen_original","709_MISS_GLUC","USA",NA,"unique_value_count_relative",0.21957944183508,0.116161616161616,0.0139241332817465,"global",18,"VS_PULSE"
"ts_164_autogen_original","710_MISS_ALT","USA",NA,"unique_value_count_relative",11.3009068558246,0.71434554973822,8.90693765393445,"global",25,"VS_PULSE"
"ts_164_autogen_original","711","USA",NA,"unique_value_count_relative",0.56182155696348,0.422535211267605,0.0557099665957777,"global",3,"VS_PULSE"
"ts_164_autogen_original","713","USA",NA,"unique_value_count_relative",0.946659696972836,0.338164251207729,0.147788810740066,"global",9,"VS_PULSE"
"ts_164_autogen_original","714","USA",NA,"unique_value_count_relative",1.08600255933402,0.472037914691943,0.192680122969305,"global",5,"VS_PULSE"
"ts_164_autogen_original","715","USA",NA,"unique_value_count_relative",0.00206316056377342,0.00476190476190688,0,"global",6,"VS_PULSE"
"ts_164_autogen_original","716_MISS_GLUC","USA",NA,"unique_value_count_relative",2.03952481490661,0.327551250281595,0.609480247571222,"global",23,"VS_PULSE"
"ts_164_autogen_original","717","USA",NA,"unique_value_count_relative",0.354094122662205,0.22488038277512,0.0281734382819936,"global",7,"VS_PULSE"
"ts_164_autogen_original","718","USA",NA,"unique_value_count_relative",0.0132230314692507,0.0245098039215703,0,"global",12,"VS_PULSE"
"ts_164_autogen_original","701_MISS_ALT","USA",NA,"autocorr",1.43117812228082,0.253827940015786,0.316100836410581,"global",35,"VS_PULSE"
"ts_164_autogen_original","702","USA",NA,"autocorr",0.277548899814458,0.739534883720928,0.0187947600197699,"global",1,"VS_PULSE"
"ts_164_autogen_original","703","USA",NA,"autocorr",1.18287147943692,0.346534653465347,0.224145311675031,"global",14,"VS_PULSE"
"ts_164_autogen_original","704_MISS_CREAT","USA",NA,"autocorr",1.406810131821,0.299617030862807,0.309307296041167,"global",23,"VS_PULSE"
"ts_164_autogen_original","705","USA",NA,"autocorr",5.02941338005607,0.68627450980392,3.07075293669239,"global",12,"VS_PULSE"
"ts_164_autogen_original","706","USA",NA,"autocorr",0.0343134548950313,0.350467289719626,0,"global",2,"VS_PULSE"
"ts_164_autogen_original","707","USA",NA,"autocorr",0.262571743844806,0.730232558139535,0.0181761559072324,"global",1,"VS_PULSE"
"ts_164_autogen_original","708_MISS_CREAT","USA",NA,"autocorr",1.3429047547987,0.312244897959183,0.277994272172821,"global",20,"VS_PULSE"
"ts_164_autogen_original","709_MISS_GLUC","USA",NA,"autocorr",3.09138589424568,0.46969696969697,1.40757086364411,"global",18,"VS_PULSE"
"ts_164_autogen_original","710_MISS_ALT","USA",NA,"autocorr",6.39323544532523,0.564397905759162,4.31270549708093,"global",25,"VS_PULSE"
"ts_164_autogen_original","711","USA",NA,"autocorr",0.76321409257958,0.586854460093896,0.0960075248542782,"global",3,"VS_PULSE"
"ts_164_autogen_original","713","USA",NA,"autocorr",0.544201704795393,0.318840579710145,0.0542889065278481,"global",9,"VS_PULSE"
"ts_164_autogen_original","714","USA",NA,"autocorr",0.529954760324628,0.41042654028436,0.0515067476225393,"global",5,"VS_PULSE"
"ts_164_autogen_original","715","USA",NA,"autocorr",0.334568301518265,0.328571428571429,0.0260809935995827,"global",6,"VS_PULSE"
"ts_164_autogen_original","716_MISS_GLUC","USA",NA,"autocorr",1.96359526408944,0.345122775399865,0.571134658136183,"global",23,"VS_PULSE"
"ts_164_autogen_original","717","USA",NA,"autocorr",0.304555583691476,0.297334244702666,0.0219632516912653,"global",7,"VS_PULSE"
"ts_164_autogen_original","718","USA",NA,"autocorr",1.37880015345041,0.397058823529412,0.296945611412757,"global",12,"VS_PULSE"
"ts_164_autogen_original","701_MISS_ALT","USA",NA,"average",1.96321971615174,0.290607734806631,0.571134658136183,"global",35,"VS_PULSE"
"ts_164_autogen_original","702","USA",NA,"average",0.176091259055681,0.669767441860464,0.00761862359049177,"global",1,"VS_PULSE"
"ts_164_autogen_original","703","USA",NA,"average",1.12904122990745,0.340169731258841,0.20569693309592,"global",14,"VS_PULSE"
"ts_164_autogen_original","704_MISS_CREAT","USA",NA,"average",1.08602437461125,0.269655327776526,0.192680122969305,"global",23,"VS_PULSE"
"ts_164_autogen_original","705","USA",NA,"average",0.144673713148996,0.196078431372549,0.00348560596506643,"global",12,"VS_PULSE"
"ts_164_autogen_original","706","USA",NA,"average",0.405867377074139,0.560747663551401,0.0348270707670336,"global",2,"VS_PULSE"
"ts_164_autogen_original","707","USA",NA,"average",1.03342375548695,0.958139534883721,0.176451899168745,"global",1,"VS_PULSE"
"ts_164_autogen_original","708_MISS_CREAT","USA",NA,"average",1.16746244288478,0.294897959183674,0.219477748554293,"global",20,"VS_PULSE"
"ts_164_autogen_original","709_MISS_GLUC","USA",NA,"average",0.0518776257320211,0.136363636363637,0,"global",18,"VS_PULSE"
"ts_164_autogen_original","710_MISS_ALT","USA",NA,"average",0.0548316625403532,0.117486910994764,0,"global",25,"VS_PULSE"
"ts_164_autogen_original","711","USA",NA,"average",0.225017144464791,0.403755868544602,0.014609107552392,"global",3,"VS_PULSE"
"ts_164_autogen_original","713","USA",NA,"average",1.70981314684617,0.492753623188406,0.445201093936388,"global",9,"VS_PULSE"
"ts_164_autogen_original","714","USA",NA,"average",1.76596732208998,0.644549763033176,0.476148622828659,"global",5,"VS_PULSE"
"ts_164_autogen_original","715","USA",NA,"average",0.595939305089475,0.395238095238095,0.0624379556211536,"global",6,"VS_PULSE"
"ts_164_autogen_original","716_MISS_GLUC","USA",NA,"average",1.33720948507809,0.293309303897274,0.277468765896005,"global",23,"VS_PULSE"
"ts_164_autogen_original","717","USA",NA,"average",1.6314740264457,0.537252221462748,0.40817953030398,"global",7,"VS_PULSE"
"ts_164_autogen_original","718","USA",NA,"average",0.283265393469237,0.230392156862745,0.0192030838987461,"global",12,"VS_PULSE"
"ts_164_autogen_original","701_MISS_ALT","USA",NA,"lof",0.146945573600879,0.123125493291239,0.00352459550326491,"global",35,"VS_PULSE"
"ts_164_autogen_original","702","USA",NA,"lof",0.343227675458436,0.77674418604651,0.0272715884330714,"global",1,"VS_PULSE"
"ts_164_autogen_original","703","USA",NA,"lof",0.0073321252796491,0.117397454031117,0,"global",14,"VS_PULSE"
"ts_164_autogen_original","704_MISS_CREAT","USA",NA,"lof",5.74603694724485,0.556656904708266,3.71733863727341,"global",23,"VS_PULSE"
"ts_164_autogen_original","705","USA",NA,"lof",0.128313052042253,0.191176470588235,0.00310582019373197,"global",12,"VS_PULSE"
"ts_164_autogen_original","706","USA",NA,"lof",0.491844511540369,0.602803738317757,0.0474698061603835,"global",2,"VS_PULSE"
"ts_164_autogen_original","707","USA",NA,"lof",0.0602959018872512,0.567441860465117,0,"global",1,"VS_PULSE"
"ts_164_autogen_original","708_MISS_CREAT","USA",NA,"lof",1.82389061699372,0.355102040816327,0.503294380898777,"global",20,"VS_PULSE"
"ts_164_autogen_original","709_MISS_GLUC","USA",NA,"lof",2.38355955718938,0.419191919191919,0.861704383557293,"global",18,"VS_PULSE"
"ts_164_autogen_original","710_MISS_ALT","USA",NA,"lof",0.146206605626561,0.141151832460733,0.00348560596506643,"global",25,"VS_PULSE"
"ts_164_autogen_original","711","USA",NA,"lof",0.46911559979515,0.502347417840377,0.0438315434183114,"global",3,"VS_PULSE"
"ts_164_autogen_original","713","USA",NA,"lof",1.05639552325187,0.405797101449275,0.183791843919858,"global",9,"VS_PULSE"
"ts_164_autogen_original","714","USA",NA,"lof",1.20038578964232,0.55260663507109,0.22883036580745,"global",5,"VS_PULSE"
"ts_164_autogen_original","715","USA",NA,"lof",0.00724848273558142,0.171428571428571,0,"global",6,"VS_PULSE"
"ts_164_autogen_original","716_MISS_GLUC","USA",NA,"lof",0.413475726330997,0.191259292633476,0.0359696319803627,"global",23,"VS_PULSE"
"ts_164_autogen_original","717","USA",NA,"lof",0.213345998215826,0.269993164730007,0.0127786261003676,"global",7,"VS_PULSE"
"ts_164_autogen_original","718","USA",NA,"lof",0.0985217581096732,0.181372549019608,0.00113196051351849,"global",12,"VS_PULSE"
"ts_164_autogen_original","701_MISS_ALT","USA",NA,"own_site_simil_score",0.0649337215669872,0.0446927374301676,0,"global",35,"VS_PULSE"
"ts_164_autogen_original","703","USA",NA,"own_site_simil_score",1.64454692372392,0.365000000000001,0.414124786523672,"global",14,"VS_PULSE"
"ts_164_autogen_original","704_MISS_CREAT","USA",NA,"own_site_simil_score",9.82576256839003,0.693603460050078,7.52744272700624,"global",23,"VS_PULSE"
"ts_164_autogen_original","705","USA",NA,"own_site_simil_score",1.91139105634023,0.421617161716172,0.551311591185539,"global",12,"VS_PULSE"
"ts_164_autogen_original","706","USA",NA,"own_site_simil_score",0.292333062503578,0.363207547169811,0.0197314417946409,"global",2,"VS_PULSE"
"ts_164_autogen_original","708_MISS_CREAT","USA",NA,"own_site_simil_score",0.0129506654842759,0.0206185567010309,0,"global",20,"VS_PULSE"
"ts_164_autogen_original","709_MISS_GLUC","USA",NA,"own_site_simil_score",0.0935382986365993,0.0714285714285714,0.000841462649691455,"global",18,"VS_PULSE"
"ts_164_autogen_original","710_MISS_ALT","USA",NA,"own_site_simil_score",1.54937859971287,0.275132275132275,0.365002110635913,"global",25,"VS_PULSE"
"ts_164_autogen_original","711","USA",NA,"own_site_simil_score",0,6.52256026967279e-16,0,"global",3,"VS_PULSE"
"ts_164_autogen_original","713","USA",NA,"own_site_simil_score",0.791554363530755,0.306775067750678,0.105389107024988,"global",9,"VS_PULSE"
"ts_164_autogen_original","714","USA",NA,"own_site_simil_score",2.46356879461946,0.698564593301438,0.924137215313073,"global",5,"VS_PULSE"
"ts_164_autogen_original","715","USA",NA,"own_site_simil_score",0.135722306732212,0.141025641025641,0.00332195057350819,"global",6,"VS_PULSE"
"ts_164_autogen_original","716_MISS_GLUC","USA",NA,"own_site_simil_score",2.75962808442731,0.381060778511268,1.14065161367602,"global",23,"VS_PULSE"
"ts_164_autogen_original","717","USA",NA,"own_site_simil_score",0.00215254243230554,0.00483091787439614,0,"global",7,"VS_PULSE"
"ts_164_autogen_original","718","USA",NA,"own_site_simil_score",0.20032076394091,0.12953795379538,0.0115955678476005,"global",12,"VS_PULSE"
"ts_165_autogen_original","701_MISS_ALT","USA",NA,"range",0.915355915247371,0.212154696132597,0.136161696211462,"global",35,"VS_SYSBP"
"ts_165_autogen_original","702","USA",NA,"range",1.07918124604762,0.962790697674416,0.188785634242471,"global",1,"VS_SYSBP"
"ts_165_autogen_original","703","USA",NA,"range",0.174433055963896,0.188826025459689,0.00747014114452971,"global",14,"VS_SYSBP"
"ts_165_autogen_original","704_MISS_CREAT","USA",NA,"range",2.30354340299298,0.370128407298941,0.80069939606518,"global",23,"VS_SYSBP"
"ts_165_autogen_original","705","USA",NA,"range",0.687468086636034,0.303921568627451,0.079354689908099,"global",12,"VS_SYSBP"
"ts_165_autogen_original","706","USA",NA,"range",0.452578313642136,0.584112149532709,0.041396862458701,"global",2,"VS_SYSBP"
"ts_165_autogen_original","707","USA",NA,"range",0.399955299907363,0.804651162790696,0.0330105354878178,"global",1,"VS_SYSBP"
"ts_165_autogen_original","708_MISS_CREAT","USA",NA,"range",2.76179204718488,0.425510204081633,1.14175761127726,"global",20,"VS_SYSBP"
"ts_165_autogen_original","709_MISS_GLUC","USA",NA,"range",0.0799447410992522,0.146464646464646,0,"global",18,"VS_SYSBP"
"ts_165_autogen_original","710_MISS_ALT","USA",NA,"range",0.884728442168885,0.24020942408377,0.127320047543397,"global",25,"VS_SYSBP"
"ts_165_autogen_original","711","USA",NA,"range",0.942279512900536,0.629107981220657,0.14594191528267,"global",3,"VS_SYSBP"
"ts_165_autogen_original","713","USA",NA,"range",0.645914060080267,0.338164251207729,0.0729169255086121,"global",9,"VS_SYSBP"
"ts_165_autogen_original","714","USA",NA,"range",0.0793982815836289,0.255924170616113,0,"global",5,"VS_SYSBP"
"ts_165_autogen_original","715","USA",NA,"range",0.193689625371282,0.285714285714286,0.00942137080004779,"global",6,"VS_SYSBP"
"ts_165_autogen_original","716_MISS_GLUC","USA",NA,"range",0.635576688502304,0.220319891867538,0.0711363129127611,"global",23,"VS_SYSBP"
"ts_165_autogen_original","717","USA",NA,"range",0.807933989501422,0.408065618591933,0.107807530591115,"global",7,"VS_SYSBP"
"ts_165_autogen_original","718","USA",NA,"range",0.750954775793849,0.313725490196078,0.0938650486581982,"global",12,"VS_SYSBP"
"ts_165_autogen_original","701_MISS_ALT","USA",NA,"sd",1.93357164143092,0.288713496448303,0.558688613522989,"global",35,"VS_SYSBP"
"ts_165_autogen_original","702","USA",NA,"sd",1.43136376415899,0.986046511627904,0.316100836410581,"global",1,"VS_SYSBP"
"ts_165_autogen_original","703","USA",NA,"sd",0.0845172394136737,0.162659123055163,0,"global",14,"VS_SYSBP"
"ts_165_autogen_original","704_MISS_CREAT","USA",NA,"sd",2.94809389213842,0.412705564316287,1.29620057518668,"global",23,"VS_SYSBP"
"ts_165_autogen_original","705","USA",NA,"sd",1.02630132268738,0.352941176470588,0.174221442903659,"global",12,"VS_SYSBP"
"ts_165_autogen_original","706","USA",NA,"sd",0.327639577033837,0.518691588785047,0.0257595575184066,"global",2,"VS_SYSBP"
"ts_165_autogen_original","707","USA",NA,"sd",0.477121254719663,0.837209302325579,0.044769482139274,"global",1,"VS_SYSBP"
"ts_165_autogen_original","708_MISS_CREAT","USA",NA,"sd",4.25137267806026,0.51530612244898,2.40236975141333,"global",20,"VS_SYSBP"
"ts_165_autogen_original","709_MISS_GLUC","USA",NA,"sd",0.751967552198797,0.262626262626262,0.0938650486581982,"global",18,"VS_SYSBP"
"ts_165_autogen_original","710_MISS_ALT","USA",NA,"sd",0.473298824480757,0.192670157068063,0.0444153817172387,"global",25,"VS_SYSBP"
"ts_165_autogen_original","711","USA",NA,"sd",1.57373246468299,0.769953051643191,0.377898637272861,"global",3,"VS_SYSBP"
"ts_165_autogen_original","713","USA",NA,"sd",0.144170855315213,0.222222222222222,0.00348560596506643,"global",9,"VS_SYSBP"
"ts_165_autogen_original","714","USA",NA,"sd",0.167155633778762,0.298578199052133,0.00638418644826536,"global",5,"VS_SYSBP"
"ts_165_autogen_original","715","USA",NA,"sd",0.180016227578513,0.280952380952381,0.00764164481546719,"global",6,"VS_SYSBP"
"ts_165_autogen_original","716_MISS_GLUC","USA",NA,"sd",1.16872272369737,0.277314710520387,0.219477748554293,"global",23,"VS_SYSBP"
"ts_165_autogen_original","717","USA",NA,"sd",1.17690884358852,0.47095010252905,0.22300662123288,"global",7,"VS_SYSBP"
"ts_165_autogen_original","718","USA",NA,"sd",1.06323910790465,0.357843137254902,0.186259310312851,"global",12,"VS_SYSBP"
"ts_165_autogen_original","701_MISS_ALT","USA",NA,"unique_value_count_relative",0.00278438982003605,0.00552486187845502,0,"global",35,"VS_SYSBP"
"ts_165_autogen_original","702","USA",NA,"unique_value_count_relative",0.042197679794455,0.0930232558139558,0,"global",1,"VS_SYSBP"
"ts_165_autogen_original","703","USA",NA,"unique_value_count_relative",0.143617423139316,0.1004243281471,0.00348560596506643,"global",14,"VS_SYSBP"
"ts_165_autogen_original","704_MISS_CREAT","USA",NA,"unique_value_count_relative",0.537893625888705,0.165352556882181,0.0534184377488943,"global",23,"VS_SYSBP"
"ts_165_autogen_original","705","USA",NA,"unique_value_count_relative",2.97213384298916,0.52450980392157,1.31189581271495,"global",12,"VS_SYSBP"
"ts_165_autogen_original","706","USA",NA,"unique_value_count_relative",0.436698832197491,0.44392523364486,0.0396866765341629,"global",2,"VS_SYSBP"
"ts_165_autogen_original","707","USA",NA,"unique_value_count_relative",0.415375658774856,0.618604651162791,0.0366388978148524,"global",1,"VS_SYSBP"
"ts_165_autogen_original","708_MISS_CREAT","USA",NA,"unique_value_count_relative",0.978142814902905,0.239795918367347,0.159042674845963,"global",20,"VS_SYSBP"
"ts_165_autogen_original","709_MISS_GLUC","USA",NA,"unique_value_count_relative",0.974649816760133,0.252525252525252,0.157674919777268,"global",18,"VS_SYSBP"
"ts_165_autogen_original","710_MISS_ALT","USA",NA,"unique_value_count_relative",0.851979684027231,0.202722513089005,0.118129075669826,"global",25,"VS_SYSBP"
"ts_165_autogen_original","711","USA",NA,"unique_value_count_relative",0.035974606344397,0.0704225352112671,0,"global",3,"VS_SYSBP"
"ts_165_autogen_original","713","USA",NA,"unique_value_count_relative",7.9290526522997,0.888888888888889,5.74545238234252,"global",9,"VS_SYSBP"
"ts_165_autogen_original","714","USA",NA,"unique_value_count_relative",0.377632531602694,0.270142180094787,0.0303129122489407,"global",5,"VS_SYSBP"
"ts_165_autogen_original","715","USA",NA,"unique_value_count_relative",0.0114391620566441,0.023809523809526,0,"global",6,"VS_SYSBP"
"ts_165_autogen_original","716_MISS_GLUC","USA",NA,"unique_value_count_relative",0.179890082127671,0.0923631448524442,0.00764164481546719,"global",23,"VS_SYSBP"
"ts_165_autogen_original","717","USA",NA,"unique_value_count_relative",0.788873147992896,0.342447026657553,0.104444273498454,"global",7,"VS_SYSBP"
"ts_165_autogen_original","718","USA",NA,"unique_value_count_relative",0.0100125929619007,0.0196078431372571,0,"global",12,"VS_SYSBP"
"ts_165_autogen_original","701_MISS_ALT","USA",NA,"autocorr",6.40745472910725,0.495343330702448,4.32385554913527,"global",35,"VS_SYSBP"
"ts_165_autogen_original","702","USA",NA,"autocorr",0.0122344564170117,0.516279069767443,0,"global",1,"VS_SYSBP"
"ts_165_autogen_original","703","USA",NA,"autocorr",2.66964059658021,0.488684582743989,1.08027498043904,"global",14,"VS_SYSBP"
"ts_165_autogen_original","704_MISS_CREAT","USA",NA,"autocorr",0.405194223730033,0.190132912818202,0.0348270707670336,"global",23,"VS_SYSBP"
"ts_165_autogen_original","705","USA",NA,"autocorr",5.11673613468947,0.691176470588234,3.14159641693129,"global",12,"VS_SYSBP"
"ts_165_autogen_original","706","USA",NA,"autocorr",0.424251413248921,0.570093457943924,0.0377716291581111,"global",2,"VS_SYSBP"
"ts_165_autogen_original","707","USA",NA,"autocorr",0.778151250383643,0.920930232558137,0.100427406334602,"global",1,"VS_SYSBP"
"ts_165_autogen_original","708_MISS_CREAT","USA",NA,"autocorr",0.458249508176821,0.210204081632653,0.0424738511724087,"global",20,"VS_SYSBP"
"ts_165_autogen_original","709_MISS_GLUC","USA",NA,"autocorr",0.833163956532791,0.272727272727272,0.112386769897496,"global",18,"VS_SYSBP"
"ts_165_autogen_original","710_MISS_ALT","USA",NA,"autocorr",8.36868627496558,0.635811518324606,6.16929173782517,"global",25,"VS_SYSBP"
"ts_165_autogen_original","711","USA",NA,"autocorr",1.62586866701163,0.779342723004696,0.406309039667784,"global",3,"VS_SYSBP"
"ts_165_autogen_original","713","USA",NA,"autocorr",1.18885806666881,0.42512077294686,0.226497161854354,"global",9,"VS_SYSBP"
"ts_165_autogen_original","714","USA",NA,"autocorr",0.418683834408189,0.37914691943128,0.0373073564528834,"global",5,"VS_SYSBP"
"ts_165_autogen_original","715","USA",NA,"autocorr",0.595939305089475,0.395238095238095,0.0624379556211536,"global",6,"VS_SYSBP"
"ts_165_autogen_original","716_MISS_GLUC","USA",NA,"autocorr",0.514544898093358,0.20522640234287,0.0499822263486836,"global",23,"VS_SYSBP"
"ts_165_autogen_original","717","USA",NA,"autocorr",0.31804017704751,0.301435406698565,0.0244470142743573,"global",7,"VS_SYSBP"
"ts_165_autogen_original","718","USA",NA,"autocorr",0.180162506819681,0.205882352941176,0.00764164481546719,"global",12,"VS_SYSBP"
"ts_165_autogen_original","701_MISS_ALT","USA",NA,"average",0.746358892522508,0.196527229676401,0.0922059454181504,"global",35,"VS_SYSBP"
"ts_165_autogen_original","702","USA",NA,"average",0.170100895366494,0.665116279069768,0.00706166362064758,"global",1,"VS_SYSBP"
"ts_165_autogen_original","703","USA",NA,"average",0.7938187757273,0.297029702970297,0.105389107024988,"global",14,"VS_SYSBP"
"ts_165_autogen_original","704_MISS_CREAT","USA",NA,"average",0.143799466231297,0.145528272133363,0.00348560596506643,"global",23,"VS_SYSBP"
"ts_165_autogen_original","705","USA",NA,"average",0.0613254070895276,0.166666666666667,0,"global",12,"VS_SYSBP"
"ts_165_autogen_original","706","USA",NA,"average",0.0842834803788033,0.401869158878505,0,"global",2,"VS_SYSBP"
"ts_165_autogen_original","707","USA",NA,"average",0.361325897551232,0.786046511627907,0.029340643165178,"global",1,"VS_SYSBP"
"ts_165_autogen_original","708_MISS_CREAT","USA",NA,"average",1.55232217562206,0.331632653061225,0.367557056110308,"global",20,"VS_SYSBP"
"ts_165_autogen_original","709_MISS_GLUC","USA",NA,"average",0.712570830062276,0.257575757575757,0.0822466062421966,"global",18,"VS_SYSBP"
"ts_165_autogen_original","710_MISS_ALT","USA",NA,"average",1.67275096620567,0.310785340314136,0.423806878652149,"global",25,"VS_SYSBP"
"ts_165_autogen_original","711","USA",NA,"average",0.17191102790801,0.375586854460094,0.00718485732603629,"global",3,"VS_SYSBP"
"ts_165_autogen_original","713","USA",NA,"average",0.754300691216939,0.357487922705314,0.0940749779063426,"global",9,"VS_SYSBP"
"ts_165_autogen_original","714","USA",NA,"average",0.362871954314999,0.363981042654029,0.029340643165178,"global",5,"VS_SYSBP"
"ts_165_autogen_original","715","USA",NA,"average",1.39398417595466,0.542857142857141,0.303555349446139,"global",6,"VS_SYSBP"
"ts_165_autogen_original","716_MISS_GLUC","USA",NA,"average",0.0416665535859356,0.116692948862356,0,"global",23,"VS_SYSBP"
"ts_165_autogen_original","717","USA",NA,"average",1.28223310059788,0.488721804511277,0.253806139889818,"global",7,"VS_SYSBP"
"ts_165_autogen_original","718","USA",NA,"average",2.07180617063666,0.470588235294117,0.634172467691725,"global",12,"VS_SYSBP"
"ts_165_autogen_original","701_MISS_ALT","USA",NA,"lof",0.525729308194396,0.17379636937648,0.0513864651194795,"global",35,"VS_SYSBP"
"ts_165_autogen_original","702","USA",NA,"lof",1.73239375982297,0.9953488372093,0.455743897670972,"global",1,"VS_SYSBP"
"ts_165_autogen_original","703","USA",NA,"lof",0.116429922298013,0.173267326732674,0.00233824460313861,"global",14,"VS_SYSBP"
"ts_165_autogen_original","704_MISS_CREAT","USA",NA,"lof",2.75445271160327,0.400315386348276,1.13653163500905,"global",23,"VS_SYSBP"
"ts_165_autogen_original","705","USA",NA,"lof",1.33739468631097,0.392156862745098,0.277468765896005,"global",12,"VS_SYSBP"
"ts_165_autogen_original","706","USA",NA,"lof",0.352940669857995,0.532710280373831,0.0281734382819936,"global",2,"VS_SYSBP"
"ts_165_autogen_original","707","USA",NA,"lof",0.465222031419954,0.832558139534882,0.0435318415225767,"global",1,"VS_SYSBP"
"ts_165_autogen_original","708_MISS_CREAT","USA",NA,"lof",1.59840548953718,0.335714285714287,0.389802582217778,"global",20,"VS_SYSBP"
"ts_165_autogen_original","709_MISS_GLUC","USA",NA,"lof",0.250452378564834,0.186868686868687,0.0164431198716943,"global",18,"VS_SYSBP"
"ts_165_autogen_original","710_MISS_ALT","USA",NA,"lof",0.161600147857137,0.144083769633508,0.00582814682161542,"global",25,"VS_SYSBP"
"ts_165_autogen_original","711","USA",NA,"lof",1.49924366983374,0.755868544600938,0.341163971781099,"global",3,"VS_SYSBP"
"ts_165_autogen_original","713","USA",NA,"lof",0.223435074830023,0.246376811594202,0.0143801853732146,"global",9,"VS_SYSBP"
"ts_165_autogen_original","714","USA",NA,"lof",0.12130766397918,0.27867298578199,0.00288342099071537,"global",5,"VS_SYSBP"
"ts_165_autogen_original","715","USA",NA,"lof",0.252807134614611,0.304761904761905,0.016938402969419,"global",6,"VS_SYSBP"
"ts_165_autogen_original","716_MISS_GLUC","USA",NA,"lof",0.906724548148284,0.251182698806037,0.132856010700891,"global",23,"VS_SYSBP"
"ts_165_autogen_original","717","USA",NA,"lof",0.789015393197922,0.403964456596036,0.104463645741307,"global",7,"VS_SYSBP"
"ts_165_autogen_original","718","USA",NA,"lof",0.750954775793849,0.313725490196079,0.0938650486581982,"global",12,"VS_SYSBP"
"ts_165_autogen_original","701_MISS_ALT","USA",NA,"own_site_simil_score",1.45126987757433,0.232083000798084,0.32313225016506,"global",35,"VS_SYSBP"
"ts_165_autogen_original","703","USA",NA,"own_site_simil_score",0.765230321095236,0.247142857142857,0.0962107375227398,"global",14,"VS_SYSBP"
"ts_165_autogen_original","704_MISS_CREAT","USA",NA,"own_site_simil_score",2.22731464229101,0.342362849988619,0.74552826559011,"global",23,"VS_SYSBP"
"ts_165_autogen_original","705","USA",NA,"own_site_simil_score",0.211058239067859,0.133663366336634,0.0127786261003676,"global",12,"VS_SYSBP"
"ts_165_autogen_original","706","USA",NA,"own_site_simil_score",0,5.60836099783302e-15,0,"global",2,"VS_SYSBP"
"ts_165_autogen_original","708_MISS_CREAT","USA",NA,"own_site_simil_score",0.0235157769799702,0.0309278350515464,0,"global",20,"VS_SYSBP"
"ts_165_autogen_original","709_MISS_GLUC","USA",NA,"own_site_simil_score",1.93792184404492,0.354875283446713,0.560622707085359,"global",18,"VS_SYSBP"
"ts_165_autogen_original","710_MISS_ALT","USA",NA,"own_site_simil_score",3.01379083794641,0.384338624338624,1.34563860957114,"global",25,"VS_SYSBP"
"ts_165_autogen_original","711","USA",NA,"own_site_simil_score",0.0180045304205233,0.037914691943128,0,"global",3,"VS_SYSBP"
"ts_165_autogen_original","713","USA",NA,"own_site_simil_score",0.0128998718840582,0.024390243902439,0,"global",9,"VS_SYSBP"
"ts_165_autogen_original","714","USA",NA,"own_site_simil_score",0.0086775934942355,0.0153110047846889,0,"global",5,"VS_SYSBP"
"ts_165_autogen_original","715","USA",NA,"own_site_simil_score",4.30868584369497,0.818910256410255,2.44980187563867,"global",6,"VS_SYSBP"
"ts_165_autogen_original","716_MISS_GLUC","USA",NA,"own_site_simil_score",0.102941579217397,0.0680628272251309,0.00136064883470355,"global",23,"VS_SYSBP"
"ts_165_autogen_original","717","USA",NA,"own_site_simil_score",2.85120069119493,0.646652864044171,1.21387862039314,"global",7,"VS_SYSBP"
"ts_165_autogen_original","718","USA",NA,"own_site_simil_score",2.98515424210974,0.523102310231024,1.32053767354937,"global",12,"VS_SYSBP"
"ts_166_autogen_original","701_MISS_ALT","USA",NA,"range",1.08645775913205,0.226519337016574,0.192680122969305,"global",35,"VS_TEMP"
"ts_166_autogen_original","702","USA",NA,"range",0.241032065988696,0.716279069767442,0.0162282125355365,"global",1,"VS_TEMP"
"ts_166_autogen_original","703","USA",NA,"range",0.133538579271333,0.178217821782178,0.00332195057350819,"global",14,"VS_TEMP"
"ts_166_autogen_original","704_MISS_CREAT","USA",NA,"range",1.26108191358711,0.286325749042577,0.248377796220908,"global",23,"VS_TEMP"
"ts_166_autogen_original","705","USA",NA,"range",9.79748175176161,0.882352941176471,7.51219284736913,"global",12,"VS_TEMP"
"ts_166_autogen_original","706","USA",NA,"range",0.56514513712017,0.635514018691589,0.0567569904181668,"global",2,"VS_TEMP"
"ts_166_autogen_original","707","USA",NA,"range",0.442359148460451,0.823255813953488,0.039901370867779,"global",1,"VS_TEMP"
"ts_166_autogen_original","708_MISS_CREAT","USA",NA,"range",1.94822312093827,0.36530612244898,0.564097502571159,"global",20,"VS_TEMP"
"ts_166_autogen_original","709_MISS_GLUC","USA",NA,"range",1.23863573049428,0.318181818181818,0.23968778518932,"global",18,"VS_TEMP"
"ts_166_autogen_original","710_MISS_ALT","USA",NA,"range",23.4608979506723,0.939057591623037,20.5068332589977,"global",25,"VS_TEMP"
"ts_166_autogen_original","711","USA",NA,"range",0.744530599613468,0.582159624413146,0.0919872906988645,"global",3,"VS_TEMP"
"ts_166_autogen_original","713","USA",NA,"range",0.869981388695028,0.376811594202899,0.123026425665002,"global",9,"VS_TEMP"
"ts_166_autogen_original","714","USA",NA,"range",0.188123091055245,0.307109004739336,0.00892688457845432,"global",5,"VS_TEMP"
"ts_166_autogen_original","715","USA",NA,"range",0.13016729812104,0.261904761904763,0.00317241764787523,"global",6,"VS_TEMP"
"ts_166_autogen_original","716_MISS_GLUC","USA",NA,"range",2.7010887634021,0.396936246902456,1.1026734387364,"global",23,"VS_TEMP"
"ts_166_autogen_original","717","USA",NA,"range",0.430096480599245,0.330143540669857,0.0391151550292751,"global",7,"VS_TEMP"
"ts_166_autogen_original","718","USA",NA,"range",2.72969396498108,0.529411764705881,1.12012496275162,"global",12,"VS_TEMP"
"ts_166_autogen_original","701_MISS_ALT","USA",NA,"sd",0.956774784224356,0.215469613259668,0.15273900309395,"global",35,"VS_TEMP"
"ts_166_autogen_original","702","USA",NA,"sd",0.158362492095249,0.655813953488373,0.00540555925154543,"global",1,"VS_TEMP"
"ts_166_autogen_original","703","USA",NA,"sd",0.305638999188351,0.217821782178218,0.0221479740937522,"global",14,"VS_TEMP"
"ts_166_autogen_original","704_MISS_CREAT","USA",NA,"sd",1.03836612011792,0.264699256589322,0.178287365977107,"global",23,"VS_TEMP"
"ts_166_autogen_original","705","USA",NA,"sd",9.79748175176161,0.882352941176471,7.51219284736913,"global",12,"VS_TEMP"
"ts_166_autogen_original","706","USA",NA,"sd",0.272300457837266,0.495327102803738,0.0187947600197699,"global",2,"VS_TEMP"
"ts_166_autogen_original","707","USA",NA,"sd",0.453640158870139,0.827906976744186,0.0414173627872693,"global",1,"VS_TEMP"
"ts_166_autogen_original","708_MISS_CREAT","USA",NA,"sd",1.93531119650406,0.364285714285715,0.559221794259582,"global",20,"VS_TEMP"
"ts_166_autogen_original","709_MISS_GLUC","USA",NA,"sd",1.76775173586823,0.368686868686868,0.476215911602412,"global",18,"VS_TEMP"
"ts_166_autogen_original","710_MISS_ALT","USA",NA,"sd",22.0505589488629,0.923350785340315,19.1601633370577,"global",25,"VS_TEMP"
"ts_166_autogen_original","711","USA",NA,"sd",0.708004278433638,0.572769953051643,0.0817493476530669,"global",3,"VS_TEMP"
"ts_166_autogen_original","713","USA",NA,"sd",0.6723111303645,0.342995169082125,0.0767192973345316,"global",9,"VS_TEMP"
"ts_166_autogen_original","714","USA",NA,"sd",0.299049372305965,0.345023696682464,0.0215109549496706,"global",5,"VS_TEMP"
"ts_166_autogen_original","715","USA",NA,"sd",0.268578562233717,0.30952380952381,0.0187947600197699,"global",6,"VS_TEMP"
"ts_166_autogen_original","716_MISS_GLUC","USA",NA,"sd",2.34785182395014,0.373056994818653,0.834153814848261,"global",23,"VS_TEMP"
"ts_166_autogen_original","717","USA",NA,"sd",0.696024277027313,0.387559808612441,0.0817189336031802,"global",7,"VS_TEMP"
"ts_166_autogen_original","718","USA",NA,"sd",4.06166836453358,0.627450980392155,2.23878319523751,"global",12,"VS_TEMP"
"ts_166_autogen_original","701_MISS_ALT","USA",NA,"unique_value_count_relative",0.0708482365691535,0.0468823993685888,0,"global",35,"VS_TEMP"
"ts_166_autogen_original","702","USA",NA,"unique_value_count_relative",0.385063744506018,0.590697674418605,0.0307884914241143,"global",1,"VS_TEMP"
"ts_166_autogen_original","703","USA",NA,"unique_value_count_relative",3.12221171462844,0.5007072135785,1.43346146635136,"global",14,"VS_TEMP"
"ts_166_autogen_original","704_MISS_CREAT","USA",NA,"unique_value_count_relative",1.00033793800169,0.228204550574454,0.168548319449014,"global",23,"VS_TEMP"
"ts_166_autogen_original","705","USA",NA,"unique_value_count_relative",9.28761538779434,0.857843137254902,7.02792494876667,"global",12,"VS_TEMP"
"ts_166_autogen_original","706","USA",NA,"unique_value_count_relative",1.22661299783095,0.761682242990654,0.238028762402089,"global",2,"VS_TEMP"
"ts_166_autogen_original","707","USA",NA,"unique_value_count_relative",0.815939811273043,0.851162790697674,0.109202210447712,"global",1,"VS_TEMP"
"ts_166_autogen_original","708_MISS_CREAT","USA",NA,"unique_value_count_relative",0.00869274046516314,0.0153061224489785,0,"global",20,"VS_TEMP"
"ts_166_autogen_original","709_MISS_GLUC","USA",NA,"unique_value_count_relative",0.0881059377880591,0.0707070707070718,0,"global",18,"VS_TEMP"
"ts_166_autogen_original","710_MISS_ALT","USA",NA,"unique_value_count_relative",26.0162221071997,0.963350785340315,23.0386763196756,"global",25,"VS_TEMP"
"ts_166_autogen_original","711","USA",NA,"unique_value_count_relative",0,-1.27675647831893e-15,0,"global",3,"VS_TEMP"
"ts_166_autogen_original","713","USA",NA,"unique_value_count_relative",0.67910792194894,0.285024154589373,0.0771730637523707,"global",9,"VS_TEMP"
"ts_166_autogen_original","714","USA",NA,"unique_value_count_relative",0.272428998132628,0.222748815165877,0.0187947600197699,"global",5,"VS_TEMP"
"ts_166_autogen_original","715","USA",NA,"unique_value_count_relative",0.0366540152476832,0.0619047619047626,0,"global",6,"VS_TEMP"
"ts_166_autogen_original","716_MISS_GLUC","USA",NA,"unique_value_count_relative",0.0427731059988428,0.0414507772020703,0,"global",23,"VS_TEMP"
"ts_166_autogen_original","717","USA",NA,"unique_value_count_relative",2.35854279096602,0.593301435406699,0.843395001340924,"global",7,"VS_TEMP"
"ts_166_autogen_original","718","USA",NA,"unique_value_count_relative",0.00448636091904661,0.00980392156862929,0,"global",12,"VS_TEMP"
"ts_166_autogen_original","701_MISS_ALT","USA",NA,"autocorr",1.50991336247728,0.262857142857143,0.346393081965453,"global",35,"VS_TEMP"
"ts_166_autogen_original","702","USA",NA,"autocorr",0.0344175648036931,0.540669856459332,0,"global",1,"VS_TEMP"
"ts_166_autogen_original","703","USA",NA,"autocorr",0.277329592997326,0.214285714285715,0.0187947600197699,"global",14,"VS_TEMP"
"ts_166_autogen_original","704_MISS_CREAT","USA",NA,"autocorr",0.638351420081699,0.221111369448965,0.0714891569082952,"global",23,"VS_TEMP"
"ts_166_autogen_original","705","USA",NA,"autocorr",0.17913695788359,0.204545454545454,0.00764164481546719,"global",12,"VS_TEMP"
"ts_166_autogen_original","706","USA",NA,"autocorr",0.55161389120007,0.629807692307691,0.0542889065278481,"global",2,"VS_TEMP"
"ts_166_autogen_original","707","USA",NA,"autocorr",0.907245946763101,0.942583732057416,0.132856010700891,"global",1,"VS_TEMP"
"ts_166_autogen_original","708_MISS_CREAT","USA",NA,"autocorr",0.366808342199976,0.197368421052632,0.029340643165178,"global",20,"VS_TEMP"
"ts_166_autogen_original","709_MISS_GLUC","USA",NA,"autocorr",0.138864796253267,0.161458333333333,0.00332195057350819,"global",18,"VS_TEMP"
"ts_166_autogen_original","710_MISS_ALT","USA",NA,"autocorr",0.651265049679774,0.240837696335079,0.0734532748620895,"global",19,"VS_TEMP"
"ts_166_autogen_original","711","USA",NA,"autocorr",1.41497334797082,0.739130434782609,0.310788603444969,"global",3,"VS_TEMP"
"ts_166_autogen_original","713","USA",NA,"autocorr",0.105667874135457,0.207296849087894,0.00141344301173679,"global",9,"VS_TEMP"
"ts_166_autogen_original","714","USA",NA,"autocorr",0.0107392917194232,0.195121951219512,0,"global",5,"VS_TEMP"
"ts_166_autogen_original","715","USA",NA,"autocorr",0.440615384806225,0.357843137254902,0.039901370867779,"global",6,"VS_TEMP"
"ts_166_autogen_original","716_MISS_GLUC","USA",NA,"autocorr",4.31144481692633,0.489886073006278,2.44980187563867,"global",23,"VS_TEMP"
"ts_166_autogen_original","717","USA",NA,"autocorr",0.0172285180388641,0.177339901477832,0,"global",7,"VS_TEMP"
"ts_166_autogen_original","718","USA",NA,"autocorr",3.16215615386919,0.563131313131313,1.46715695631511,"global",12,"VS_TEMP"
"ts_166_autogen_original","701_MISS_ALT","USA",NA,"average",0.924041531060727,0.212628255722178,0.140541289843129,"global",35,"VS_TEMP"
"ts_166_autogen_original","702","USA",NA,"average",0.477121254719663,0.837209302325582,0.044769482139274,"global",1,"VS_TEMP"
"ts_166_autogen_original","703","USA",NA,"average",3.21357844190157,0.52970297029703,1.50450661608577,"global",14,"VS_TEMP"
"ts_166_autogen_original","704_MISS_CREAT","USA",NA,"average",1.17019706102225,0.277765262446497,0.219774273137418,"global",23,"VS_TEMP"
"ts_166_autogen_original","705","USA",NA,"average",8.26794295664584,0.833333333333331,6.07255116195911,"global",12,"VS_TEMP"
"ts_166_autogen_original","706","USA",NA,"average",0.471989536607473,0.593457943925234,0.0443356382579297,"global",2,"VS_TEMP"
"ts_166_autogen_original","707","USA",NA,"average",0.0163904161881693,0.520930232558141,0,"global",1,"VS_TEMP"
"ts_166_autogen_original","708_MISS_CREAT","USA",NA,"average",1.82389061699372,0.355102040816326,0.503294380898777,"global",20,"VS_TEMP"
"ts_166_autogen_original","709_MISS_GLUC","USA",NA,"average",0.833163956532791,0.272727272727272,0.112386769897496,"global",18,"VS_TEMP"
"ts_166_autogen_original","710_MISS_ALT","USA",NA,"average",18.3740969517762,0.874345549738217,15.6326403529831,"global",25,"VS_TEMP"
"ts_166_autogen_original","711","USA",NA,"average",0.860572737313571,0.610328638497653,0.121002207120708,"global",3,"VS_TEMP"
"ts_166_autogen_original","713","USA",NA,"average",0.317773840512557,0.270531400966184,0.024399883426512,"global",9,"VS_TEMP"
"ts_166_autogen_original","714","USA",NA,"average",0.182592489836912,0.305213270142179,0.00828241527458444,"global",5,"VS_TEMP"
"ts_166_autogen_original","715","USA",NA,"average",1.24506199452889,0.519047619047619,0.242182157666826,"global",6,"VS_TEMP"
"ts_166_autogen_original","716_MISS_GLUC","USA",NA,"average",3.55965512100288,0.4489749943681,1.79959327769273,"global",23,"VS_TEMP"
"ts_166_autogen_original","717","USA",NA,"average",1.58253538671572,0.531784005468218,0.382738538771271,"global",7,"VS_TEMP"
"ts_166_autogen_original","718","USA",NA,"average",7.49309906799014,0.803921568627451,5.3394620214104,"global",12,"VS_TEMP"
"ts_166_autogen_original","701_MISS_ALT","USA",NA,"lof",0.689824068228697,0.191002367797947,0.0798500241852364,"global",35,"VS_TEMP"
"ts_166_autogen_original","702","USA",NA,"lof",0.262571743844806,0.730232558139535,0.0181761559072324,"global",1,"VS_TEMP"
"ts_166_autogen_original","703","USA",NA,"lof",1.17044813258929,0.345120226308345,0.219788093102891,"global",14,"VS_TEMP"
"ts_166_autogen_original","704_MISS_CREAT","USA",NA,"lof",0.327696313573312,0.178643838702411,0.0257595575184066,"global",23,"VS_TEMP"
"ts_166_autogen_original","705","USA",NA,"lof",0.783477712583344,0.318627450980392,0.103080053363819,"global",12,"VS_TEMP"
"ts_166_autogen_original","706","USA",NA,"lof",3.06483221973857,0.985981308411215,1.38468214322341,"global",2,"VS_TEMP"
"ts_166_autogen_original","707","USA",NA,"lof",2.03342375548695,1,0.609010337635438,"global",1,"VS_TEMP"
"ts_166_autogen_original","708_MISS_CREAT","USA",NA,"lof",0.567567115769443,0.225510204081633,0.0569491428379798,"global",20,"VS_TEMP"
"ts_166_autogen_original","709_MISS_GLUC","USA",NA,"lof",0.114390312130663,0.156565656565657,0.00228520216212808,"global",18,"VS_TEMP"
"ts_166_autogen_original","710_MISS_ALT","USA",NA,"lof",8.94592745124071,0.654869109947645,6.71310915861335,"global",25,"VS_TEMP"
"ts_166_autogen_original","711","USA",NA,"lof",0.254120572182171,0.417840375586855,0.0175691161125611,"global",3,"VS_TEMP"
"ts_166_autogen_original","713","USA",NA,"lof",1.05639552325187,0.405797101449276,0.183791843919858,"global",9,"VS_TEMP"
"ts_166_autogen_original","714","USA",NA,"lof",1.1209674877606,0.538388625592416,0.204957947186262,"global",5,"VS_TEMP"
"ts_166_autogen_original","715","USA",NA,"lof",0.848024507193028,0.447619047619048,0.116949944193662,"global",6,"VS_TEMP"
"ts_166_autogen_original","716_MISS_GLUC","USA",NA,"lof",0.932482714176374,0.253886010362694,0.143718583619716,"global",23,"VS_TEMP"
"ts_166_autogen_original","717","USA",NA,"lof",3.21008123629631,0.708817498291185,1.50230775070579,"global",7,"VS_TEMP"
"ts_166_autogen_original","718","USA",NA,"lof",1.10073651661912,0.362745098039215,0.198140551495813,"global",12,"VS_TEMP"
"ts_166_autogen_original","701_MISS_ALT","USA",NA,"own_site_simil_score",0.81958454081368,0.173184357541899,0.110193245368004,"global",35,"VS_TEMP"
"ts_166_autogen_original","703","USA",NA,"own_site_simil_score",0.463211690184431,0.19,0.043144280821868,"global",14,"VS_TEMP"
"ts_166_autogen_original","704_MISS_CREAT","USA",NA,"own_site_simil_score",3.67398408210086,0.438652401547918,1.8990476862075,"global",23,"VS_TEMP"
"ts_166_autogen_original","705","USA",NA,"own_site_simil_score",9.39161569604994,0.861386138613862,7.12728035197652,"global",12,"VS_TEMP"
"ts_166_autogen_original","706","USA",NA,"own_site_simil_score",3.88064212640428,0.99528301886793,2.08239273781112,"global",2,"VS_TEMP"
"ts_166_autogen_original","708_MISS_CREAT","USA",NA,"own_site_simil_score",0.0302166526372854,0.0360824742268041,0,"global",20,"VS_TEMP"
"ts_166_autogen_original","709_MISS_GLUC","USA",NA,"own_site_simil_score",0.0627951913168015,0.0561224489795918,0,"global",18,"VS_TEMP"
"ts_166_autogen_original","710_MISS_ALT","USA",NA,"own_site_simil_score",23.1676093709079,0.936507936507941,20.2358210739445,"global",25,"VS_TEMP"
"ts_166_autogen_original","711","USA",NA,"own_site_simil_score",0.422475523363052,0.35387045813586,0.0377716291581111,"global",3,"VS_TEMP"
"ts_166_autogen_original","713","USA",NA,"own_site_simil_score",0.106627674216682,0.102439024390244,0.00145174818754653,"global",9,"VS_TEMP"
"ts_166_autogen_original","714","USA",NA,"own_site_simil_score",0.00900568631376784,0.0191387559808612,0,"global",5,"VS_TEMP"
"ts_166_autogen_original","715","USA",NA,"own_site_simil_score",2.23503183158588,0.616987179487178,0.749405854529679,"global",6,"VS_TEMP"
"ts_166_autogen_original","716_MISS_GLUC","USA",NA,"own_site_simil_score",0.0850756686796855,0.0610061461415891,0,"global",23,"VS_TEMP"
"ts_166_autogen_original","717","USA",NA,"own_site_simil_score",0.212810332623426,0.168391994478951,0.0127786261003676,"global",7,"VS_TEMP"
"ts_166_autogen_original","718","USA",NA,"own_site_simil_score",1.07457380506164,0.315181518151815,0.187805360993318,"global",12,"VS_TEMP"
"ts_167_autogen_original","701_MISS_ALT","USA",NA,"range",1.6051485623971,0.295031055900621,0.395582729403456,"global",28,"VS_WEIGHT"
"ts_167_autogen_original","702","USA",NA,"range",0.197280558125619,0.686170212765958,0.0107622851512282,"global",1,"VS_WEIGHT"
"ts_167_autogen_original","703","USA",NA,"range",1.85619916346937,0.449152542372882,0.518978345137736,"global",12,"VS_WEIGHT"
"ts_167_autogen_original","704_MISS_CREAT","USA",NA,"range",2.7807078480627,0.429881656804734,1.15748396466056,"global",20,"VS_WEIGHT"
"ts_167_autogen_original","705","USA",NA,"range",0.26339321746025,0.23391215526047,0.0182505715710939,"global",11,"VS_WEIGHT"
"ts_167_autogen_original","706","USA",NA,"range",0.633009127687056,0.888297872340427,0.0708155705928553,"global",1,"VS_WEIGHT"
"ts_167_autogen_original","707","USA",NA,"range",0.155887872967395,0.654255319148936,0.00492603084116775,"global",1,"VS_WEIGHT"
"ts_167_autogen_original","708_MISS_CREAT","USA",NA,"range",0.70666159062492,0.257309941520468,0.0817493476530669,"global",18,"VS_WEIGHT"
"ts_167_autogen_original","709_MISS_GLUC","USA",NA,"range",0.0798075818054676,0.146198830409357,0,"global",18,"VS_WEIGHT"
"ts_167_autogen_original","710_MISS_ALT","USA",NA,"range",0.100780186686753,0.139085465432771,0.00115487981511218,"global",22,"VS_WEIGHT"
"ts_167_autogen_original","711","USA",NA,"range",0.406232279334987,0.561497326203208,0.0348270707670336,"global",2,"VS_WEIGHT"
"ts_167_autogen_original","713","USA",NA,"range",1.09386983616184,0.433011049723756,0.195505294685409,"global",8,"VS_WEIGHT"
"ts_167_autogen_original","714","USA",NA,"range",0.967075831144558,0.510869565217391,0.1565189893308,"global",5,"VS_WEIGHT"
"ts_167_autogen_original","715","USA",NA,"range",0.650579165968467,0.441304347826088,0.0734532748620895,"global",5,"VS_WEIGHT"
"ts_167_autogen_original","716_MISS_GLUC","USA",NA,"range",0.235832968978224,0.174852071005917,0.0158563546609264,"global",20,"VS_WEIGHT"
"ts_167_autogen_original","717","USA",NA,"range",0.0963879612096269,0.230769230769231,0.00113196051351849,"global",7,"VS_WEIGHT"
"ts_167_autogen_original","718","USA",NA,"range",0.154210084897088,0.213966480446927,0.00477184202022172,"global",10,"VS_WEIGHT"
"ts_167_autogen_original","701_MISS_ALT","USA",NA,"sd",2.02637933407567,0.326086956521739,0.605805738248675,"global",28,"VS_WEIGHT"
"ts_167_autogen_original","702","USA",NA,"sd",0.431363764158988,0.819148936170214,0.0391151550292751,"global",1,"VS_WEIGHT"
"ts_167_autogen_original","703","USA",NA,"sd",2.20157680049083,0.483050847457627,0.725394616109319,"global",12,"VS_WEIGHT"
"ts_167_autogen_original","704_MISS_CREAT","USA",NA,"sd",2.72048408737484,0.425147928994083,1.11605472479779,"global",20,"VS_WEIGHT"
"ts_167_autogen_original","705","USA",NA,"sd",0.334602365128205,0.249744637385087,0.0260809935995827,"global",11,"VS_WEIGHT"
"ts_167_autogen_original","706","USA",NA,"sd",0.4983105537896,0.845744680851065,0.0478932136587693,"global",1,"VS_WEIGHT"
"ts_167_autogen_original","707","USA",NA,"sd",0.136582717772008,0.638297872340426,0.00332195057350819,"global",1,"VS_WEIGHT"
"ts_167_autogen_original","708_MISS_CREAT","USA",NA,"sd",0.267304669274772,0.190058479532164,0.0187947600197699,"global",18,"VS_WEIGHT"
"ts_167_autogen_original","709_MISS_GLUC","USA",NA,"sd",0.18093029467832,0.172514619883041,0.00764164481546719,"global",18,"VS_WEIGHT"
"ts_167_autogen_original","710_MISS_ALT","USA",NA,"sd",0.727711595291519,0.237615677735438,0.0870701739780639,"global",22,"VS_WEIGHT"
"ts_167_autogen_original","711","USA",NA,"sd",0.355716978977861,0.53475935828877,0.0286429757319766,"global",2,"VS_WEIGHT"
"ts_167_autogen_original","713","USA",NA,"sd",0.675275531928028,0.361187845303867,0.0767192973345316,"global",8,"VS_WEIGHT"
"ts_167_autogen_original","714","USA",NA,"sd",0.687700353779743,0.451086956521739,0.079354689908099,"global",5,"VS_WEIGHT"
"ts_167_autogen_original","715","USA",NA,"sd",0.279666210377415,0.339130434782609,0.0187947600197699,"global",5,"VS_WEIGHT"
"ts_167_autogen_original","716_MISS_GLUC","USA",NA,"sd",0.0452915235176531,0.12603550295858,0,"global",20,"VS_WEIGHT"
"ts_167_autogen_original","717","USA",NA,"sd",0.293327243225969,0.296703296703297,0.0198350847628196,"global",7,"VS_WEIGHT"
"ts_167_autogen_original","718","USA",NA,"sd",0.0139100768982801,0.146368715083799,0,"global",10,"VS_WEIGHT"
"ts_167_autogen_original","701_MISS_ALT","USA",NA,"unique_value_count_relative",1.90617827763909,0.295031055900621,0.548999922015899,"global",28,"VS_WEIGHT"
"ts_167_autogen_original","702","USA",NA,"unique_value_count_relative",0.513033810610307,0.696808510638298,0.0499822263486836,"global",1,"VS_WEIGHT"
"ts_167_autogen_original","703","USA",NA,"unique_value_count_relative",0.1545615757951,0.112994350282485,0.00477184202022172,"global",12,"VS_WEIGHT"
"ts_167_autogen_original","704_MISS_CREAT","USA",NA,"unique_value_count_relative",0.76942415414044,0.21301775147929,0.0979886322122864,"global",20,"VS_WEIGHT"
"ts_167_autogen_original","705","USA",NA,"unique_value_count_relative",0.38985924311679,0.193564862104188,0.0317704115165851,"global",11,"VS_WEIGHT"
"ts_167_autogen_original","706","USA",NA,"unique_value_count_relative",0.00462019763674537,0.0106382978723381,0,"global",1,"VS_WEIGHT"
"ts_167_autogen_original","707","USA",NA,"unique_value_count_relative",1.02118929906994,0.909574468085106,0.174221442903659,"global",1,"VS_WEIGHT"
"ts_167_autogen_original","708_MISS_CREAT","USA",NA,"unique_value_count_relative",0.109333813310268,0.0789473684210526,0.00161777943308151,"global",18,"VS_WEIGHT"
"ts_167_autogen_original","709_MISS_GLUC","USA",NA,"unique_value_count_relative",0.16485627870662,0.0994152046783626,0.00615929198555761,"global",18,"VS_WEIGHT"
"ts_167_autogen_original","710_MISS_ALT","USA",NA,"unique_value_count_relative",0.438369872065059,0.15242242787153,0.0397638968206807,"global",22,"VS_WEIGHT"
"ts_167_autogen_original","711","USA",NA,"unique_value_count_relative",0.0171017914199567,0.0374331550802118,0,"global",2,"VS_WEIGHT"
"ts_167_autogen_original","713","USA",NA,"unique_value_count_relative",2.68292693091128,0.595303867403315,1.08859789523856,"global",8,"VS_WEIGHT"
"ts_167_autogen_original","714","USA",NA,"unique_value_count_relative",0.176847717163094,0.177173913043478,0.00761862359049177,"global",5,"VS_WEIGHT"
"ts_167_autogen_original","715","USA",NA,"unique_value_count_relative",0.0604967266783068,0.0923913043478257,0,"global",5,"VS_WEIGHT"
"ts_167_autogen_original","716_MISS_GLUC","USA",NA,"unique_value_count_relative",0.353462813625522,0.141715976331361,0.0281734382819936,"global",20,"VS_WEIGHT"
"ts_167_autogen_original","717","USA",NA,"unique_value_count_relative",0.0945345686638485,0.10989010989011,0.000997008755012504,"global",7,"VS_WEIGHT"
"ts_167_autogen_original","718","USA",NA,"unique_value_count_relative",0,9.99200722162641e-16,0,"global",10,"VS_WEIGHT"
"ts_167_autogen_original","701_MISS_ALT","USA",NA,"autocorr",0.576049192932977,0.198757763975156,0.0584849681011108,"global",28,"VS_WEIGHT"
"ts_167_autogen_original","702","USA",NA,"autocorr",30,1,30,"global",1,"VS_WEIGHT"
"ts_167_autogen_original","703","USA",NA,"autocorr",0.716947704684325,0.307909604519774,0.083743841503488,"global",12,"VS_WEIGHT"
"ts_167_autogen_original","704_MISS_CREAT","USA",NA,"autocorr",1.34155236824319,0.313905325443787,0.277639502682224,"global",20,"VS_WEIGHT"
"ts_167_autogen_original","705","USA",NA,"autocorr",0.28658628340602,0.239019407558734,0.0193649218462703,"global",11,"VS_WEIGHT"
"ts_167_autogen_original","706","USA",NA,"autocorr",0.0023039549095646,0.505319148936169,0,"global",1,"VS_WEIGHT"
"ts_167_autogen_original","707","USA",NA,"autocorr",0.235069119015019,0.712765957446809,0.0158563546609264,"global",1,"VS_WEIGHT"
"ts_167_autogen_original","708_MISS_CREAT","USA",NA,"autocorr",0.282711487134583,0.192982456140351,0.019092784090722,"global",18,"VS_WEIGHT"
"ts_167_autogen_original","709_MISS_GLUC","USA",NA,"autocorr",1.68605226780258,0.362573099415205,0.429583954178489,"global",18,"VS_WEIGHT"
"ts_167_autogen_original","710_MISS_ALT","USA",NA,"autocorr",0.686735757227076,0.232716385410996,0.079354689908099,"global",22,"VS_WEIGHT"
"ts_167_autogen_original","711","USA",NA,"autocorr",0.170770474674094,0.454545454545454,0.0070680119406515,"global",2,"VS_WEIGHT"
"ts_167_autogen_original","713","USA",NA,"autocorr",0.245261297238644,0.264502762430939,0.0162588930396488,"global",8,"VS_WEIGHT"
"ts_167_autogen_original","714","USA",NA,"autocorr",0.309873613944628,0.348913043478261,0.022980621954354,"global",5,"VS_WEIGHT"
"ts_167_autogen_original","715","USA",NA,"autocorr",0.564224794010035,0.419565217391304,0.056542254803989,"global",5,"VS_WEIGHT"
"ts_167_autogen_original","716_MISS_GLUC","USA",NA,"autocorr",0.345935211636997,0.193786982248521,0.0276772754455865,"global",20,"VS_WEIGHT"
"ts_167_autogen_original","717","USA",NA,"autocorr",0.0845278163563606,0.225274725274725,0,"global",7,"VS_WEIGHT"
"ts_167_autogen_original","718","USA",NA,"autocorr",1.91399344517387,0.492737430167598,0.551836904355372,"global",10,"VS_WEIGHT"
"ts_167_autogen_original","701_MISS_ALT","USA",NA,"average",1.3736257346834,0.276397515527951,0.294347162690081,"global",28,"VS_WEIGHT"
"ts_167_autogen_original","702","USA",NA,"average",0.395648211892453,0.803191489361702,0.0326828498084068,"global",1,"VS_WEIGHT"
"ts_167_autogen_original","703","USA",NA,"average",0.0608323227945095,0.165254237288135,0,"global",12,"VS_WEIGHT"
"ts_167_autogen_original","704_MISS_CREAT","USA",NA,"average",0.315455358782481,0.18905325443787,0.0241572908405998,"global",20,"VS_WEIGHT"
"ts_167_autogen_original","705","USA",NA,"average",0.245145243689215,0.229315628192032,0.0162588930396488,"global",11,"VS_WEIGHT"
"ts_167_autogen_original","706","USA",NA,"average",0.267861632411326,0.734042553191489,0.0187947600197699,"global",1,"VS_WEIGHT"
"ts_167_autogen_original","707","USA",NA,"average",0.183040119011009,0.675531914893617,0.00828241527458444,"global",1,"VS_WEIGHT"
"ts_167_autogen_original","708_MISS_CREAT","USA",NA,"average",0.193864271563742,0.175438596491228,0.00942137080004779,"global",18,"VS_WEIGHT"
"ts_167_autogen_original","709_MISS_GLUC","USA",NA,"average",0.00475523266095012,0.10233918128655,0,"global",18,"VS_WEIGHT"
"ts_167_autogen_original","710_MISS_ALT","USA",NA,"average",0.731652027808783,0.237887860642352,0.0883262247146885,"global",22,"VS_WEIGHT"
"ts_167_autogen_original","711","USA",NA,"average",0.206541914968823,0.470588235294117,0.0127786261003676,"global",2,"VS_WEIGHT"
"ts_167_autogen_original","713","USA",NA,"average",0.413054279795922,0.306629834254144,0.0358157096702792,"global",8,"VS_WEIGHT"
"ts_167_autogen_original","714","USA",NA,"average",0.792714315730345,0.473913043478261,0.105389107024988,"global",5,"VS_WEIGHT"
"ts_167_autogen_original","715","USA",NA,"average",0.664845324572172,0.445652173913044,0.0748025473424788,"global",5,"VS_WEIGHT"
"ts_167_autogen_original","716_MISS_GLUC","USA",NA,"average",0.0708503462237387,0.135798816568047,0,"global",20,"VS_WEIGHT"
"ts_167_autogen_original","717","USA",NA,"average",0.0201013936666715,0.181318681318681,0,"global",7,"VS_WEIGHT"
"ts_167_autogen_original","718","USA",NA,"average",0.63255674181828,0.319553072625699,0.0708155705928553,"global",10,"VS_WEIGHT"
"ts_167_autogen_original","701_MISS_ALT","USA",NA,"lof",0.223417502872035,0.150621118012422,0.0143801853732146,"global",28,"VS_WEIGHT"
"ts_167_autogen_original","702","USA",NA,"lof",0.595220566797657,0.877659574468087,0.0624379556211536,"global",1,"VS_WEIGHT"
"ts_167_autogen_original","703","USA",NA,"lof",2.64397695049856,0.522598870056497,1.06146618100313,"global",12,"VS_WEIGHT"
"ts_167_autogen_original","704_MISS_CREAT","USA",NA,"lof",1.31575511753899,0.311538461538461,0.2665753221248,"global",20,"VS_WEIGHT"
"ts_167_autogen_original","705","USA",NA,"lof",0.256313669414737,0.231869254341164,0.0180230384442327,"global",11,"VS_WEIGHT"
"ts_167_autogen_original","706","USA",NA,"lof",0.720159303405956,0.909574468085108,0.0841579466941859,"global",1,"VS_WEIGHT"
"ts_167_autogen_original","707","USA",NA,"lof",0.0669467896306133,0.574468085106383,0,"global",1,"VS_WEIGHT"
"ts_167_autogen_original","708_MISS_CREAT","USA",NA,"lof",0.366727605770783,0.207602339181287,0.029340643165178,"global",18,"VS_WEIGHT"
"ts_167_autogen_original","709_MISS_GLUC","USA",NA,"lof",1.15240377528903,0.309941520467836,0.210657588831491,"global",18,"VS_WEIGHT"
"ts_167_autogen_original","710_MISS_ALT","USA",NA,"lof",0.6221642588748,0.224550898203592,0.0692279083603018,"global",22,"VS_WEIGHT"
"ts_167_autogen_original","711","USA",NA,"lof",0.182072455869268,0.459893048128342,0.00809346283663358,"global",2,"VS_WEIGHT"
"ts_167_autogen_original","713","USA",NA,"lof",0.342918804883882,0.290055248618784,0.0272715884330714,"global",8,"VS_WEIGHT"
"ts_167_autogen_original","714","USA",NA,"lof",0.523454373828062,0.408695652173913,0.0510594618100574,"global",5,"VS_WEIGHT"
"ts_167_autogen_original","715","USA",NA,"lof",0.0953571417064378,0.266304347826087,0.00113196051351849,"global",5,"VS_WEIGHT"
"ts_167_autogen_original","716_MISS_GLUC","USA",NA,"lof",0.217173190799115,0.171301775147929,0.0137297689802274,"global",20,"VS_WEIGHT"
"ts_167_autogen_original","717","USA",NA,"lof",0.0157103364248738,0.175824175824176,0,"global",7,"VS_WEIGHT"
"ts_167_autogen_original","718","USA",NA,"lof",0.935004283882078,0.36927374301676,0.143718583619716,"global",10,"VS_WEIGHT"
"ts_167_autogen_original","701_MISS_ALT","USA",NA,"own_site_simil_score",3.06083613869749,0.373417721518987,1.381900872714,"global",28,"VS_WEIGHT"
"ts_167_autogen_original","703","USA",NA,"own_site_simil_score",0.0541919433419435,0.0632183908045977,0,"global",12,"VS_WEIGHT"
"ts_167_autogen_original","704_MISS_CREAT","USA",NA,"own_site_simil_score",0.260087007857264,0.120481927710843,0.0180230384442327,"global",20,"VS_WEIGHT"
"ts_167_autogen_original","705","USA",NA,"own_site_simil_score",0.443848130955226,0.207272727272728,0.039901370867779,"global",11,"VS_WEIGHT"
"ts_167_autogen_original","708_MISS_CREAT","USA",NA,"own_site_simil_score",2.73665409228502,0.424603174603174,1.1250120814327,"global",18,"VS_WEIGHT"
"ts_167_autogen_original","709_MISS_GLUC","USA",NA,"own_site_simil_score",1.56450015915603,0.321428571428571,0.375088171946049,"global",18,"VS_WEIGHT"
"ts_167_autogen_original","710_MISS_ALT","USA",NA,"own_site_simil_score",0.00295176280465576,0.00609756097560976,0,"global",22,"VS_WEIGHT"
"ts_167_autogen_original","711","USA",NA,"own_site_simil_score",30,1,30,"global",2,"VS_WEIGHT"
"ts_167_autogen_original","713","USA",NA,"own_site_simil_score",0.995323268202715,0.365168539325844,0.166169617029052,"global",8,"VS_WEIGHT"
"ts_167_autogen_original","714","USA",NA,"own_site_simil_score",2.60898857628251,0.717127071823203,1.03510637460973,"global",5,"VS_WEIGHT"
"ts_167_autogen_original","715","USA",NA,"own_site_simil_score",1.88870072205606,0.618784530386739,0.537267086199274,"global",5,"VS_WEIGHT"
"ts_167_autogen_original","716_MISS_GLUC","USA",NA,"own_site_simil_score",1.93842659655375,0.341566265060241,0.560622707085359,"global",20,"VS_WEIGHT"
"ts_167_autogen_original","717","USA",NA,"own_site_simil_score",0.0834341446781325,0.100558659217877,0,"global",7,"VS_WEIGHT"
"ts_167_autogen_original","718","USA",NA,"own_site_simil_score",1.907610832743,0.457954545454545,0.549388736815851,"global",10,"VS_WEIGHT"
"ts_168_autogen_original","701_MISS_ALT","USA",NA,"range",1.72419242348928,0.2546904315197,0.451693621122158,"global",41,"VS_WEIGHT"
"ts_168_autogen_original","702","USA",NA,"range",0.59001937311185,0.874999999999999,0.0614374177932769,"global",1,"VS_WEIGHT"
"ts_168_autogen_original","703","USA",NA,"range",3.85940164515579,0.512987012987014,2.06591604635869,"global",18,"VS_WEIGHT"
"ts_168_autogen_original","704_MISS_CREAT","USA",NA,"range",2.01113306832593,0.332678571428571,0.596540669312524,"global",25,"VS_WEIGHT"
"ts_168_autogen_original","705","USA",NA,"range",0.689936200833756,0.280851063829787,0.0798500241852364,"global",14,"VS_WEIGHT"
"ts_168_autogen_original","706","USA",NA,"range",0.284013898327224,0.43089430894309,0.0192580657763126,"global",3,"VS_WEIGHT"
"ts_168_autogen_original","707","USA",NA,"range",0.112679275111213,0.421052631578947,0.00204426589053558,"global",2,"VS_WEIGHT"
"ts_168_autogen_original","708_MISS_CREAT","USA",NA,"range",1.25066074720905,0.283185840707965,0.243707498548971,"global",23,"VS_WEIGHT"
"ts_168_autogen_original","709_MISS_GLUC","USA",NA,"range",0.0143432135893979,0.105263157894737,0,"global",21,"VS_WEIGHT"
"ts_168_autogen_original","710_MISS_ALT","USA",NA,"range",0.060948836173076,0.110045662100457,0,"global",30,"VS_WEIGHT"
"ts_168_autogen_original","711","USA",NA,"range",0.0588385714372081,0.26530612244898,0,"global",4,"VS_WEIGHT"
"ts_168_autogen_original","713","USA",NA,"range",0.816392924138315,0.365277777777778,0.109396583667617,"global",9,"VS_WEIGHT"
"ts_168_autogen_original","714","USA",NA,"range",0.165162544242409,0.273662551440329,0.00621281107824427,"global",6,"VS_WEIGHT"
"ts_168_autogen_original","715","USA",NA,"range",0.0732095913500251,0.203319502074689,0,"global",8,"VS_WEIGHT"
"ts_168_autogen_original","716_MISS_GLUC","USA",NA,"range",0.209756651147478,0.155,0.0127786261003676,"global",24,"VS_WEIGHT"
"ts_168_autogen_original","717","USA",NA,"range",0.145419596146945,0.247343565525383,0.00348560596506643,"global",7,"VS_WEIGHT"
"ts_168_autogen_original","718","USA",NA,"range",0.171151030455314,0.19361147327249,0.0070680119406515,"global",13,"VS_WEIGHT"
"ts_168_autogen_original","701_MISS_ALT","USA",NA,"sd",1.12948065372282,0.213531894934333,0.20569693309592,"global",41,"VS_WEIGHT"
"ts_168_autogen_original","702","USA",NA,"sd",0.632771353532798,0.887096774193548,0.0708155705928553,"global",1,"VS_WEIGHT"
"ts_168_autogen_original","703","USA",NA,"sd",3.52957227661174,0.492784992784995,1.77387523870404,"global",18,"VS_WEIGHT"
"ts_168_autogen_original","704_MISS_CREAT","USA",NA,"sd",2.60020446501057,0.3725,1.03202814793933,"global",25,"VS_WEIGHT"
"ts_168_autogen_original","705","USA",NA,"sd",1.07317885728316,0.331914893617021,0.187805360993318,"global",14,"VS_WEIGHT"
"ts_168_autogen_original","706","USA",NA,"sd",0.0936367566499283,0.329268292682927,0.000866646273724741,"global",3,"VS_WEIGHT"
"ts_168_autogen_original","707","USA",NA,"sd",0.00888129666440438,0.301619433198381,0,"global",2,"VS_WEIGHT"
"ts_168_autogen_original","708_MISS_CREAT","USA",NA,"sd",0.941102862013195,0.252981916121586,0.145805733633966,"global",23,"VS_WEIGHT"
"ts_168_autogen_original","709_MISS_GLUC","USA",NA,"sd",0.0188388018423901,0.108395989974937,0,"global",21,"VS_WEIGHT"
"ts_168_autogen_original","710_MISS_ALT","USA",NA,"sd",0.15281171956066,0.131050228310502,0.00459272143644796,"global",30,"VS_WEIGHT"
"ts_168_autogen_original","711","USA",NA,"sd",0.0750109517651099,0.277551020408164,0,"global",4,"VS_WEIGHT"
"ts_168_autogen_original","713","USA",NA,"sd",0.566965692525541,0.320833333333333,0.0568768241760149,"global",9,"VS_WEIGHT"
"ts_168_autogen_original","714","USA",NA,"sd",0.0589436499683795,0.224279835390946,0,"global",6,"VS_WEIGHT"
"ts_168_autogen_original","715","USA",NA,"sd",0.112092375795751,0.219917012448133,0.00188310674438115,"global",8,"VS_WEIGHT"
"ts_168_autogen_original","716_MISS_GLUC","USA",NA,"sd",0.535402072810202,0.202777777777778,0.0525096332519319,"global",24,"VS_WEIGHT"
"ts_168_autogen_original","717","USA",NA,"sd",0.223416499880405,0.272727272727272,0.0143801853732146,"global",7,"VS_WEIGHT"
"ts_168_autogen_original","718","USA",NA,"sd",0.142647327498957,0.185788787483703,0.00336381675686189,"global",13,"VS_WEIGHT"
"ts_168_autogen_original","701_MISS_ALT","USA",NA,"unique_value_count_relative",1.43307654555596,0.213766416510319,0.316100836410581,"global",41,"VS_WEIGHT"
"ts_168_autogen_original","702","USA",NA,"unique_value_count_relative",0.762730891516149,0.830645161290323,0.0956924328149807,"global",1,"VS_WEIGHT"
"ts_168_autogen_original","703","USA",NA,"unique_value_count_relative",0.0133984084579896,0.0216450216450222,0,"global",18,"VS_WEIGHT"
"ts_168_autogen_original","704_MISS_CREAT","USA",NA,"unique_value_count_relative",0.32558515896864,0.121607142857143,0.0257595575184066,"global",25,"VS_WEIGHT"
"ts_168_autogen_original","705","USA",NA,"unique_value_count_relative",1.82673954067642,0.382978723404255,0.504011793643132,"global",14,"VS_WEIGHT"
"ts_168_autogen_original","706","USA",NA,"unique_value_count_relative",0.017195762596808,0.0365853658536583,0,"global",3,"VS_WEIGHT"
"ts_168_autogen_original","707","USA",NA,"unique_value_count_relative",0.979076022051357,0.680161943319839,0.159042674845963,"global",2,"VS_WEIGHT"
"ts_168_autogen_original","708_MISS_CREAT","USA",NA,"unique_value_count_relative",0.104138886740378,0.0679107348980372,0.00136064883470355,"global",23,"VS_WEIGHT"
"ts_168_autogen_original","709_MISS_GLUC","USA",NA,"unique_value_count_relative",0.158328339158025,0.088972431077694,0.00540555925154543,"global",21,"VS_WEIGHT"
"ts_168_autogen_original","710_MISS_ALT","USA",NA,"unique_value_count_relative",0.60631883549847,0.156164383561644,0.0642539338556346,"global",30,"VS_WEIGHT"
"ts_168_autogen_original","711","USA",NA,"unique_value_count_relative",0.0382231887213652,0.069387755102041,0,"global",4,"VS_WEIGHT"
"ts_168_autogen_original","713","USA",NA,"unique_value_count_relative",2.07484887086911,0.497222222222224,0.635820962932566,"global",9,"VS_WEIGHT"
"ts_168_autogen_original","714","USA",NA,"unique_value_count_relative",0.0886361449339887,0.111111111111111,3.14897458728542e-05,"global",6,"VS_WEIGHT"
"ts_168_autogen_original","715","USA",NA,"unique_value_count_relative",0.170424384188157,0.139004149377593,0.0070680119406515,"global",8,"VS_WEIGHT"
"ts_168_autogen_original","716_MISS_GLUC","USA",NA,"unique_value_count_relative",0.257382104613451,0.109444444444444,0.0180230384442327,"global",24,"VS_WEIGHT"
"ts_168_autogen_original","717","USA",NA,"unique_value_count_relative",0.0643499168450686,0.0850059031877214,0,"global",7,"VS_WEIGHT"
"ts_168_autogen_original","718","USA",NA,"unique_value_count_relative",0.0305048303239637,0.0423728813559329,0,"global",13,"VS_WEIGHT"
"ts_168_autogen_original","701_MISS_ALT","USA",NA,"autocorr",0.375036925064959,0.147435897435898,0.029667132687552,"global",40,"VS_WEIGHT"
"ts_168_autogen_original","702","USA",NA,"autocorr",1.11579535716843,0.965811965811964,0.203746292879756,"global",1,"VS_WEIGHT"
"ts_168_autogen_original","703","USA",NA,"autocorr",0.596389276555166,0.245008094981112,0.0624379556211536,"global",17,"VS_WEIGHT"
"ts_168_autogen_original","704_MISS_CREAT","USA",NA,"autocorr",1.660592130052,0.313981042654029,0.421210067922252,"global",24,"VS_WEIGHT"
"ts_168_autogen_original","705","USA",NA,"autocorr",0.1387085179653,0.178733031674208,0.00332195057350819,"global",14,"VS_WEIGHT"
"ts_168_autogen_original","706","USA",NA,"autocorr",0.0659275901902474,0.311781609195402,0,"global",3,"VS_WEIGHT"
"ts_168_autogen_original","707","USA",NA,"autocorr",0.0366141111208053,0.542735042735042,0,"global",1,"VS_WEIGHT"
"ts_168_autogen_original","708_MISS_CREAT","USA",NA,"autocorr",0.359896108279274,0.186086214255229,0.0291911941721303,"global",22,"VS_WEIGHT"
"ts_168_autogen_original","709_MISS_GLUC","USA",NA,"autocorr",1.07436106027671,0.277926123720516,0.187805360993318,"global",21,"VS_WEIGHT"
"ts_168_autogen_original","710_MISS_ALT","USA",NA,"autocorr",0.7563678269677,0.218126780626781,0.0941657773319023,"global",27,"VS_WEIGHT"
"ts_168_autogen_original","711","USA",NA,"autocorr",0.546737483296915,0.456709956709957,0.0542889065278481,"global",4,"VS_WEIGHT"
"ts_168_autogen_original","713","USA",NA,"autocorr",0.642938816664882,0.352973568281938,0.0724344787518298,"global",8,"VS_WEIGHT"
"ts_168_autogen_original","714","USA",NA,"autocorr",0.126580627412047,0.282608695652174,0.00310582019373197,"global",5,"VS_WEIGHT"
"ts_168_autogen_original","715","USA",NA,"autocorr",0.32075981701534,0.301378446115289,0.0251876881791573,"global",7,"VS_WEIGHT"
"ts_168_autogen_original","716_MISS_GLUC","USA",NA,"autocorr",0.736141257334917,0.235808792146821,0.0906976900523529,"global",22,"VS_WEIGHT"
"ts_168_autogen_original","717","USA",NA,"autocorr",0.226662141586271,0.273809523809524,0.0148866203951175,"global",7,"VS_WEIGHT"
"ts_168_autogen_original","718","USA",NA,"autocorr",0.249623720832678,0.220104633781764,0.0164431198716943,"global",12,"VS_WEIGHT"
"ts_168_autogen_original","701_MISS_ALT","USA",NA,"average",2.07989008432282,0.27626641651032,0.637356955728698,"global",41,"VS_WEIGHT"
"ts_168_autogen_original","702","USA",NA,"average",0.461700895852168,0.830645161290323,0.0431110484342945,"global",1,"VS_WEIGHT"
"ts_168_autogen_original","703","USA",NA,"average",0.0627978802145805,0.137806637806638,0,"global",18,"VS_WEIGHT"
"ts_168_autogen_original","704_MISS_CREAT","USA",NA,"average",0.230073848549653,0.155178571428571,0.0155270628468265,"global",25,"VS_WEIGHT"
"ts_168_autogen_original","705","USA",NA,"average",0.403126271213071,0.234954407294832,0.0342253555435708,"global",14,"VS_WEIGHT"
"ts_168_autogen_original","706","USA",NA,"average",0.0859675867548729,0.32520325203252,0,"global",3,"VS_WEIGHT"
"ts_168_autogen_original","707","USA",NA,"average",0.0128473521722299,0.311740890688259,0,"global",2,"VS_WEIGHT"
"ts_168_autogen_original","708_MISS_CREAT","USA",NA,"average",0.196821978253202,0.155252020007696,0.0106158946942877,"global",23,"VS_WEIGHT"
"ts_168_autogen_original","709_MISS_GLUC","USA",NA,"average",0.0151942633289711,0.105889724310777,0,"global",21,"VS_WEIGHT"
"ts_168_autogen_original","710_MISS_ALT","USA",NA,"average",0.823121236315713,0.214611872146119,0.111083085704509,"global",30,"VS_WEIGHT"
"ts_168_autogen_original","711","USA",NA,"average",0.0150022692569868,0.223469387755102,0,"global",4,"VS_WEIGHT"
"ts_168_autogen_original","713","USA",NA,"average",0.300373450202617,0.263888888888889,0.0216353356058599,"global",9,"VS_WEIGHT"
"ts_168_autogen_original","714","USA",NA,"average",0.449105074129182,0.358024691358025,0.0400933181273282,"global",6,"VS_WEIGHT"
"ts_168_autogen_original","715","USA",NA,"average",0.441397652266235,0.311203319502074,0.039901370867779,"global",8,"VS_WEIGHT"
"ts_168_autogen_original","716_MISS_GLUC","USA",NA,"average",0.141375270329433,0.141666666666667,0.00332195057350819,"global",24,"VS_WEIGHT"
"ts_168_autogen_original","717","USA",NA,"average",0.0821284536354962,0.220779220779221,0,"global",7,"VS_WEIGHT"
"ts_168_autogen_original","718","USA",NA,"average",1.23615066471565,0.363102998696219,0.238608248775343,"global",13,"VS_WEIGHT"
"ts_168_autogen_original","701_MISS_ALT","USA",NA,"lof",0.101634178072328,0.105886491557223,0.00136064883470355,"global",41,"VS_WEIGHT"
"ts_168_autogen_original","702","USA",NA,"lof",0.48238549471202,0.838709677419354,0.0452641117606665,"global",1,"VS_WEIGHT"
"ts_168_autogen_original","703","USA",NA,"lof",1.53483294404927,0.343434343434344,0.358254763692333,"global",18,"VS_WEIGHT"
"ts_168_autogen_original","704_MISS_CREAT","USA",NA,"lof",0.206770759484,0.151964285714286,0.0127786261003676,"global",25,"VS_WEIGHT"
"ts_168_autogen_original","705","USA",NA,"lof",0.0109721332855777,0.121580547112462,0,"global",14,"VS_WEIGHT"
"ts_168_autogen_original","706","USA",NA,"lof",0.827029886665116,0.601626016260163,0.111626167565758,"global",3,"VS_WEIGHT"
"ts_168_autogen_original","707","USA",NA,"lof",0.109645097125349,0.419028340080972,0.00161777943308151,"global",2,"VS_WEIGHT"
"ts_168_autogen_original","708_MISS_CREAT","USA",NA,"lof",0.392913565111426,0.186994998076183,0.032395399548659,"global",23,"VS_WEIGHT"
"ts_168_autogen_original","709_MISS_GLUC","USA",NA,"lof",0.301171052609497,0.180451127819549,0.0216353356058599,"global",21,"VS_WEIGHT"
"ts_168_autogen_original","710_MISS_ALT","USA",NA,"lof",1.62105942262469,0.281735159817352,0.401938508711882,"global",30,"VS_WEIGHT"
"ts_168_autogen_original","711","USA",NA,"lof",0.143337119434485,0.318367346938775,0.00348560596506643,"global",4,"VS_WEIGHT"
"ts_168_autogen_original","713","USA",NA,"lof",0.963092142666616,0.388888888888889,0.154926455740411,"global",9,"VS_WEIGHT"
"ts_168_autogen_original","714","USA",NA,"lof",0.515079631582609,0.374485596707819,0.0499822263486836,"global",6,"VS_WEIGHT"
"ts_168_autogen_original","715","USA",NA,"lof",0.293090132305697,0.276452282157676,0.0198350847628196,"global",8,"VS_WEIGHT"
"ts_168_autogen_original","716_MISS_GLUC","USA",NA,"lof",0.429491782840861,0.188888888888889,0.0391151550292751,"global",24,"VS_WEIGHT"
"ts_168_autogen_original","717","USA",NA,"lof",0.0647956082922276,0.211924439197167,0,"global",7,"VS_WEIGHT"
"ts_168_autogen_original","718","USA",NA,"lof",1.49727693156123,0.392764015645372,0.341163971781099,"global",13,"VS_WEIGHT"
"ts_168_autogen_original","701_MISS_ALT","USA",NA,"own_site_simil_score",2.03389909274339,0.25521385648639,0.609010337635438,"global",41,"VS_WEIGHT"
"ts_168_autogen_original","703","USA",NA,"own_site_simil_score",0.301025537326881,0.134782608695652,0.0216353356058599,"global",18,"VS_WEIGHT"
"ts_168_autogen_original","704_MISS_CREAT","USA",NA,"own_site_simil_score",1.8758977960675,0.300448430493274,0.528440723471648,"global",25,"VS_WEIGHT"
"ts_168_autogen_original","705","USA",NA,"own_site_simil_score",0.205426750760683,0.122100122100122,0.0127786261003676,"global",14,"VS_WEIGHT"
"ts_168_autogen_original","706","USA",NA,"own_site_simil_score",0.870919434099235,0.531972789115646,0.123050955550733,"global",3,"VS_WEIGHT"
"ts_168_autogen_original","707","USA",NA,"own_site_simil_score",0,-2.9993368899639e-15,0,"global",2,"VS_WEIGHT"
"ts_168_autogen_original","708_MISS_CREAT","USA",NA,"own_site_simil_score",1.01672124560528,0.228405797101449,0.174155965285914,"global",23,"VS_WEIGHT"
"ts_168_autogen_original","709_MISS_GLUC","USA",NA,"own_site_simil_score",2.21915432042511,0.352422907488987,0.739152458986018,"global",21,"VS_WEIGHT"
"ts_168_autogen_original","710_MISS_ALT","USA",NA,"own_site_simil_score",0.0128926929505216,0.018348623853211,0,"global",30,"VS_WEIGHT"
"ts_168_autogen_original","711","USA",NA,"own_site_simil_score",0.037992890948317,0.069672131147541,0,"global",4,"VS_WEIGHT"
"ts_168_autogen_original","713","USA",NA,"own_site_simil_score",0.891940508113941,0.325430032543004,0.130413926545519,"global",9,"VS_WEIGHT"
"ts_168_autogen_original","714","USA",NA,"own_site_simil_score",0.0977502368254712,0.117079889807162,0.00113196051351849,"global",6,"VS_WEIGHT"
"ts_168_autogen_original","715","USA",NA,"own_site_simil_score",2.5454659583798,0.579166666666664,0.988856704443408,"global",8,"VS_WEIGHT"
"ts_168_autogen_original","716_MISS_GLUC","USA",NA,"own_site_simil_score",3.98452781615875,0.444940476190476,2.17822078489596,"global",24,"VS_WEIGHT"
"ts_168_autogen_original","717","USA",NA,"own_site_simil_score",0.10618956117232,0.114404267931239,0.00141344301173679,"global",7,"VS_WEIGHT"
"ts_168_autogen_original","718","USA",NA,"own_site_simil_score",3.31309755503773,0.530278232405893,1.58406994546755,"global",13,"VS_WEIGHT"
"ts_169_autogen_original","701_MISS_ALT","USA",NA,"range",0.0158911411403101,0.0802702393221114,0,"global",41,"VS_WEIGHT_CAT=60-80 kg"
"ts_169_autogen_original","702","USA",NA,"range",0.387800377321157,0.798418972332016,0.0315211818239177,"global",1,"VS_WEIGHT_CAT=60-80 kg"
"ts_169_autogen_original","703","USA",NA,"range",0.12566232987579,0.156308851224106,0.00310582019373197,"global",18,"VS_WEIGHT_CAT=60-80 kg"
"ts_169_autogen_original","704_MISS_CREAT","USA",NA,"range",0.365497538734618,0.176419213973799,0.029340643165178,"global",25,"VS_WEIGHT_CAT=60-80 kg"
"ts_169_autogen_original","705","USA",NA,"range",1.49583471085446,0.35766806722689,0.341163971781099,"global",16,"VS_WEIGHT_CAT=60-80 kg"
"ts_169_autogen_original","706","USA",NA,"range",0.280085071422858,0.427622841965471,0.0187947600197699,"global",3,"VS_WEIGHT_CAT=60-80 kg"
"ts_169_autogen_original","707","USA",NA,"range",0.412383240674936,0.563492063492062,0.0355684020447966,"global",2,"VS_WEIGHT_CAT=60-80 kg"
"ts_169_autogen_original","708_MISS_CREAT","USA",NA,"range",0.0258486013137116,0.104454148471615,0,"global",25,"VS_WEIGHT_CAT=60-80 kg"
"ts_169_autogen_original","709_MISS_GLUC","USA",NA,"range",0.758752481935624,0.242591457183732,0.0951496926573801,"global",21,"VS_WEIGHT_CAT=60-80 kg"
"ts_169_autogen_original","710_MISS_ALT","USA",NA,"range",0.312808042163252,0.153912917691306,0.0237540628356482,"global",31,"VS_WEIGHT_CAT=60-80 kg"
"ts_169_autogen_original","711","USA",NA,"range",0.101594347945356,0.296,0.00136064883470355,"global",4,"VS_WEIGHT_CAT=60-80 kg"
"ts_169_autogen_original","713","USA",NA,"range",0.0100143575477835,0.146938775510204,0,"global",9,"VS_WEIGHT_CAT=60-80 kg"
"ts_169_autogen_original","714","USA",NA,"range",0.312923610771764,0.319892473118279,0.0237540628356482,"global",6,"VS_WEIGHT_CAT=60-80 kg"
"ts_169_autogen_original","715","USA",NA,"range",0.158569400650201,0.236788617886178,0.00547488316275951,"global",8,"VS_WEIGHT_CAT=60-80 kg"
"ts_169_autogen_original","716_MISS_GLUC","USA",NA,"range",0.217848836766242,0.156159420289855,0.0137297689802274,"global",24,"VS_WEIGHT_CAT=60-80 kg"
"ts_169_autogen_original","717","USA",NA,"range",0.0152040824347377,0.172353961827646,0,"global",7,"VS_WEIGHT_CAT=60-80 kg"
"ts_169_autogen_original","718","USA",NA,"range",0.723879703936297,0.295563357804022,0.0850780461582008,"global",13,"VS_WEIGHT_CAT=60-80 kg"
"ts_169_autogen_original","701_MISS_ALT","USA",NA,"sd",0.0822484549857376,0.101797778541166,0,"global",41,"VS_WEIGHT_CAT=60-80 kg"
"ts_169_autogen_original","702","USA",NA,"sd",1.80277372529198,0.996047430830035,0.490600434071403,"global",1,"VS_WEIGHT_CAT=60-80 kg"
"ts_169_autogen_original","703","USA",NA,"sd",1.01100643773259,0.28954802259887,0.172744352941906,"global",18,"VS_WEIGHT_CAT=60-80 kg"
"ts_169_autogen_original","704_MISS_CREAT","USA",NA,"sd",0.67520706310083,0.215545851528384,0.0767192973345316,"global",25,"VS_WEIGHT_CAT=60-80 kg"
"ts_169_autogen_original","705","USA",NA,"sd",1.01557465929513,0.305672268907563,0.174099256942442,"global",16,"VS_WEIGHT_CAT=60-80 kg"
"ts_169_autogen_original","706","USA",NA,"sd",0.249342797383995,0.414342629482071,0.0164431198716943,"global",3,"VS_WEIGHT_CAT=60-80 kg"
"ts_169_autogen_original","707","USA",NA,"sd",0.0189096743077316,0.325396825396826,0,"global",2,"VS_WEIGHT_CAT=60-80 kg"
"ts_169_autogen_original","708_MISS_CREAT","USA",NA,"sd",0.139466227966851,0.138515283842795,0.00332195057350819,"global",25,"VS_WEIGHT_CAT=60-80 kg"
"ts_169_autogen_original","709_MISS_GLUC","USA",NA,"sd",0.123043794655928,0.145309625996322,0.00310582019373197,"global",21,"VS_WEIGHT_CAT=60-80 kg"
"ts_169_autogen_original","710_MISS_ALT","USA",NA,"sd",0.58641875973859,0.187038912194416,0.0598914243699928,"global",31,"VS_WEIGHT_CAT=60-80 kg"
"ts_169_autogen_original","711","USA",NA,"sd",0.756058323175964,0.512,0.094133066766996,"global",4,"VS_WEIGHT_CAT=60-80 kg"
"ts_169_autogen_original","713","USA",NA,"sd",1.29608344163487,0.436734693877552,0.257590152119356,"global",9,"VS_WEIGHT_CAT=60-80 kg"
"ts_169_autogen_original","714","USA",NA,"sd",0.344889897680965,0.329301075268817,0.0276297204651251,"global",6,"VS_WEIGHT_CAT=60-80 kg"
"ts_169_autogen_original","715","USA",NA,"sd",0.105217576200641,0.217479674796748,0.00141344301173679,"global",8,"VS_WEIGHT_CAT=60-80 kg"
"ts_169_autogen_original","716_MISS_GLUC","USA",NA,"sd",0.0850107020764234,0.127898550724638,0,"global",24,"VS_WEIGHT_CAT=60-80 kg"
"ts_169_autogen_original","717","USA",NA,"sd",0.190834942549727,0.26257952573742,0.00933904560619391,"global",7,"VS_WEIGHT_CAT=60-80 kg"
"ts_169_autogen_original","718","USA",NA,"sd",0.373778732702949,0.237472071496968,0.0293475985341998,"global",13,"VS_WEIGHT_CAT=60-80 kg"
"ts_169_autogen_original","701_MISS_ALT","USA",NA,"unique_value_count_relative",0.166438058024875,0.0695064697125847,0.00638418644826536,"global",41,"VS_WEIGHT_CAT=60-80 kg"
"ts_169_autogen_original","702","USA",NA,"unique_value_count_relative",0.149561211516632,0.292490118577078,0.00399723409270719,"global",1,"VS_WEIGHT_CAT=60-80 kg"
"ts_169_autogen_original","703","USA",NA,"unique_value_count_relative",0.152863627360309,0.0932203389830514,0.00459272143644796,"global",18,"VS_WEIGHT_CAT=60-80 kg"
"ts_169_autogen_original","704_MISS_CREAT","USA",NA,"unique_value_count_relative",0.0745859717634195,0.0543231441048036,0,"global",25,"VS_WEIGHT_CAT=60-80 kg"
"ts_169_autogen_original","705","USA",NA,"unique_value_count_relative",0.665737857503831,0.215336134453782,0.0750110211704236,"global",16,"VS_WEIGHT_CAT=60-80 kg"
"ts_169_autogen_original","706","USA",NA,"unique_value_count_relative",0.183816832641918,0.229747675962815,0.00828241527458444,"global",3,"VS_WEIGHT_CAT=60-80 kg"
"ts_169_autogen_original","707","USA",NA,"unique_value_count_relative",0.517875085693554,0.476190476190476,0.0503468248581905,"global",2,"VS_WEIGHT_CAT=60-80 kg"
"ts_169_autogen_original","708_MISS_CREAT","USA",NA,"unique_value_count_relative",0.331041727765107,0.122445414847162,0.0257595575184066,"global",25,"VS_WEIGHT_CAT=60-80 kg"
"ts_169_autogen_original","709_MISS_GLUC","USA",NA,"unique_value_count_relative",0.211982545129032,0.104230533415083,0.0127786261003676,"global",21,"VS_WEIGHT_CAT=60-80 kg"
"ts_169_autogen_original","710_MISS_ALT","USA",NA,"unique_value_count_relative",0.571252606359677,0.14913930276291,0.0577656007160431,"global",31,"VS_WEIGHT_CAT=60-80 kg"
"ts_169_autogen_original","711","USA",NA,"unique_value_count_relative",0.617177366250928,0.39,0.0678149635508877,"global",4,"VS_WEIGHT_CAT=60-80 kg"
"ts_169_autogen_original","713","USA",NA,"unique_value_count_relative",0.226972214965967,0.156916099773243,0.0148866203951175,"global",9,"VS_WEIGHT_CAT=60-80 kg"
"ts_169_autogen_original","714","USA",NA,"unique_value_count_relative",0.83085721445591,0.377688172043011,0.112386769897496,"global",6,"VS_WEIGHT_CAT=60-80 kg"
"ts_169_autogen_original","715","USA",NA,"unique_value_count_relative",0.584650350562865,0.275406504065041,0.0595454342145175,"global",8,"VS_WEIGHT_CAT=60-80 kg"
"ts_169_autogen_original","716_MISS_GLUC","USA",NA,"unique_value_count_relative",1.0981518482875,0.232971014492753,0.196806257212495,"global",24,"VS_WEIGHT_CAT=60-80 kg"
"ts_169_autogen_original","717","USA",NA,"unique_value_count_relative",0.035253175734213,0.0566801619433206,0,"global",7,"VS_WEIGHT_CAT=60-80 kg"
"ts_169_autogen_original","718","USA",NA,"unique_value_count_relative",0.398974701175469,0.180338333865305,0.0330014995030569,"global",13,"VS_WEIGHT_CAT=60-80 kg"
"ts_169_autogen_original","701_MISS_ALT","USA",NA,"autocorr",0.841639109116065,0.190083590976755,0.114548822610137,"global",41,"VS_WEIGHT_CAT=60-80 kg"
"ts_169_autogen_original","702","USA",NA,"autocorr",0.802773725291975,0.924901185770751,0.107807530591115,"global",1,"VS_WEIGHT_CAT=60-80 kg"
"ts_169_autogen_original","703","USA",NA,"autocorr",0.00597371377643394,0.102165725047081,0,"global",18,"VS_WEIGHT_CAT=60-80 kg"
"ts_169_autogen_original","704_MISS_CREAT","USA",NA,"autocorr",0.360708157574615,0.175720524017467,0.029340643165178,"global",25,"VS_WEIGHT_CAT=60-80 kg"
"ts_169_autogen_original","705","USA",NA,"autocorr",0.205048294033185,0.183823529411765,0.0127786261003676,"global",16,"VS_WEIGHT_CAT=60-80 kg"
"ts_169_autogen_original","706","USA",NA,"autocorr",0.0115117392122985,0.249667994687914,0,"global",3,"VS_WEIGHT_CAT=60-80 kg"
"ts_169_autogen_original","707","USA",NA,"autocorr",0.016881441867552,0.321428571428571,0,"global",2,"VS_WEIGHT_CAT=60-80 kg"
"ts_169_autogen_original","708_MISS_CREAT","USA",NA,"autocorr",0.639490942291896,0.211353711790393,0.0717423811464205,"global",25,"VS_WEIGHT_CAT=60-80 kg"
"ts_169_autogen_original","709_MISS_GLUC","USA",NA,"autocorr",0.803150092619047,0.24770079705702,0.107807530591115,"global",21,"VS_WEIGHT_CAT=60-80 kg"
"ts_169_autogen_original","710_MISS_ALT","USA",NA,"autocorr",0.0847376066059757,0.114566758281499,0,"global",31,"VS_WEIGHT_CAT=60-80 kg"
"ts_169_autogen_original","711","USA",NA,"autocorr",0.540312294493662,0.456,0.0538946463578626,"global",4,"VS_WEIGHT_CAT=60-80 kg"
"ts_169_autogen_original","713","USA",NA,"autocorr",0.530112472445231,0.313378684807257,0.0515067476225393,"global",9,"VS_WEIGHT_CAT=60-80 kg"
"ts_169_autogen_original","714","USA",NA,"autocorr",2.63056622057589,0.69758064516129,1.05192446982649,"global",6,"VS_WEIGHT_CAT=60-80 kg"
"ts_169_autogen_original","715","USA",NA,"autocorr",0.345837132964632,0.289634146341464,0.0276772754455865,"global",8,"VS_WEIGHT_CAT=60-80 kg"
"ts_169_autogen_original","716_MISS_GLUC","USA",NA,"autocorr",0.0161394174551433,0.10036231884058,0,"global",24,"VS_WEIGHT_CAT=60-80 kg"
"ts_169_autogen_original","717","USA",NA,"autocorr",0.830733056264253,0.411798727588201,0.112386769897496,"global",7,"VS_WEIGHT_CAT=60-80 kg"
"ts_169_autogen_original","718","USA",NA,"autocorr",0.331180266181941,0.229173316310246,0.0257595575184066,"global",13,"VS_WEIGHT_CAT=60-80 kg"
"ts_169_autogen_original","701_MISS_ALT","USA",NA,"average",0.905881430001474,0.195579983968854,0.132796671661055,"global",41,"VS_WEIGHT_CAT=60-80 kg"
"ts_169_autogen_original","702","USA",NA,"average",2.10380372095596,1,0.653458052494883,"global",1,"VS_WEIGHT_CAT=60-80 kg"
"ts_169_autogen_original","703","USA",NA,"average",0.191105965671575,0.171845574387947,0.00933904560619391,"global",18,"VS_WEIGHT_CAT=60-80 kg"
"ts_169_autogen_original","704_MISS_CREAT","USA",NA,"average",0.244261349698998,0.157729257641921,0.0162588930396488,"global",25,"VS_WEIGHT_CAT=60-80 kg"
"ts_169_autogen_original","705","USA",NA,"average",0.516129016157047,0.239495798319328,0.0499822263486836,"global",16,"VS_WEIGHT_CAT=60-80 kg"
"ts_169_autogen_original","706","USA",NA,"average",0.104800479731134,0.333333333333333,0.00136064883470355,"global",3,"VS_WEIGHT_CAT=60-80 kg"
"ts_169_autogen_original","707","USA",NA,"average",0.0115186789855812,0.309523809523809,0,"global",2,"VS_WEIGHT_CAT=60-80 kg"
"ts_169_autogen_original","708_MISS_CREAT","USA",NA,"average",0.351290859634344,0.174323144104803,0.0281734382819936,"global",25,"VS_WEIGHT_CAT=60-80 kg"
"ts_169_autogen_original","709_MISS_GLUC","USA",NA,"average",1.45095307577089,0.31289597384018,0.32313225016506,"global",21,"VS_WEIGHT_CAT=60-80 kg"
"ts_169_autogen_original","710_MISS_ALT","USA",NA,"average",1.26635932868575,0.250397801244033,0.25207654127492,"global",31,"VS_WEIGHT_CAT=60-80 kg"
"ts_169_autogen_original","711","USA",NA,"average",0.00100283251661802,0.176,0,"global",4,"VS_WEIGHT_CAT=60-80 kg"
"ts_169_autogen_original","713","USA",NA,"average",0.0550811836065165,0.183673469387755,0,"global",9,"VS_WEIGHT_CAT=60-80 kg"
"ts_169_autogen_original","714","USA",NA,"average",0.902902635992336,0.455645161290323,0.13251990971958,"global",6,"VS_WEIGHT_CAT=60-80 kg"
"ts_169_autogen_original","715","USA",NA,"average",1.03019727921949,0.420731707317074,0.175713488089736,"global",8,"VS_WEIGHT_CAT=60-80 kg"
"ts_169_autogen_original","716_MISS_GLUC","USA",NA,"average",0.105893357096098,0.133333333333333,0.00141344301173679,"global",24,"VS_WEIGHT_CAT=60-80 kg"
"ts_169_autogen_original","717","USA",NA,"average",0.17841489765586,0.258530942741469,0.00764164481546719,"global",7,"VS_WEIGHT_CAT=60-80 kg"
"ts_169_autogen_original","718","USA",NA,"average",0.449210619770581,0.250877752952441,0.0400933181273282,"global",13,"VS_WEIGHT_CAT=60-80 kg"
"ts_169_autogen_original","701_MISS_ALT","USA",NA,"lof",0.301744374457686,0.135921218367113,0.0216353356058599,"global",41,"VS_WEIGHT_CAT=60-80 kg"
"ts_169_autogen_original","702","USA",NA,"lof",0.149561211516632,0.648221343873518,0.00399723409270719,"global",1,"VS_WEIGHT_CAT=60-80 kg"
"ts_169_autogen_original","703","USA",NA,"lof",0.0721061626876651,0.140772128060264,0,"global",18,"VS_WEIGHT_CAT=60-80 kg"
"ts_169_autogen_original","704_MISS_CREAT","USA",NA,"lof",0.760410318515617,0.224978165938865,0.0955137263675366,"global",25,"VS_WEIGHT_CAT=60-80 kg"
"ts_169_autogen_original","705","USA",NA,"lof",0.0745914411155205,0.149159663865546,0,"global",16,"VS_WEIGHT_CAT=60-80 kg"
"ts_169_autogen_original","706","USA",NA,"lof",0.148304207797129,0.359893758300133,0.00389879604590726,"global",3,"VS_WEIGHT_CAT=60-80 kg"
"ts_169_autogen_original","707","USA",NA,"lof",0.241116224445417,0.484126984126985,0.0162282125355365,"global",2,"VS_WEIGHT_CAT=60-80 kg"
"ts_169_autogen_original","708_MISS_CREAT","USA",NA,"lof",0.454462687640328,0.188646288209607,0.0417003056085114,"global",25,"VS_WEIGHT_CAT=60-80 kg"
"ts_169_autogen_original","709_MISS_GLUC","USA",NA,"lof",0.400492850809263,0.19578990394441,0.0331758414881716,"global",21,"VS_WEIGHT_CAT=60-80 kg"
"ts_169_autogen_original","710_MISS_ALT","USA",NA,"lof",0.72305854723687,0.201359756979604,0.0848692983648575,"global",31,"VS_WEIGHT_CAT=60-80 kg"
"ts_169_autogen_original","711","USA",NA,"lof",0.0544715096440571,0.262,0,"global",4,"VS_WEIGHT_CAT=60-80 kg"
"ts_169_autogen_original","713","USA",NA,"lof",0.27513510721812,0.257142857142857,0.0187947600197699,"global",9,"VS_WEIGHT_CAT=60-80 kg"
"ts_169_autogen_original","714","USA",NA,"lof",0.513565440746525,0.373655913978495,0.0499822263486836,"global",6,"VS_WEIGHT_CAT=60-80 kg"
"ts_169_autogen_original","715","USA",NA,"lof",0.340175654608727,0.288617886178861,0.0266356290641359,"global",8,"VS_WEIGHT_CAT=60-80 kg"
"ts_169_autogen_original","716_MISS_GLUC","USA",NA,"lof",0.604037109063487,0.210869565217391,0.0642539338556346,"global",24,"VS_WEIGHT_CAT=60-80 kg"
"ts_169_autogen_original","717","USA",NA,"lof",0.583105837660026,0.363215731636784,0.0592523678217926,"global",7,"VS_WEIGHT_CAT=60-80 kg"
"ts_169_autogen_original","718","USA",NA,"lof",0.995535621560511,0.333226939036068,0.166181030278468,"global",13,"VS_WEIGHT_CAT=60-80 kg"
"ts_169_autogen_original","701_MISS_ALT","USA",NA,"own_site_simil_score",2.32014375476397,0.272434422457432,0.815679244157839,"global",41,"VS_WEIGHT_CAT=60-80 kg"
"ts_169_autogen_original","703","USA",NA,"own_site_simil_score",1.74427151865985,0.334751773049646,0.461818080408617,"global",18,"VS_WEIGHT_CAT=60-80 kg"
"ts_169_autogen_original","704_MISS_CREAT","USA",NA,"own_site_simil_score",1.44483481643331,0.263157894736843,0.321366666329631,"global",25,"VS_WEIGHT_CAT=60-80 kg"
"ts_169_autogen_original","705","USA",NA,"own_site_simil_score",0.716729622127531,0.223628691983122,0.083743841503488,"global",16,"VS_WEIGHT_CAT=60-80 kg"
"ts_169_autogen_original","706","USA",NA,"own_site_simil_score",0.0346108613144706,0.066666666666667,0,"global",3,"VS_WEIGHT_CAT=60-80 kg"
"ts_169_autogen_original","707","USA",NA,"own_site_simil_score",0,-8.60422844084496e-16,0,"global",2,"VS_WEIGHT_CAT=60-80 kg"
"ts_169_autogen_original","708_MISS_CREAT","USA",NA,"own_site_simil_score",1.39775675179037,0.258771929824562,0.305760639272325,"global",25,"VS_WEIGHT_CAT=60-80 kg"
"ts_169_autogen_original","709_MISS_GLUC","USA",NA,"own_site_simil_score",3.15726540714046,0.420566502463053,1.46352321330588,"global",21,"VS_WEIGHT_CAT=60-80 kg"
"ts_169_autogen_original","710_MISS_ALT","USA",NA,"own_site_simil_score",12.7303239264631,0.687881429816913,10.23786832333,"global",31,"VS_WEIGHT_CAT=60-80 kg"
"ts_169_autogen_original","711","USA",NA,"own_site_simil_score",0.0270729478200997,0.0522088353413655,0,"global",4,"VS_WEIGHT_CAT=60-80 kg"
"ts_169_autogen_original","713","USA",NA,"own_site_simil_score",1.09609610912186,0.360655737704918,0.19617775381542,"global",9,"VS_WEIGHT_CAT=60-80 kg"
"ts_169_autogen_original","714","USA",NA,"own_site_simil_score",30,1,30,"global",6,"VS_WEIGHT_CAT=60-80 kg"
"ts_169_autogen_original","715","USA",NA,"own_site_simil_score",4.21627489268747,0.725510204081634,2.37262268442465,"global",8,"VS_WEIGHT_CAT=60-80 kg"
"ts_169_autogen_original","716_MISS_GLUC","USA",NA,"own_site_simil_score",4.09892976543225,0.449781659388647,2.26405148147693,"global",24,"VS_WEIGHT_CAT=60-80 kg"
"ts_169_autogen_original","717","USA",NA,"own_site_simil_score",0.768871161525865,0.33739837398374,0.0979886322122864,"global",7,"VS_WEIGHT_CAT=60-80 kg"
"ts_169_autogen_original","718","USA",NA,"own_site_simil_score",2.90585421322343,0.496474358974359,1.26186764619028,"global",13,"VS_WEIGHT_CAT=60-80 kg"
"ts_170_autogen_original","701_MISS_ALT","USA",NA,"range",0.269484872623317,0.131913431810374,0.0187947600197699,"global",41,"VS_WEIGHT_CAT=80-100 kg"
"ts_170_autogen_original","702","USA",NA,"range",0.311412031457703,0.758893280632411,0.0233650949408658,"global",1,"VS_WEIGHT_CAT=80-100 kg"
"ts_170_autogen_original","703","USA",NA,"range",0.356844920495314,0.202448210922787,0.0286429757319766,"global",18,"VS_WEIGHT_CAT=80-100 kg"
"ts_170_autogen_original","704_MISS_CREAT","USA",NA,"range",0.580013378284827,0.204192139737991,0.0591939736089854,"global",25,"VS_WEIGHT_CAT=80-100 kg"
"ts_170_autogen_original","705","USA",NA,"range",0.941006929857364,0.296743697478992,0.145805733633966,"global",16,"VS_WEIGHT_CAT=80-100 kg"
"ts_170_autogen_original","706","USA",NA,"range",0.628252017933451,0.549800796812749,0.0703279567408237,"global",3,"VS_WEIGHT_CAT=80-100 kg"
"ts_170_autogen_original","707","USA",NA,"range",0.593640340371357,0.646825396825395,0.0624379556211536,"global",2,"VS_WEIGHT_CAT=80-100 kg"
"ts_170_autogen_original","708_MISS_CREAT","USA",NA,"range",1.28450827989187,0.275982532751091,0.25448369788346,"global",25,"VS_WEIGHT_CAT=80-100 kg"
"ts_170_autogen_original","709_MISS_GLUC","USA",NA,"range",0.0387922998395426,0.119149805845085,0,"global",21,"VS_WEIGHT_CAT=80-100 kg"
"ts_170_autogen_original","710_MISS_ALT","USA",NA,"range",0.160581077721247,0.130334153044988,0.00582814682161542,"global",31,"VS_WEIGHT_CAT=80-100 kg"
"ts_170_autogen_original","711","USA",NA,"range",0.490543804788517,0.442,0.0474698061603835,"global",4,"VS_WEIGHT_CAT=80-100 kg"
"ts_170_autogen_original","713","USA",NA,"range",1.02593808860681,0.398185941043084,0.174221442903659,"global",9,"VS_WEIGHT_CAT=80-100 kg"
"ts_170_autogen_original","714","USA",NA,"range",1.09398744292755,0.490591397849463,0.195505294685409,"global",6,"VS_WEIGHT_CAT=80-100 kg"
"ts_170_autogen_original","715","USA",NA,"range",0.183941907068044,0.244918699186991,0.00828241527458444,"global",8,"VS_WEIGHT_CAT=80-100 kg"
"ts_170_autogen_original","716_MISS_GLUC","USA",NA,"range",1.47657478605757,0.297463768115942,0.33436720125862,"global",24,"VS_WEIGHT_CAT=80-100 kg"
"ts_170_autogen_original","717","USA",NA,"range",0.739595472133487,0.394447657605552,0.0918993658129419,"global",7,"VS_WEIGHT_CAT=80-100 kg"
"ts_170_autogen_original","718","USA",NA,"range",0.504495645174945,0.260772422598149,0.0481606083812665,"global",13,"VS_WEIGHT_CAT=80-100 kg"
"ts_170_autogen_original","701_MISS_ALT","USA",NA,"sd",0.45800545757182,0.153784495591435,0.0424738511724087,"global",41,"VS_WEIGHT_CAT=80-100 kg"
"ts_170_autogen_original","702","USA",NA,"sd",0.277728918255131,0.739130434782606,0.0187947600197699,"global",1,"VS_WEIGHT_CAT=80-100 kg"
"ts_170_autogen_original","703","USA",NA,"sd",0.694477782257604,0.251412429378532,0.0811086066484033,"global",18,"VS_WEIGHT_CAT=80-100 kg"
"ts_170_autogen_original","704_MISS_CREAT","USA",NA,"sd",1.08513455973928,0.25764192139738,0.192680122969305,"global",25,"VS_WEIGHT_CAT=80-100 kg"
"ts_170_autogen_original","705","USA",NA,"sd",0.135660947857193,0.167542016806723,0.00332195057350819,"global",16,"VS_WEIGHT_CAT=80-100 kg"
"ts_170_autogen_original","706","USA",NA,"sd",1.30070893967019,0.713147410358566,0.260736762231668,"global",3,"VS_WEIGHT_CAT=80-100 kg"
"ts_170_autogen_original","707","USA",NA,"sd",0.316592543961483,0.51190476190476,0.0241572908405998,"global",2,"VS_WEIGHT_CAT=80-100 kg"
"ts_170_autogen_original","708_MISS_CREAT","USA",NA,"sd",0.165828631427135,0.143755458515284,0.00621281107824427,"global",25,"VS_WEIGHT_CAT=80-100 kg"
"ts_170_autogen_original","709_MISS_GLUC","USA",NA,"sd",0.0431549064587058,0.1211935417944,0,"global",21,"VS_WEIGHT_CAT=80-100 kg"
"ts_170_autogen_original","710_MISS_ALT","USA",NA,"sd",0.230972888498457,0.142051207869232,0.0157304642621711,"global",31,"VS_WEIGHT_CAT=80-100 kg"
"ts_170_autogen_original","711","USA",NA,"sd",0.398497152633295,0.416,0.0330014995030569,"global",4,"VS_WEIGHT_CAT=80-100 kg"
"ts_170_autogen_original","713","USA",NA,"sd",0.250572385638375,0.251247165532879,0.0164431198716943,"global",9,"VS_WEIGHT_CAT=80-100 kg"
"ts_170_autogen_original","714","USA",NA,"sd",1.07133708249784,0.486559139784946,0.187805360993318,"global",6,"VS_WEIGHT_CAT=80-100 kg"
"ts_170_autogen_original","715","USA",NA,"sd",0.0426413430923516,0.186991869918699,0,"global",8,"VS_WEIGHT_CAT=80-100 kg"
"ts_170_autogen_original","716_MISS_GLUC","USA",NA,"sd",0.135687910815276,0.140217391304348,0.00332195057350819,"global",24,"VS_WEIGHT_CAT=80-100 kg"
"ts_170_autogen_original","717","USA",NA,"sd",0.549529370598991,0.355696934644303,0.0542889065278481,"global",7,"VS_WEIGHT_CAT=80-100 kg"
"ts_170_autogen_original","718","USA",NA,"sd",0.25036070563574,0.212256623045005,0.0164431198716943,"global",13,"VS_WEIGHT_CAT=80-100 kg"
"ts_170_autogen_original","701_MISS_ALT","USA",NA,"unique_value_count_relative",0.0129712158163689,0.015344097102943,0,"global",41,"VS_WEIGHT_CAT=80-100 kg"
"ts_170_autogen_original","702","USA",NA,"unique_value_count_relative",0.697263540522002,0.802371541501976,0.0817189336031802,"global",1,"VS_WEIGHT_CAT=80-100 kg"
"ts_170_autogen_original","703","USA",NA,"unique_value_count_relative",0.925282443316958,0.241996233521657,0.140861254147366,"global",18,"VS_WEIGHT_CAT=80-100 kg"
"ts_170_autogen_original","704_MISS_CREAT","USA",NA,"unique_value_count_relative",0.644498956010779,0.173799126637555,0.0724513069111158,"global",25,"VS_WEIGHT_CAT=80-100 kg"
"ts_170_autogen_original","705","USA",NA,"unique_value_count_relative",0.198967986997959,0.11344537815126,0.0111394594688978,"global",16,"VS_WEIGHT_CAT=80-100 kg"
"ts_170_autogen_original","706","USA",NA,"unique_value_count_relative",0.321762344000162,0.308100929614874,0.0255224920387841,"global",3,"VS_WEIGHT_CAT=80-100 kg"
"ts_170_autogen_original","707","USA",NA,"unique_value_count_relative",0.367139577838075,0.408730158730159,0.029340643165178,"global",2,"VS_WEIGHT_CAT=80-100 kg"
"ts_170_autogen_original","708_MISS_CREAT","USA",NA,"unique_value_count_relative",0.00757943019705479,0.0131004366812219,0,"global",25,"VS_WEIGHT_CAT=80-100 kg"
"ts_170_autogen_original","709_MISS_GLUC","USA",NA,"unique_value_count_relative",0.044494957237053,0.0433272021254854,0,"global",21,"VS_WEIGHT_CAT=80-100 kg"
"ts_170_autogen_original","710_MISS_ALT","USA",NA,"unique_value_count_relative",0.0585179329373223,0.0433964993490526,0,"global",31,"VS_WEIGHT_CAT=80-100 kg"
"ts_170_autogen_original","711","USA",NA,"unique_value_count_relative",0.399084852217863,0.306,0.0330014995030569,"global",4,"VS_WEIGHT_CAT=80-100 kg"
"ts_170_autogen_original","713","USA",NA,"unique_value_count_relative",1.71161771451358,0.452154195011338,0.445201093936388,"global",9,"VS_WEIGHT_CAT=80-100 kg"
"ts_170_autogen_original","714","USA",NA,"unique_value_count_relative",0.420234093511616,0.263440860215054,0.0373263591857519,"global",6,"VS_WEIGHT_CAT=80-100 kg"
"ts_170_autogen_original","715","USA",NA,"unique_value_count_relative",0.00986317388982829,0.0182926829268293,0,"global",8,"VS_WEIGHT_CAT=80-100 kg"
"ts_170_autogen_original","716_MISS_GLUC","USA",NA,"unique_value_count_relative",0.476937504403022,0.151449275362319,0.044769482139274,"global",24,"VS_WEIGHT_CAT=80-100 kg"
"ts_170_autogen_original","717","USA",NA,"unique_value_count_relative",0.938116984157562,0.374204742625795,0.144989910622865,"global",7,"VS_WEIGHT_CAT=80-100 kg"
"ts_170_autogen_original","718","USA",NA,"unique_value_count_relative",1.22452744316961,0.32333226939036,0.237296111401202,"global",13,"VS_WEIGHT_CAT=80-100 kg"
"ts_170_autogen_original","701_MISS_ALT","USA",NA,"autocorr",0.528302650982876,0.1611130195809,0.0513864651194795,"global",41,"VS_WEIGHT_CAT=80-100 kg"
"ts_170_autogen_original","702","USA",NA,"autocorr",0.332951709313813,0.770750988142292,0.0257595575184066,"global",1,"VS_WEIGHT_CAT=80-100 kg"
"ts_170_autogen_original","703","USA",NA,"autocorr",0.196437764755807,0.172787193973635,0.0104656760742679,"global",18,"VS_WEIGHT_CAT=80-100 kg"
"ts_170_autogen_original","704_MISS_CREAT","USA",NA,"autocorr",0.360708157574615,0.175720524017467,0.029340643165178,"global",25,"VS_WEIGHT_CAT=80-100 kg"
"ts_170_autogen_original","705","USA",NA,"autocorr",0.13053146911214,0.165966386554622,0.00332195057350819,"global",16,"VS_WEIGHT_CAT=80-100 kg"
"ts_170_autogen_original","706","USA",NA,"autocorr",0.57318394263484,0.533864541832669,0.0580361530097416,"global",3,"VS_WEIGHT_CAT=80-100 kg"
"ts_170_autogen_original","707","USA",NA,"autocorr",0.289282401358448,0.499999999999998,0.0196327455407087,"global",2,"VS_WEIGHT_CAT=80-100 kg"
"ts_170_autogen_original","708_MISS_CREAT","USA",NA,"autocorr",0.67520706310083,0.215545851528384,0.0767192973345316,"global",25,"VS_WEIGHT_CAT=80-100 kg"
"ts_170_autogen_original","709_MISS_GLUC","USA",NA,"autocorr",0.417871484188488,0.198038013488658,0.0372439476099726,"global",21,"VS_WEIGHT_CAT=80-100 kg"
"ts_170_autogen_original","710_MISS_ALT","USA",NA,"autocorr",0.656287925879602,0.194705627079416,0.0741029150097407,"global",31,"VS_WEIGHT_CAT=80-100 kg"
"ts_170_autogen_original","711","USA",NA,"autocorr",0.893887130365907,0.546,0.131451379106421,"global",4,"VS_WEIGHT_CAT=80-100 kg"
"ts_170_autogen_original","713","USA",NA,"autocorr",0.270380724662303,0.256235827664399,0.0187947600197699,"global",9,"VS_WEIGHT_CAT=80-100 kg"
"ts_170_autogen_original","714","USA",NA,"autocorr",0.58734047551938,0.391129032258065,0.0603858951759392,"global",6,"VS_WEIGHT_CAT=80-100 kg"
"ts_170_autogen_original","715","USA",NA,"autocorr",1.42625585599916,0.478658536585366,0.316100836410581,"global",8,"VS_WEIGHT_CAT=80-100 kg"
"ts_170_autogen_original","716_MISS_GLUC","USA",NA,"autocorr",0.130962646413566,0.139130434782609,0.00332195057350819,"global",24,"VS_WEIGHT_CAT=80-100 kg"
"ts_170_autogen_original","717","USA",NA,"autocorr",0.0762582191239295,0.218045112781955,0,"global",7,"VS_WEIGHT_CAT=80-100 kg"
"ts_170_autogen_original","718","USA",NA,"autocorr",0.0893326915301946,0.16916693265241,0.000130500372933727,"global",13,"VS_WEIGHT_CAT=80-100 kg"
"ts_170_autogen_original","701_MISS_ALT","USA",NA,"average",0.0883018215403093,0.103057368601855,0,"global",41,"VS_WEIGHT_CAT=80-100 kg"
"ts_170_autogen_original","702","USA",NA,"average",0.252545372236882,0.723320158102767,0.016938402969419,"global",1,"VS_WEIGHT_CAT=80-100 kg"
"ts_170_autogen_original","703","USA",NA,"average",0.115924682504818,0.153954802259887,0.00228520216212808,"global",18,"VS_WEIGHT_CAT=80-100 kg"
"ts_170_autogen_original","704_MISS_CREAT","USA",NA,"average",0.488097766166236,0.193013100436681,0.0474698061603835,"global",25,"VS_WEIGHT_CAT=80-100 kg"
"ts_170_autogen_original","705","USA",NA,"average",1.14774220370356,0.320903361344538,0.210655921852556,"global",16,"VS_WEIGHT_CAT=80-100 kg"
"ts_170_autogen_original","706","USA",NA,"average",0.128928892571845,0.347941567065073,0.00310582019373197,"global",3,"VS_WEIGHT_CAT=80-100 kg"
"ts_170_autogen_original","707","USA",NA,"average",0.603291726047537,0.650793650793649,0.0642539338556346,"global",2,"VS_WEIGHT_CAT=80-100 kg"
"ts_170_autogen_original","708_MISS_CREAT","USA",NA,"average",0.0243978259876937,0.103755458515284,0,"global",25,"VS_WEIGHT_CAT=80-100 kg"
"ts_170_autogen_original","709_MISS_GLUC","USA",NA,"average",0.42199825541692,0.198855507868383,0.0377716291581111,"global",21,"VS_WEIGHT_CAT=80-100 kg"
"ts_170_autogen_original","710_MISS_ALT","USA",NA,"average",0.540493230731563,0.18212064226819,0.0538946463578626,"global",31,"VS_WEIGHT_CAT=80-100 kg"
"ts_170_autogen_original","711","USA",NA,"average",0.122197943874205,0.308000000000001,0.00310582019373197,"global",4,"VS_WEIGHT_CAT=80-100 kg"
"ts_170_autogen_original","713","USA",NA,"average",0.28926030428814,0.260770975056689,0.0196327455407087,"global",9,"VS_WEIGHT_CAT=80-100 kg"
"ts_170_autogen_original","714","USA",NA,"average",0.469027495986799,0.362903225806452,0.0438315434183114,"global",6,"VS_WEIGHT_CAT=80-100 kg"
"ts_170_autogen_original","715","USA",NA,"average",1.23704020531616,0.452235772357723,0.238739196201489,"global",8,"VS_WEIGHT_CAT=80-100 kg"
"ts_170_autogen_original","716_MISS_GLUC","USA",NA,"average",0.266385249618572,0.164492753623189,0.0187947600197699,"global",24,"VS_WEIGHT_CAT=80-100 kg"
"ts_170_autogen_original","717","USA",NA,"average",0.223988113240929,0.27299016772701,0.0143801853732146,"global",7,"VS_WEIGHT_CAT=80-100 kg"
"ts_170_autogen_original","718","USA",NA,"average",0.45913681002469,0.252792850303223,0.0425364591306854,"global",13,"VS_WEIGHT_CAT=80-100 kg"
"ts_170_autogen_original","701_MISS_ALT","USA",NA,"lof",0.0335760222891081,0.0884003206229247,0,"global",41,"VS_WEIGHT_CAT=80-100 kg"
"ts_170_autogen_original","702","USA",NA,"lof",0.277728918255131,0.739130434782606,0.0187947600197699,"global",1,"VS_WEIGHT_CAT=80-100 kg"
"ts_170_autogen_original","703","USA",NA,"lof",0.708107739142823,0.253295668549906,0.0817493476530669,"global",18,"VS_WEIGHT_CAT=80-100 kg"
"ts_170_autogen_original","704_MISS_CREAT","USA",NA,"lof",0.358960660508893,0.175545851528385,0.0288801431819268,"global",25,"VS_WEIGHT_CAT=80-100 kg"
"ts_170_autogen_original","705","USA",NA,"lof",0.00189624038444166,0.0976890756302522,0,"global",16,"VS_WEIGHT_CAT=80-100 kg"
"ts_170_autogen_original","706","USA",NA,"lof",0.392591313150731,0.474103585657371,0.032395399548659,"global",3,"VS_WEIGHT_CAT=80-100 kg"
"ts_170_autogen_original","707","USA",NA,"lof",0.0337293329268372,0.349206349206348,0,"global",2,"VS_WEIGHT_CAT=80-100 kg"
"ts_170_autogen_original","708_MISS_CREAT","USA",NA,"lof",0.117319548746184,0.133624454148472,0.00241230830865365,"global",25,"VS_WEIGHT_CAT=80-100 kg"
"ts_170_autogen_original","709_MISS_GLUC","USA",NA,"lof",0.394899212650485,0.194972409564685,0.0324848253021521,"global",21,"VS_WEIGHT_CAT=80-100 kg"
"ts_170_autogen_original","710_MISS_ALT","USA",NA,"lof",0.625820099078824,0.191378562129321,0.069878238424601,"global",31,"VS_WEIGHT_CAT=80-100 kg"
"ts_170_autogen_original","711","USA",NA,"lof",0.771417287209372,0.516,0.0982747251123047,"global",4,"VS_WEIGHT_CAT=80-100 kg"
"ts_170_autogen_original","713","USA",NA,"lof",1.70557208006253,0.488888888888888,0.444029636173276,"global",9,"VS_WEIGHT_CAT=80-100 kg"
"ts_170_autogen_original","714","USA",NA,"lof",0.278700040729669,0.310483870967742,0.0187947600197699,"global",6,"VS_WEIGHT_CAT=80-100 kg"
"ts_170_autogen_original","715","USA",NA,"lof",1.78552026367212,0.525406504065042,0.482631531129343,"global",8,"VS_WEIGHT_CAT=80-100 kg"
"ts_170_autogen_original","716_MISS_GLUC","USA",NA,"lof",0.419984312484321,0.18731884057971,0.0373073564528834,"global",24,"VS_WEIGHT_CAT=80-100 kg"
"ts_170_autogen_original","717","USA",NA,"lof",0.0166732623932517,0.174089068825911,0,"global",7,"VS_WEIGHT_CAT=80-100 kg"
"ts_170_autogen_original","718","USA",NA,"lof",0.0415209762514902,0.148739227577402,0,"global",13,"VS_WEIGHT_CAT=80-100 kg"
"ts_170_autogen_original","701_MISS_ALT","USA",NA,"own_site_simil_score",0.26855506462763,0.089622641509434,0.0187947600197699,"global",41,"VS_WEIGHT_CAT=80-100 kg"
"ts_170_autogen_original","703","USA",NA,"own_site_simil_score",1.77428210671324,0.336170212765958,0.478962601195509,"global",18,"VS_WEIGHT_CAT=80-100 kg"
"ts_170_autogen_original","704_MISS_CREAT","USA",NA,"own_site_simil_score",6.38016722665182,0.546666666666668,4.30571142611971,"global",25,"VS_WEIGHT_CAT=80-100 kg"
"ts_170_autogen_original","705","USA",NA,"own_site_simil_score",2.84255796171715,0.448839662447258,1.20962274116347,"global",16,"VS_WEIGHT_CAT=80-100 kg"
"ts_170_autogen_original","706","USA",NA,"own_site_simil_score",3.36913868171828,0.932000000000001,1.63600747170933,"global",3,"VS_WEIGHT_CAT=80-100 kg"
"ts_170_autogen_original","707","USA",NA,"own_site_simil_score",2.13987908640124,0.920318725099601,0.683035124903245,"global",2,"VS_WEIGHT_CAT=80-100 kg"
"ts_170_autogen_original","708_MISS_CREAT","USA",NA,"own_site_simil_score",6.05983332375083,0.533508771929826,4.00885861906824,"global",25,"VS_WEIGHT_CAT=80-100 kg"
"ts_170_autogen_original","709_MISS_GLUC","USA",NA,"own_site_simil_score",13.0075129052532,0.801313628899834,10.4989704822266,"global",21,"VS_WEIGHT_CAT=80-100 kg"
"ts_170_autogen_original","710_MISS_ALT","USA",NA,"own_site_simil_score",1.48119028683857,0.243243243243243,0.337101842700197,"global",31,"VS_WEIGHT_CAT=80-100 kg"
"ts_170_autogen_original","711","USA",NA,"own_site_simil_score",0.00734499429143307,0.0160642570281124,0,"global",4,"VS_WEIGHT_CAT=80-100 kg"
"ts_170_autogen_original","713","USA",NA,"own_site_simil_score",16.0058209318832,0.999999999999994,13.3750626305838,"global",9,"VS_WEIGHT_CAT=80-100 kg"
"ts_170_autogen_original","714","USA",NA,"own_site_simil_score",0.36478266121809,0.244264507422403,0.029340643165178,"global",6,"VS_WEIGHT_CAT=80-100 kg"
"ts_170_autogen_original","715","USA",NA,"own_site_simil_score",10.1851123981146,0.963265306122454,7.85538409247921,"global",8,"VS_WEIGHT_CAT=80-100 kg"
"ts_170_autogen_original","716_MISS_GLUC","USA",NA,"own_site_simil_score",3.39721978252214,0.410480349344979,1.661331137968,"global",24,"VS_WEIGHT_CAT=80-100 kg"
"ts_170_autogen_original","717","USA",NA,"own_site_simil_score",0.934971666539972,0.373403019744484,0.143718583619716,"global",7,"VS_WEIGHT_CAT=80-100 kg"
"ts_170_autogen_original","718","USA",NA,"own_site_simil_score",1.23629014868416,0.325320512820513,0.238608248775343,"global",13,"VS_WEIGHT_CAT=80-100 kg"
"ts_171_autogen_original","701_MISS_ALT","USA",NA,"range",0.000203109030340494,0.0563380281690142,0,"global",41,"VS_WEIGHT_CAT=< 60 kg"
"ts_171_autogen_original","702","USA",NA,"range",0.404833716619938,0.806324110671934,0.0348270707670336,"global",1,"VS_WEIGHT_CAT=< 60 kg"
"ts_171_autogen_original","703","USA",NA,"range",0.280264574544411,0.189265536723164,0.0187947600197699,"global",18,"VS_WEIGHT_CAT=< 60 kg"
"ts_171_autogen_original","704_MISS_CREAT","USA",NA,"range",0.239832258505765,0.157030567685589,0.0161247720106169,"global",25,"VS_WEIGHT_CAT=< 60 kg"
"ts_171_autogen_original","705","USA",NA,"range",0.0307333479668263,0.130252100840336,0,"global",16,"VS_WEIGHT_CAT=< 60 kg"
"ts_171_autogen_original","706","USA",NA,"range",0.201408072718088,0.390438247011952,0.0118512406251106,"global",3,"VS_WEIGHT_CAT=< 60 kg"
"ts_171_autogen_original","707","USA",NA,"range",0.0787570392762922,0.396825396825398,0,"global",2,"VS_WEIGHT_CAT=< 60 kg"
"ts_171_autogen_original","708_MISS_CREAT","USA",NA,"range",0.031948533123024,0.107598253275109,0,"global",25,"VS_WEIGHT_CAT=< 60 kg"
"ts_171_autogen_original","709_MISS_GLUC","USA",NA,"range",0.000802943165939348,0.0811363171878191,0,"global",21,"VS_WEIGHT_CAT=< 60 kg"
"ts_171_autogen_original","710_MISS_ALT","USA",NA,"range",0.357793223083775,0.159988427600174,0.0287462654893125,"global",31,"VS_WEIGHT_CAT=< 60 kg"
"ts_171_autogen_original","711","USA",NA,"range",1.29215957914444,0.628,0.256621844642699,"global",4,"VS_WEIGHT_CAT=< 60 kg"
"ts_171_autogen_original","713","USA",NA,"range",0.286610307292082,0.26031746031746,0.0193649218462703,"global",9,"VS_WEIGHT_CAT=< 60 kg"
"ts_171_autogen_original","714","USA",NA,"range",0.116428986803494,0.254032258064516,0.00233824460313861,"global",6,"VS_WEIGHT_CAT=< 60 kg"
"ts_171_autogen_original","715","USA",NA,"range",0.0894656064391656,0.211382113821138,0.000130500372933727,"global",8,"VS_WEIGHT_CAT=< 60 kg"
"ts_171_autogen_original","716_MISS_GLUC","USA",NA,"range",0.803804705759416,0.233695652173913,0.107807530591115,"global",24,"VS_WEIGHT_CAT=< 60 kg"
"ts_171_autogen_original","717","USA",NA,"range",0.874769498890586,0.419895893580104,0.12450217047898,"global",7,"VS_WEIGHT_CAT=< 60 kg"
"ts_171_autogen_original","718","USA",NA,"range",0.535380098988719,0.265560165975103,0.0525096332519319,"global",13,"VS_WEIGHT_CAT=< 60 kg"
"ts_171_autogen_original","701_MISS_ALT","USA",NA,"sd",0.484047325644047,0.156532692087484,0.0457867842714478,"global",41,"VS_WEIGHT_CAT=< 60 kg"
"ts_171_autogen_original","702","USA",NA,"sd",0.140015893610401,0.640316205533597,0.00332195057350819,"global",1,"VS_WEIGHT_CAT=< 60 kg"
"ts_171_autogen_original","703","USA",NA,"sd",0.00669591427846097,0.103578154425612,0,"global",18,"VS_WEIGHT_CAT=< 60 kg"
"ts_171_autogen_original","704_MISS_CREAT","USA",NA,"sd",0.0297059407456773,0.106550218340611,0,"global",25,"VS_WEIGHT_CAT=< 60 kg"
"ts_171_autogen_original","705","USA",NA,"sd",1.70906970558241,0.378151260504202,0.445201093936388,"global",16,"VS_WEIGHT_CAT=< 60 kg"
"ts_171_autogen_original","706","USA",NA,"sd",0.436955023238143,0.49003984063745,0.0397638968206807,"global",3,"VS_WEIGHT_CAT=< 60 kg"
"ts_171_autogen_original","707","USA",NA,"sd",0.574653466232285,0.638888888888887,0.0583393373781411,"global",2,"VS_WEIGHT_CAT=< 60 kg"
"ts_171_autogen_original","708_MISS_CREAT","USA",NA,"sd",0.628235033363502,0.209956331877729,0.0703279567408237,"global",25,"VS_WEIGHT_CAT=< 60 kg"
"ts_171_autogen_original","709_MISS_GLUC","USA",NA,"sd",0.185161056581477,0.158798283261802,0.00828241527458444,"global",21,"VS_WEIGHT_CAT=< 60 kg"
"ts_171_autogen_original","710_MISS_ALT","USA",NA,"sd",0.179194895311087,0.133661217995082,0.00764164481546719,"global",31,"VS_WEIGHT_CAT=< 60 kg"
"ts_171_autogen_original","711","USA",NA,"sd",0.231595972183117,0.358,0.0158563067327168,"global",4,"VS_WEIGHT_CAT=< 60 kg"
"ts_171_autogen_original","713","USA",NA,"sd",0.136798960202261,0.216780045351474,0.00332195057350819,"global",9,"VS_WEIGHT_CAT=< 60 kg"
"ts_171_autogen_original","714","USA",NA,"sd",0.0160729521138806,0.185483870967742,0,"global",6,"VS_WEIGHT_CAT=< 60 kg"
"ts_171_autogen_original","715","USA",NA,"sd",0.518349075695257,0.328252032520325,0.0503468248581905,"global",8,"VS_WEIGHT_CAT=< 60 kg"
"ts_171_autogen_original","716_MISS_GLUC","USA",NA,"sd",0.0181190884045259,0.101811594202898,0,"global",24,"VS_WEIGHT_CAT=< 60 kg"
"ts_171_autogen_original","717","USA",NA,"sd",0.730529730039731,0.392712550607287,0.0882188994209538,"global",7,"VS_WEIGHT_CAT=< 60 kg"
"ts_171_autogen_original","718","USA",NA,"sd",0.140212890219088,0.18512607724226,0.00332195057350819,"global",13,"VS_WEIGHT_CAT=< 60 kg"
"ts_171_autogen_original","701_MISS_ALT","USA",NA,"unique_value_count_relative",0.545814998081072,0.129966792625673,0.0542889065278481,"global",41,"VS_WEIGHT_CAT=< 60 kg"
"ts_171_autogen_original","702","USA",NA,"unique_value_count_relative",0.0888633711630202,0.185770750988145,7.34212931942525e-05,"global",1,"VS_WEIGHT_CAT=< 60 kg"
"ts_171_autogen_original","703","USA",NA,"unique_value_count_relative",0.279818621014056,0.129472693032015,0.0187947600197699,"global",18,"VS_WEIGHT_CAT=< 60 kg"
"ts_171_autogen_original","704_MISS_CREAT","USA",NA,"unique_value_count_relative",0.516858457232747,0.155109170305677,0.0499822263486836,"global",25,"VS_WEIGHT_CAT=< 60 kg"
"ts_171_autogen_original","705","USA",NA,"unique_value_count_relative",0.264040331371478,0.131827731092437,0.0182505715710939,"global",16,"VS_WEIGHT_CAT=< 60 kg"
"ts_171_autogen_original","706","USA",NA,"unique_value_count_relative",0.804319349954301,0.51128818061089,0.107807530591115,"global",3,"VS_WEIGHT_CAT=< 60 kg"
"ts_171_autogen_original","707","USA",NA,"unique_value_count_relative",0.2325123587059,0.317460317460319,0.0158563546609264,"global",2,"VS_WEIGHT_CAT=< 60 kg"
"ts_171_autogen_original","708_MISS_CREAT","USA",NA,"unique_value_count_relative",0.532272942971032,0.157379912663756,0.0517336358037906,"global",25,"VS_WEIGHT_CAT=< 60 kg"
"ts_171_autogen_original","709_MISS_GLUC","USA",NA,"unique_value_count_relative",0.039995747993411,0.0406703453913754,0,"global",21,"VS_WEIGHT_CAT=< 60 kg"
"ts_171_autogen_original","710_MISS_ALT","USA",NA,"unique_value_count_relative",0.0985519342905066,0.0582959641255605,0.00113196051351849,"global",31,"VS_WEIGHT_CAT=< 60 kg"
"ts_171_autogen_original","711","USA",NA,"unique_value_count_relative",0.247025601818971,0.234,0.0162869355847316,"global",4,"VS_WEIGHT_CAT=< 60 kg"
"ts_171_autogen_original","713","USA",NA,"unique_value_count_relative",0.0185002059756647,0.0326530612244909,0,"global",9,"VS_WEIGHT_CAT=< 60 kg"
"ts_171_autogen_original","714","USA",NA,"unique_value_count_relative",0.0808506535555373,0.10483870967742,0,"global",6,"VS_WEIGHT_CAT=< 60 kg"
"ts_171_autogen_original","715","USA",NA,"unique_value_count_relative",0.603649404972731,0.280487804878049,0.0642539338556346,"global",8,"VS_WEIGHT_CAT=< 60 kg"
"ts_171_autogen_original","716_MISS_GLUC","USA",NA,"unique_value_count_relative",0.158741245012701,0.0840579710144927,0.00551370115574749,"global",24,"VS_WEIGHT_CAT=< 60 kg"
"ts_171_autogen_original","717","USA",NA,"unique_value_count_relative",1.01067608561113,0.388663967611336,0.172744352941906,"global",7,"VS_WEIGHT_CAT=< 60 kg"
"ts_171_autogen_original","718","USA",NA,"unique_value_count_relative",0.447671480595761,0.191828917969997,0.039901370867779,"global",13,"VS_WEIGHT_CAT=< 60 kg"
"ts_171_autogen_original","701_MISS_ALT","USA",NA,"autocorr",0.408794223428367,0.148631627161342,0.0348270707670336,"global",41,"VS_WEIGHT_CAT=< 60 kg"
"ts_171_autogen_original","702","USA",NA,"autocorr",0.010382035793722,0.51383399209486,0,"global",1,"VS_WEIGHT_CAT=< 60 kg"
"ts_171_autogen_original","703","USA",NA,"autocorr",0.379064116253009,0.206214689265537,0.0303129122489407,"global",18,"VS_WEIGHT_CAT=< 60 kg"
"ts_171_autogen_original","704_MISS_CREAT","USA",NA,"autocorr",0.56814723716829,0.202794759825327,0.0569491428379798,"global",25,"VS_WEIGHT_CAT=< 60 kg"
"ts_171_autogen_original","705","USA",NA,"autocorr",0.538479364637013,0.242647058823529,0.0536163789163827,"global",16,"VS_WEIGHT_CAT=< 60 kg"
"ts_171_autogen_original","706","USA",NA,"autocorr",0.403428398022009,0.478087649402391,0.0344086440751484,"global",3,"VS_WEIGHT_CAT=< 60 kg"
"ts_171_autogen_original","707","USA",NA,"autocorr",0.468701603763056,0.59126984126984,0.0438315434183114,"global",2,"VS_WEIGHT_CAT=< 60 kg"
"ts_171_autogen_original","708_MISS_CREAT","USA",NA,"autocorr",0.408734131738483,0.18235807860262,0.0348270707670336,"global",25,"VS_WEIGHT_CAT=< 60 kg"
"ts_171_autogen_original","709_MISS_GLUC","USA",NA,"autocorr",0.14354351403701,0.150010218679746,0.00348560596506643,"global",21,"VS_WEIGHT_CAT=< 60 kg"
"ts_171_autogen_original","710_MISS_ALT","USA",NA,"autocorr",1.07494704662318,0.234341096484883,0.187805360993318,"global",31,"VS_WEIGHT_CAT=< 60 kg"
"ts_171_autogen_original","711","USA",NA,"autocorr",0.137038952778218,0.316,0.00332195057350819,"global",4,"VS_WEIGHT_CAT=< 60 kg"
"ts_171_autogen_original","713","USA",NA,"autocorr",0.501729280865008,0.307482993197278,0.048101370081977,"global",9,"VS_WEIGHT_CAT=< 60 kg"
"ts_171_autogen_original","714","USA",NA,"autocorr",0.189594139304998,0.282258064516129,0.00927319979408806,"global",6,"VS_WEIGHT_CAT=< 60 kg"
"ts_171_autogen_original","715","USA",NA,"autocorr",0.233097935923092,0.260162601626017,0.0158563546609264,"global",8,"VS_WEIGHT_CAT=< 60 kg"
"ts_171_autogen_original","716_MISS_GLUC","USA",NA,"autocorr",0.3918517065778,0.183333333333334,0.0321794578294333,"global",24,"VS_WEIGHT_CAT=< 60 kg"
"ts_171_autogen_original","717","USA",NA,"autocorr",0.201135899039673,0.266049739733951,0.0118512406251106,"global",7,"VS_WEIGHT_CAT=< 60 kg"
"ts_171_autogen_original","718","USA",NA,"autocorr",0.261693965313927,0.214810086179381,0.0180230384442327,"global",13,"VS_WEIGHT_CAT=< 60 kg"
"ts_171_autogen_original","701_MISS_ALT","USA",NA,"average",1.97351432533808,0.269666781174853,0.571960732192829,"global",41,"VS_WEIGHT_CAT=< 60 kg"
"ts_171_autogen_original","702","USA",NA,"average",0.169305269712389,0.664031620553358,0.00696815215104743,"global",1,"VS_WEIGHT_CAT=< 60 kg"
"ts_171_autogen_original","703","USA",NA,"average",0.055067758198912,0.134651600753296,0,"global",18,"VS_WEIGHT_CAT=< 60 kg"
"ts_171_autogen_original","704_MISS_CREAT","USA",NA,"average",0.340030886478429,0.172751091703057,0.0266356290641359,"global",25,"VS_WEIGHT_CAT=< 60 kg"
"ts_171_autogen_original","705","USA",NA,"average",0.240462491505526,0.191176470588236,0.0162282125355365,"global",16,"VS_WEIGHT_CAT=< 60 kg"
"ts_171_autogen_original","706","USA",NA,"average",0.460157879410312,0.49800796812749,0.042917335107219,"global",3,"VS_WEIGHT_CAT=< 60 kg"
"ts_171_autogen_original","707","USA",NA,"average",0.136189158415943,0.436507936507935,0.00332195057350819,"global",2,"VS_WEIGHT_CAT=< 60 kg"
"ts_171_autogen_original","708_MISS_CREAT","USA",NA,"average",0.0254770844960142,0.104279475982533,0,"global",25,"VS_WEIGHT_CAT=< 60 kg"
"ts_171_autogen_original","709_MISS_GLUC","USA",NA,"average",0.152691782052511,0.152462701818925,0.00459272143644796,"global",21,"VS_WEIGHT_CAT=< 60 kg"
"ts_171_autogen_original","710_MISS_ALT","USA",NA,"average",0.60770255136018,0.189498047157529,0.0642539338556346,"global",31,"VS_WEIGHT_CAT=< 60 kg"
"ts_171_autogen_original","711","USA",NA,"average",0.234943867107296,0.36,0.0158563546609264,"global",4,"VS_WEIGHT_CAT=< 60 kg"
"ts_171_autogen_original","713","USA",NA,"average",0.33068879798895,0.270748299319727,0.0257595575184066,"global",9,"VS_WEIGHT_CAT=< 60 kg"
"ts_171_autogen_original","714","USA",NA,"average",0.327162246458355,0.323924731182795,0.0257595575184066,"global",6,"VS_WEIGHT_CAT=< 60 kg"
"ts_171_autogen_original","715","USA",NA,"average",0.0768149981192205,0.205284552845529,0,"global",8,"VS_WEIGHT_CAT=< 60 kg"
"ts_171_autogen_original","716_MISS_GLUC","USA",NA,"average",0.112026694311952,0.134782608695652,0.00188291489079041,"global",24,"VS_WEIGHT_CAT=< 60 kg"
"ts_171_autogen_original","717","USA",NA,"average",0.0995140117051269,0.229034123770967,0.00113196051351849,"global",7,"VS_WEIGHT_CAT=< 60 kg"
"ts_171_autogen_original","718","USA",NA,"average",0.475619759958796,0.255984679221194,0.044769482139274,"global",13,"VS_WEIGHT_CAT=< 60 kg"
"ts_171_autogen_original","701_MISS_ALT","USA",NA,"lof",0.258480451577625,0.13053933356235,0.0180230384442327,"global",41,"VS_WEIGHT_CAT=< 60 kg"
"ts_171_autogen_original","702","USA",NA,"lof",0.00689370794790044,0.5098814229249,0,"global",1,"VS_WEIGHT_CAT=< 60 kg"
"ts_171_autogen_original","703","USA",NA,"lof",0.488550449908681,0.22316384180791,0.0474698061603835,"global",18,"VS_WEIGHT_CAT=< 60 kg"
"ts_171_autogen_original","704_MISS_CREAT","USA",NA,"lof",0.111833236677459,0.132227074235807,0.00178767318869759,"global",25,"VS_WEIGHT_CAT=< 60 kg"
"ts_171_autogen_original","705","USA",NA,"lof",0.063122959249534,0.144957983193277,0,"global",16,"VS_WEIGHT_CAT=< 60 kg"
"ts_171_autogen_original","706","USA",NA,"lof",0.812624138286743,0.597609561752988,0.109141256940446,"global",3,"VS_WEIGHT_CAT=< 60 kg"
"ts_171_autogen_original","707","USA",NA,"lof",0.436073988704201,0.575396825396826,0.0396215755150615,"global",2,"VS_WEIGHT_CAT=< 60 kg"
"ts_171_autogen_original","708_MISS_CREAT","USA",NA,"lof",0.819628996471557,0.231091703056769,0.110193245368004,"global",25,"VS_WEIGHT_CAT=< 60 kg"
"ts_171_autogen_original","709_MISS_GLUC","USA",NA,"lof",0.217636134364947,0.165542611894543,0.0137297689802274,"global",21,"VS_WEIGHT_CAT=< 60 kg"
"ts_171_autogen_original","710_MISS_ALT","USA",NA,"lof",0.46291560828912,0.173152032402719,0.043144280821868,"global",31,"VS_WEIGHT_CAT=< 60 kg"
"ts_171_autogen_original","711","USA",NA,"lof",0.29990349109177,0.384,0.0216353356058599,"global",4,"VS_WEIGHT_CAT=< 60 kg"
"ts_171_autogen_original","713","USA",NA,"lof",0.0541266991807543,0.183219954648526,0,"global",9,"VS_WEIGHT_CAT=< 60 kg"
"ts_171_autogen_original","714","USA",NA,"lof",0.162949509947762,0.272849462365591,0.00599548150165794,"global",6,"VS_WEIGHT_CAT=< 60 kg"
"ts_171_autogen_original","715","USA",NA,"lof",1.29315716197564,0.460365853658538,0.256791411051668,"global",8,"VS_WEIGHT_CAT=< 60 kg"
"ts_171_autogen_original","716_MISS_GLUC","USA",NA,"lof",0.341624997102345,0.176086956521739,0.0272715884330714,"global",24,"VS_WEIGHT_CAT=< 60 kg"
"ts_171_autogen_original","717","USA",NA,"lof",0.410115772002728,0.323886639676113,0.0351122573463744,"global",7,"VS_WEIGHT_CAT=< 60 kg"
"ts_171_autogen_original","718","USA",NA,"lof",0.390161189748803,0.240344717523141,0.0317704115165851,"global",13,"VS_WEIGHT_CAT=< 60 kg"
"ts_171_autogen_original","701_MISS_ALT","USA",NA,"own_site_simil_score",23.0496681574238,0.804878048780491,20.1390691595303,"global",41,"VS_WEIGHT_CAT=< 60 kg"
"ts_171_autogen_original","703","USA",NA,"own_site_simil_score",1.03177945079363,0.25531914893617,0.175902915313028,"global",18,"VS_WEIGHT_CAT=< 60 kg"
"ts_171_autogen_original","704_MISS_CREAT","USA",NA,"own_site_simil_score",1.96094396657679,0.30701754385965,0.570708925002225,"global",25,"VS_WEIGHT_CAT=< 60 kg"
"ts_171_autogen_original","705","USA",NA,"own_site_simil_score",0.535063392974371,0.19198312236287,0.0525096332519319,"global",16,"VS_WEIGHT_CAT=< 60 kg"
"ts_171_autogen_original","706","USA",NA,"own_site_simil_score",0.479101243814497,0.382666666666667,0.0447954842184882,"global",3,"VS_WEIGHT_CAT=< 60 kg"
"ts_171_autogen_original","707","USA",NA,"own_site_simil_score",0.00173365831443296,0.00398406374501992,0,"global",2,"VS_WEIGHT_CAT=< 60 kg"
"ts_171_autogen_original","708_MISS_CREAT","USA",NA,"own_site_simil_score",2.01711843367972,0.31140350877193,0.599213322327432,"global",25,"VS_WEIGHT_CAT=< 60 kg"
"ts_171_autogen_original","709_MISS_GLUC","USA",NA,"own_site_simil_score",1.65624822640535,0.304597701149425,0.418909382241197,"global",21,"VS_WEIGHT_CAT=< 60 kg"
"ts_171_autogen_original","710_MISS_ALT","USA",NA,"own_site_simil_score",3.05197980913972,0.349462365591399,1.37425596509067,"global",31,"VS_WEIGHT_CAT=< 60 kg"
"ts_171_autogen_original","711","USA",NA,"own_site_simil_score",0.72918810260085,0.424698795180722,0.0878796189681445,"global",4,"VS_WEIGHT_CAT=< 60 kg"
"ts_171_autogen_original","713","USA",NA,"own_site_simil_score",0.691114040762198,0.285063752276868,0.0802779068812992,"global",9,"VS_WEIGHT_CAT=< 60 kg"
"ts_171_autogen_original","714","USA",NA,"own_site_simil_score",1.6458460965639,0.533063427800269,0.414328736956956,"global",6,"VS_WEIGHT_CAT=< 60 kg"
"ts_171_autogen_original","715","USA",NA,"own_site_simil_score",1.92332867255154,0.505102040816326,0.553833240044635,"global",8,"VS_WEIGHT_CAT=< 60 kg"
"ts_171_autogen_original","716_MISS_GLUC","USA",NA,"own_site_simil_score",3.17977603203848,0.397379912663756,1.47971211840362,"global",24,"VS_WEIGHT_CAT=< 60 kg"
"ts_171_autogen_original","717","USA",NA,"own_site_simil_score",0.286070461291307,0.199186991869919,0.0193649218462703,"global",7,"VS_WEIGHT_CAT=< 60 kg"
"ts_171_autogen_original","718","USA",NA,"own_site_simil_score",1.1835213320777,0.317628205128205,0.224145311675031,"global",13,"VS_WEIGHT_CAT=< 60 kg"
"ts_172_autogen_original","701_MISS_ALT","USA",NA,"range",0.0373475075184133,0.0896599106836137,0,"global",41,"VS_WEIGHT_CAT=>= 100 kg"
"ts_172_autogen_original","702","USA",NA,"range",0.117031986689712,0.620553359683795,0.00241230830865365,"global",1,"VS_WEIGHT_CAT=>= 100 kg"
"ts_172_autogen_original","703","USA",NA,"range",1.39985721570322,0.330037664783427,0.306288140647463,"global",18,"VS_WEIGHT_CAT=>= 100 kg"
"ts_172_autogen_original","704_MISS_CREAT","USA",NA,"range",1.23204967333295,0.271091703056768,0.238179877033513,"global",25,"VS_WEIGHT_CAT=>= 100 kg"
"ts_172_autogen_original","705","USA",NA,"range",0.418224924302747,0.223739495798319,0.0372439476099726,"global",16,"VS_WEIGHT_CAT=>= 100 kg"
"ts_172_autogen_original","706","USA",NA,"range",0.135267160085197,0.351925630810093,0.00332195057350819,"global",3,"VS_WEIGHT_CAT=>= 100 kg"
"ts_172_autogen_original","707","USA",NA,"range",0.0741152370986064,0.392857142857141,0,"global",2,"VS_WEIGHT_CAT=>= 100 kg"
"ts_172_autogen_original","708_MISS_CREAT","USA",NA,"range",0.0769691546070594,0.123318777292577,0,"global",25,"VS_WEIGHT_CAT=>= 100 kg"
"ts_172_autogen_original","709_MISS_GLUC","USA",NA,"range",0.228487183191141,0.167177600653996,0.0151186484294159,"global",21,"VS_WEIGHT_CAT=>= 100 kg"
"ts_172_autogen_original","710_MISS_ALT","USA",NA,"range",0.270429181010003,0.147837407782439,0.0187947600197699,"global",31,"VS_WEIGHT_CAT=>= 100 kg"
"ts_172_autogen_original","711","USA",NA,"range",0.0889447052942358,0.288000000000001,0.000108704890852579,"global",4,"VS_WEIGHT_CAT=>= 100 kg"
"ts_172_autogen_original","713","USA",NA,"range",0.266321334054242,0.255328798185941,0.0187947600197699,"global",9,"VS_WEIGHT_CAT=>= 100 kg"
"ts_172_autogen_original","714","USA",NA,"range",0.737752456033139,0.423387096774193,0.0911951710286603,"global",6,"VS_WEIGHT_CAT=>= 100 kg"
"ts_172_autogen_original","715","USA",NA,"range",0.0550791336291394,0.194105691056911,0,"global",8,"VS_WEIGHT_CAT=>= 100 kg"
"ts_172_autogen_original","716_MISS_GLUC","USA",NA,"range",0.0756867637887368,0.12536231884058,0,"global",24,"VS_WEIGHT_CAT=>= 100 kg"
"ts_172_autogen_original","717","USA",NA,"range",0.371650312307464,0.314632735685367,0.029340643165178,"global",7,"VS_WEIGHT_CAT=>= 100 kg"
"ts_172_autogen_original","718","USA",NA,"range",0.529234589060319,0.264921800191511,0.0513864651194795,"global",13,"VS_WEIGHT_CAT=>= 100 kg"
"ts_172_autogen_original","701_MISS_ALT","USA",NA,"sd",0.394057737092265,0.146914004351311,0.0324268174729729,"global",41,"VS_WEIGHT_CAT=>= 100 kg"
"ts_172_autogen_original","702","USA",NA,"sd",0.304463171502375,0.75494071146245,0.0219632516912653,"global",1,"VS_WEIGHT_CAT=>= 100 kg"
"ts_172_autogen_original","703","USA",NA,"sd",0.844318469841336,0.270244821092278,0.115699095753421,"global",18,"VS_WEIGHT_CAT=>= 100 kg"
"ts_172_autogen_original","704_MISS_CREAT","USA",NA,"sd",0.188809409925712,0.148122270742358,0.0091159361199191,"global",25,"VS_WEIGHT_CAT=>= 100 kg"
"ts_172_autogen_original","705","USA",NA,"sd",0.0484722924014422,0.139180672268908,0,"global",16,"VS_WEIGHT_CAT=>= 100 kg"
"ts_172_autogen_original","706","USA",NA,"sd",0.0197599323621684,0.265604249667994,0,"global",3,"VS_WEIGHT_CAT=>= 100 kg"
"ts_172_autogen_original","707","USA",NA,"sd",1.00286135945308,0.781746031746029,0.169149269375123,"global",2,"VS_WEIGHT_CAT=>= 100 kg"
"ts_172_autogen_original","708_MISS_CREAT","USA",NA,"sd",0.0893289917131792,0.126637554585153,0.000130500372933727,"global",25,"VS_WEIGHT_CAT=>= 100 kg"
"ts_172_autogen_original","709_MISS_GLUC","USA",NA,"sd",0.047297437249682,0.122828530553852,0,"global",21,"VS_WEIGHT_CAT=>= 100 kg"
"ts_172_autogen_original","710_MISS_ALT","USA",NA,"sd",0.430528156896635,0.169101692463475,0.0391151550292751,"global",31,"VS_WEIGHT_CAT=>= 100 kg"
"ts_172_autogen_original","711","USA",NA,"sd",0.169427592991052,0.332,0.00696815215104743,"global",4,"VS_WEIGHT_CAT=>= 100 kg"
"ts_172_autogen_original","713","USA",NA,"sd",0.233025708213023,0.24625850340136,0.0158563546609264,"global",9,"VS_WEIGHT_CAT=>= 100 kg"
"ts_172_autogen_original","714","USA",NA,"sd",0.0259422473142316,0.197580645161291,0,"global",6,"VS_WEIGHT_CAT=>= 100 kg"
"ts_172_autogen_original","715","USA",NA,"sd",0.0831169504626205,0.208333333333333,0,"global",8,"VS_WEIGHT_CAT=>= 100 kg"
"ts_172_autogen_original","716_MISS_GLUC","USA",NA,"sd",0.0408852024899146,0.113405797101449,0,"global",24,"VS_WEIGHT_CAT=>= 100 kg"
"ts_172_autogen_original","717","USA",NA,"sd",0.942321276049603,0.432041642567958,0.14594191528267,"global",7,"VS_WEIGHT_CAT=>= 100 kg"
"ts_172_autogen_original","718","USA",NA,"sd",0.472931782813746,0.255027130545803,0.0443600775918962,"global",13,"VS_WEIGHT_CAT=>= 100 kg"
"ts_172_autogen_original","701_MISS_ALT","USA",NA,"unique_value_count_relative",0.37512873553426,0.106836138783923,0.0297026618787467,"global",41,"VS_WEIGHT_CAT=>= 100 kg"
"ts_172_autogen_original","702","USA",NA,"unique_value_count_relative",2.40483371661994,1,0.881285384968408,"global",1,"VS_WEIGHT_CAT=>= 100 kg"
"ts_172_autogen_original","703","USA",NA,"unique_value_count_relative",0.673383759516824,0.205743879472693,0.0767192973345316,"global",18,"VS_WEIGHT_CAT=>= 100 kg"
"ts_172_autogen_original","704_MISS_CREAT","USA",NA,"unique_value_count_relative",0.313073810031515,0.118951965065502,0.0237540628356482,"global",25,"VS_WEIGHT_CAT=>= 100 kg"
"ts_172_autogen_original","705","USA",NA,"unique_value_count_relative",0.0177028872406392,0.0257352941176464,0,"global",16,"VS_WEIGHT_CAT=>= 100 kg"
"ts_172_autogen_original","706","USA",NA,"unique_value_count_relative",0.511339185433369,0.398406374501992,0.0499822263486836,"global",3,"VS_WEIGHT_CAT=>= 100 kg"
"ts_172_autogen_original","707","USA",NA,"unique_value_count_relative",0.0567213378107446,0.111111111111113,0,"global",2,"VS_WEIGHT_CAT=>= 100 kg"
"ts_172_autogen_original","708_MISS_CREAT","USA",NA,"unique_value_count_relative",1.69451756488837,0.285414847161572,0.436777270870573,"global",25,"VS_WEIGHT_CAT=>= 100 kg"
"ts_172_autogen_original","709_MISS_GLUC","USA",NA,"unique_value_count_relative",0.210778389907908,0.103617412630288,0.0127786261003676,"global",21,"VS_WEIGHT_CAT=>= 100 kg"
"ts_172_autogen_original","710_MISS_ALT","USA",NA,"unique_value_count_relative",0.0878093591245024,0.054534934181976,0,"global",31,"VS_WEIGHT_CAT=>= 100 kg"
"ts_172_autogen_original","711","USA",NA,"unique_value_count_relative",0.562156751505621,0.372,0.0557099665957777,"global",4,"VS_WEIGHT_CAT=>= 100 kg"
"ts_172_autogen_original","713","USA",NA,"unique_value_count_relative",0.114308655299939,0.106122448979593,0.00228520216212808,"global",9,"VS_WEIGHT_CAT=>= 100 kg"
"ts_172_autogen_original","714","USA",NA,"unique_value_count_relative",0.0141860019858408,0.0282258064516137,0,"global",6,"VS_WEIGHT_CAT=>= 100 kg"
"ts_172_autogen_original","715","USA",NA,"unique_value_count_relative",1.37625174697831,0.427845528455284,0.295721798734008,"global",8,"VS_WEIGHT_CAT=>= 100 kg"
"ts_172_autogen_original","716_MISS_GLUC","USA",NA,"unique_value_count_relative",0.0647880302664351,0.0510869565217391,0,"global",24,"VS_WEIGHT_CAT=>= 100 kg"
"ts_172_autogen_original","717","USA",NA,"unique_value_count_relative",0.263770210788583,0.190283400809717,0.0182505715710939,"global",7,"VS_WEIGHT_CAT=>= 100 kg"
"ts_172_autogen_original","718","USA",NA,"unique_value_count_relative",0.860976417195382,0.269709543568464,0.121002207120708,"global",13,"VS_WEIGHT_CAT=>= 100 kg"
"ts_172_autogen_original","701_MISS_ALT","USA",NA,"autocorr",0.0350201733530552,0.0888583533722659,0,"global",41,"VS_WEIGHT_CAT=>= 100 kg"
"ts_172_autogen_original","702","USA",NA,"autocorr",0.781584426222039,0.920948616600787,0.101920681764304,"global",1,"VS_WEIGHT_CAT=>= 100 kg"
"ts_172_autogen_original","703","USA",NA,"autocorr",0.424760274402905,0.213276836158192,0.0377716291581111,"global",18,"VS_WEIGHT_CAT=>= 100 kg"
"ts_172_autogen_original","704_MISS_CREAT","USA",NA,"autocorr",0.254972588879282,0.159650655021834,0.0179321376029089,"global",25,"VS_WEIGHT_CAT=>= 100 kg"
"ts_172_autogen_original","705","USA",NA,"autocorr",2.50689843410286,0.446428571428571,0.95892550311991,"global",16,"VS_WEIGHT_CAT=>= 100 kg"
"ts_172_autogen_original","706","USA",NA,"autocorr",0.932061029325099,0.625498007968128,0.143718583619716,"global",3,"VS_WEIGHT_CAT=>= 100 kg"
"ts_172_autogen_original","707","USA",NA,"autocorr",0.0696494447216514,0.388888888888888,0,"global",2,"VS_WEIGHT_CAT=>= 100 kg"
"ts_172_autogen_original","708_MISS_CREAT","USA",NA,"autocorr",0.893901425138916,0.238951965065502,0.131451379106421,"global",25,"VS_WEIGHT_CAT=>= 100 kg"
"ts_172_autogen_original","709_MISS_GLUC","USA",NA,"autocorr",0.672711536340713,0.231964030247293,0.0767192973345316,"global",21,"VS_WEIGHT_CAT=>= 100 kg"
"ts_172_autogen_original","710_MISS_ALT","USA",NA,"autocorr",0.508091252791911,0.178214957326776,0.0493492959198469,"global",31,"VS_WEIGHT_CAT=>= 100 kg"
"ts_172_autogen_original","711","USA",NA,"autocorr",0.255721913367688,0.368,0.0180230384442327,"global",4,"VS_WEIGHT_CAT=>= 100 kg"
"ts_172_autogen_original","713","USA",NA,"autocorr",0.593478720465796,0.32562358276644,0.0624379556211536,"global",9,"VS_WEIGHT_CAT=>= 100 kg"
"ts_172_autogen_original","714","USA",NA,"autocorr",0.0342340498189912,0.205645161290323,0,"global",6,"VS_WEIGHT_CAT=>= 100 kg"
"ts_172_autogen_original","715","USA",NA,"autocorr",0.112581131307974,0.220528455284553,0.00204426589053558,"global",8,"VS_WEIGHT_CAT=>= 100 kg"
"ts_172_autogen_original","716_MISS_GLUC","USA",NA,"autocorr",0.130962646413566,0.139130434782609,0.00332195057350819,"global",24,"VS_WEIGHT_CAT=>= 100 kg"
"ts_172_autogen_original","717","USA",NA,"autocorr",0.331097760961234,0.303643724696356,0.0257595575184066,"global",7,"VS_WEIGHT_CAT=>= 100 kg"
"ts_172_autogen_original","718","USA",NA,"autocorr",0.0703951276300719,0.161825726141079,0,"global",13,"VS_WEIGHT_CAT=>= 100 kg"
"ts_172_autogen_original","701_MISS_ALT","USA",NA,"average",0.0640828882828006,0.0974464674224205,0,"global",41,"VS_WEIGHT_CAT=>= 100 kg"
"ts_172_autogen_original","702","USA",NA,"average",0.957675685277719,0.94861660079051,0.153250029359114,"global",1,"VS_WEIGHT_CAT=>= 100 kg"
"ts_172_autogen_original","703","USA",NA,"average",0.149850905730571,0.162429378531073,0.00413935720230368,"global",18,"VS_WEIGHT_CAT=>= 100 kg"
"ts_172_autogen_original","704_MISS_CREAT","USA",NA,"average",0.557967883030327,0.20174672489083,0.0547696314955844,"global",25,"VS_WEIGHT_CAT=>= 100 kg"
"ts_172_autogen_original","705","USA",NA,"average",0.298191215870336,0.202731092436975,0.0213491454913014,"global",16,"VS_WEIGHT_CAT=>= 100 kg"
"ts_172_autogen_original","706","USA",NA,"average",1.61816992203575,0.776892430278885,0.401548982920824,"global",3,"VS_WEIGHT_CAT=>= 100 kg"
"ts_172_autogen_original","707","USA",NA,"average",1.10038406169782,0.805555555555556,0.198140551495813,"global",2,"VS_WEIGHT_CAT=>= 100 kg"
"ts_172_autogen_original","708_MISS_CREAT","USA",NA,"average",0.265061156351534,0.161222707423581,0.018262523461026,"global",25,"VS_WEIGHT_CAT=>= 100 kg"
"ts_172_autogen_original","709_MISS_GLUC","USA",NA,"average",0.440858894699693,0.201307991007562,0.039901370867779,"global",21,"VS_WEIGHT_CAT=>= 100 kg"
"ts_172_autogen_original","710_MISS_ALT","USA",NA,"average",0.00687897958925715,0.0821640387675393,0,"global",31,"VS_WEIGHT_CAT=>= 100 kg"
"ts_172_autogen_original","711","USA",NA,"average",0.241792265460572,0.362,0.0162282125355365,"global",4,"VS_WEIGHT_CAT=>= 100 kg"
"ts_172_autogen_original","713","USA",NA,"average",0.723393294965472,0.349206349206349,0.0850780461582008,"global",9,"VS_WEIGHT_CAT=>= 100 kg"
"ts_172_autogen_original","714","USA",NA,"average",0.327162246458355,0.323924731182795,0.0257595575184066,"global",6,"VS_WEIGHT_CAT=>= 100 kg"
"ts_172_autogen_original","715","USA",NA,"average",0.514453049803004,0.327235772357724,0.0499822263486836,"global",8,"VS_WEIGHT_CAT=>= 100 kg"
"ts_172_autogen_original","716_MISS_GLUC","USA",NA,"average",0.0771833602658107,0.125724637681159,0,"global",24,"VS_WEIGHT_CAT=>= 100 kg"
"ts_172_autogen_original","717","USA",NA,"average",0.24075667306139,0.278195488721804,0.0162282125355365,"global",7,"VS_WEIGHT_CAT=>= 100 kg"
"ts_172_autogen_original","718","USA",NA,"average",0.340226801034831,0.231088413661028,0.0266356290641359,"global",13,"VS_WEIGHT_CAT=>= 100 kg"
"ts_172_autogen_original","701_MISS_ALT","USA",NA,"lof",0.187753217530975,0.120577121264171,0.00892688457845432,"global",41,"VS_WEIGHT_CAT=>= 100 kg"
"ts_172_autogen_original","702","USA",NA,"lof",0.18998986857224,0.679841897233202,0.00933904560619391,"global",1,"VS_WEIGHT_CAT=>= 100 kg"
"ts_172_autogen_original","703","USA",NA,"lof",0.665193798542993,0.247645951035782,0.0748025473424788,"global",18,"VS_WEIGHT_CAT=>= 100 kg"
"ts_172_autogen_original","704_MISS_CREAT","USA",NA,"lof",0.0178094488879297,0.0997379912663759,0,"global",25,"VS_WEIGHT_CAT=>= 100 kg"
"ts_172_autogen_original","705","USA",NA,"lof",0.364430760659194,0.214810924369748,0.029340643165178,"global",16,"VS_WEIGHT_CAT=>= 100 kg"
"ts_172_autogen_original","706","USA",NA,"lof",0.224753303969359,0.402390438247012,0.0145283253634605,"global",3,"VS_WEIGHT_CAT=>= 100 kg"
"ts_172_autogen_original","707","USA",NA,"lof",0.230324588574131,0.48015873015873,0.0155270628468265,"global",2,"VS_WEIGHT_CAT=>= 100 kg"
"ts_172_autogen_original","708_MISS_CREAT","USA",NA,"lof",1.10751292211271,0.259912663755459,0.200005001196413,"global",25,"VS_WEIGHT_CAT=>= 100 kg"
"ts_172_autogen_original","709_MISS_GLUC","USA",NA,"lof",0.776787072137459,0.244430819538116,0.0999092173286093,"global",21,"VS_WEIGHT_CAT=>= 100 kg"
"ts_172_autogen_original","710_MISS_ALT","USA",NA,"lof",0.00715026582103324,0.08259800376103,0,"global",31,"VS_WEIGHT_CAT=>= 100 kg"
"ts_172_autogen_original","711","USA",NA,"lof",0.0396466350840826,0.250000000000001,0,"global",4,"VS_WEIGHT_CAT=>= 100 kg"
"ts_172_autogen_original","713","USA",NA,"lof",0.189952629540365,0.234013605442177,0.00933904560619391,"global",9,"VS_WEIGHT_CAT=>= 100 kg"
"ts_172_autogen_original","714","USA",NA,"lof",0.746164098942889,0.424731182795699,0.0922059454181504,"global",6,"VS_WEIGHT_CAT=>= 100 kg"
"ts_172_autogen_original","715","USA",NA,"lof",0.223978775629938,0.257113821138211,0.0143801853732146,"global",8,"VS_WEIGHT_CAT=>= 100 kg"
"ts_172_autogen_original","716_MISS_GLUC","USA",NA,"lof",0.232458103104802,0.158695652173913,0.0158563546609264,"global",24,"VS_WEIGHT_CAT=>= 100 kg"
"ts_172_autogen_original","717","USA",NA,"lof",0.751502698653865,0.396761133603239,0.0938650486581982,"global",7,"VS_WEIGHT_CAT=>= 100 kg"
"ts_172_autogen_original","718","USA",NA,"lof",0.257540873685111,0.213533354612193,0.0180230384442327,"global",13,"VS_WEIGHT_CAT=>= 100 kg"
"ts_172_autogen_original","701_MISS_ALT","USA",NA,"own_site_simil_score",0.183256319579616,0.0731707317073214,0.00828241527458444,"global",41,"VS_WEIGHT_CAT=>= 100 kg"
"ts_172_autogen_original","703","USA",NA,"own_site_simil_score",0.428480542602317,0.161702127659575,0.0389465177790917,"global",18,"VS_WEIGHT_CAT=>= 100 kg"
"ts_172_autogen_original","704_MISS_CREAT","USA",NA,"own_site_simil_score",19.938773064561,0.885964912280704,17.1683527698326,"global",25,"VS_WEIGHT_CAT=>= 100 kg"
"ts_172_autogen_original","705","USA",NA,"own_site_simil_score",4.9793562381147,0.586497890295358,3.02983917419089,"global",16,"VS_WEIGHT_CAT=>= 100 kg"
"ts_172_autogen_original","706","USA",NA,"own_site_simil_score",0.427795967833819,0.356,0.0385237250351092,"global",3,"VS_WEIGHT_CAT=>= 100 kg"
"ts_172_autogen_original","707","USA",NA,"own_site_simil_score",0.270799830944918,0.346613545816733,0.0187947600197699,"global",2,"VS_WEIGHT_CAT=>= 100 kg"
"ts_172_autogen_original","708_MISS_CREAT","USA",NA,"own_site_simil_score",19.3657799615492,0.877192982456143,16.6100829236415,"global",25,"VS_WEIGHT_CAT=>= 100 kg"
"ts_172_autogen_original","709_MISS_GLUC","USA",NA,"own_site_simil_score",8.52389370626721,0.66810344827586,6.31638127890462,"global",21,"VS_WEIGHT_CAT=>= 100 kg"
"ts_172_autogen_original","710_MISS_ALT","USA",NA,"own_site_simil_score",1.53572083597282,0.247747747747748,0.358349927716492,"global",31,"VS_WEIGHT_CAT=>= 100 kg"
"ts_172_autogen_original","711","USA",NA,"own_site_simil_score",0.557467045023932,0.369477911646586,0.0547530774386631,"global",4,"VS_WEIGHT_CAT=>= 100 kg"
"ts_172_autogen_original","713","USA",NA,"own_site_simil_score",1.93656483561499,0.479508196721312,0.559870987229931,"global",9,"VS_WEIGHT_CAT=>= 100 kg"
"ts_172_autogen_original","714","USA",NA,"own_site_simil_score",0.881043743059608,0.388663967611336,0.126214426683137,"global",6,"VS_WEIGHT_CAT=>= 100 kg"
"ts_172_autogen_original","715","USA",NA,"own_site_simil_score",1.48808045963017,0.444897959183673,0.339853053205696,"global",8,"VS_WEIGHT_CAT=>= 100 kg"
"ts_172_autogen_original","716_MISS_GLUC","USA",NA,"own_site_simil_score",13.236169633325,0.768558951965067,10.7193546843324,"global",24,"VS_WEIGHT_CAT=>= 100 kg"
"ts_172_autogen_original","717","USA",NA,"own_site_simil_score",1.1514789370541,0.414634146341464,0.210657588831491,"global",7,"VS_WEIGHT_CAT=>= 100 kg"
"ts_172_autogen_original","718","USA",NA,"own_site_simil_score",3.25301865914914,0.524999999999999,1.53864148955998,"global",13,"VS_WEIGHT_CAT=>= 100 kg"
